gene_id,set,n,n_genomes,n_genes,frac_genes,ecosystem_type,category
K00390,Anaerobic_Digestors,16,726,25541,6.264437570964331e-4,host-associated,metabolic_enzyme
K00390,ARDEC_agriculture,0,257,10532,0,terrestrial,metabolic_enzyme
K00390,Columbia_River,0,182,6029,0,surface aquatic,metabolic_enzyme
K00390,CT_feces,12,397,15408,7.78816199376947e-4,host-associated,metabolic_enzyme
K00390,CT_soil,10,292,10236,9.769441187964048e-4,terrestrial,metabolic_enzyme
K00390,East_River,0,150,5444,0,surface aquatic,metabolic_enzyme
K00390,Fire_soils,0,1777,79184,0,terrestrial,metabolic_enzyme
K00390,Frac_DJ_basin,86,4583,119496,7.196893619870121e-4,subsurface aquatic,metabolic_enzyme
K00390,Frack_STACK,4,1241,60475,6.614303431169905e-5,subsurface aquatic,metabolic_enzyme
K00390,Fractured_shale,36,5411,192954,1.8657296557728786e-4,subsurface aquatic,metabolic_enzyme
K00390,Human_Microbiome_Project,94,2846,100581,9.345701474433541e-4,host-associated,metabolic_enzyme
K00390,Huttenhower,382,13436,554426,6.890008765822671e-4,host-associated,metabolic_enzyme
K00390,Lake_Yojoa,0,271,7327,0,surface aquatic,metabolic_enzyme
K00390,Methylamines,212,8303,329925,6.42570281124498e-4,host-associated,metabolic_enzyme
K00390,Moose_rumen,24,870,39886,6.017148874291732e-4,host-associated,metabolic_enzyme
K00390,Ohio_groundwater,2,251,10810,1.8501387604070305e-4,subsurface aquatic,metabolic_enzyme
K00390,OWC_wetlands,24,358,13786,0.0017408965617292905,surface aquatic,metabolic_enzyme
K00390,Prado_wetlands,4,1170,37517,1.066183330223632e-4,surface aquatic,metabolic_enzyme
K00390,Prairie_potholes,4,1480,49964,8.005764150188136e-5,surface aquatic,metabolic_enzyme
K00390,Salmonella_chow,16,677,24382,6.562218029694037e-4,host-associated,metabolic_enzyme
K00390,Salmonella_HFD,82,3459,129483,6.332877675061591e-4,host-associated,metabolic_enzyme
K00390,Stordalen_mire,8,1867,66646,1.2003721153557603e-4,terrestrial,metabolic_enzyme
K00640,Anaerobic_Digestors,30,726,25541,0.0011745820445558121,host-associated,metabolic_enzyme
K00640,ARDEC_agriculture,0,257,10532,0,terrestrial,metabolic_enzyme
K00640,Columbia_River,0,182,6029,0,surface aquatic,metabolic_enzyme
K00640,CT_feces,2,397,15408,1.2980269989615784e-4,host-associated,metabolic_enzyme
K00640,CT_soil,4,292,10236,3.9077764751856197e-4,terrestrial,metabolic_enzyme
K00640,East_River,0,150,5444,0,surface aquatic,metabolic_enzyme
K00640,Fire_soils,0,1777,79184,0,terrestrial,metabolic_enzyme
K00640,Frac_DJ_basin,0,4583,119496,0,subsurface aquatic,metabolic_enzyme
K00640,Frack_STACK,0,1241,60475,0,subsurface aquatic,metabolic_enzyme
K00640,Fractured_shale,0,5411,192954,0,subsurface aquatic,metabolic_enzyme
K00640,Human_Microbiome_Project,2,2846,100581,1.9884471222199022e-5,host-associated,metabolic_enzyme
K00640,Huttenhower,44,13436,554426,7.93613575120936e-5,host-associated,metabolic_enzyme
K00640,Lake_Yojoa,0,271,7327,0,surface aquatic,metabolic_enzyme
K00640,Methylamines,22,8303,329925,6.668182162612715e-5,host-associated,metabolic_enzyme
K00640,Moose_rumen,0,870,39886,0,host-associated,metabolic_enzyme
K00640,Ohio_groundwater,0,251,10810,0,subsurface aquatic,metabolic_enzyme
K00640,OWC_wetlands,0,358,13786,0,surface aquatic,metabolic_enzyme
K00640,Prado_wetlands,2,1170,37517,5.33091665111816e-5,surface aquatic,metabolic_enzyme
K00640,Prairie_potholes,2,1480,49964,4.002882075094068e-5,surface aquatic,metabolic_enzyme
K00640,Salmonella_chow,4,677,24382,1.6405545074235091e-4,host-associated,metabolic_enzyme
K00640,Salmonella_HFD,14,3459,129483,1.0812230176934423e-4,host-associated,metabolic_enzyme
K00640,Stordalen_mire,0,1867,66646,0,terrestrial,metabolic_enzyme
K01356,Anaerobic_Digestors,5,726,25541,1.9576367409263536e-4,host-associated,regulation
K01356,ARDEC_agriculture,0,257,10532,0,terrestrial,regulation
K01356,Columbia_River,0,182,6029,0,surface aquatic,regulation
K01356,CT_feces,1,397,15408,6.490134994807892e-5,host-associated,regulation
K01356,CT_soil,0,292,10236,0,terrestrial,regulation
K01356,East_River,0,150,5444,0,surface aquatic,regulation
K01356,Fire_soils,0,1777,79184,0,terrestrial,regulation
K01356,Frac_DJ_basin,13,4583,119496,1.0879025239338555e-4,subsurface aquatic,regulation
K01356,Frack_STACK,3,1241,60475,4.960727573377429e-5,subsurface aquatic,regulation
K01356,Fractured_shale,18,5411,192954,9.328648278864393e-5,subsurface aquatic,regulation
K01356,Human_Microbiome_Project,11,2846,100581,1.0936459172209463e-4,host-associated,regulation
K01356,Huttenhower,93,13436,554426,1.6774105110510691e-4,host-associated,regulation
K01356,Lake_Yojoa,0,271,7327,0,surface aquatic,regulation
K01356,Methylamines,31,8303,329925,9.396074865499735e-5,host-associated,regulation
K01356,Moose_rumen,5,870,39886,1.2535726821441106e-4,host-associated,regulation
K01356,Ohio_groundwater,1,251,10810,9.250693802035152e-5,subsurface aquatic,regulation
K01356,OWC_wetlands,13,358,13786,9.429856376033657e-4,surface aquatic,regulation
K01356,Prado_wetlands,3,1170,37517,7.99637497667724e-5,surface aquatic,regulation
K01356,Prairie_potholes,0,1480,49964,0,surface aquatic,regulation
K01356,Salmonella_chow,0,677,24382,0,host-associated,regulation
K01356,Salmonella_HFD,7,3459,129483,5.4061150884672117e-5,host-associated,regulation
K01356,Stordalen_mire,4,1867,66646,6.0018605767788016e-5,terrestrial,regulation
K01449,Anaerobic_Digestors,5,726,25541,1.9576367409263536e-4,host-associated,cell_wall
K01449,ARDEC_agriculture,1,257,10532,9.494872768704899e-5,terrestrial,cell_wall
K01449,Columbia_River,0,182,6029,0,surface aquatic,cell_wall
K01449,CT_feces,6,397,15408,3.894080996884735e-4,host-associated,cell_wall
K01449,CT_soil,0,292,10236,0,terrestrial,cell_wall
K01449,East_River,0,150,5444,0,surface aquatic,cell_wall
K01449,Fire_soils,0,1777,79184,0,terrestrial,cell_wall
K01449,Frac_DJ_basin,11,4583,119496,9.205329048671085e-5,subsurface aquatic,cell_wall
K01449,Frack_STACK,6,1241,60475,9.921455146754858e-5,subsurface aquatic,cell_wall
K01449,Fractured_shale,9,5411,192954,4.6643241394321965e-5,subsurface aquatic,cell_wall
K01449,Human_Microbiome_Project,72,2846,100581,7.158409639991648e-4,host-associated,cell_wall
K01449,Huttenhower,422,13436,554426,7.611475652296249e-4,host-associated,cell_wall
K01449,Lake_Yojoa,0,271,7327,0,surface aquatic,cell_wall
K01449,Methylamines,176,8303,329925,5.334545730090172e-4,host-associated,cell_wall
K01449,Moose_rumen,37,870,39886,9.276437847866419e-4,host-associated,cell_wall
K01449,Ohio_groundwater,0,251,10810,0,subsurface aquatic,cell_wall
K01449,OWC_wetlands,6,358,13786,4.352241404323226e-4,surface aquatic,cell_wall
K01449,Prado_wetlands,0,1170,37517,0,surface aquatic,cell_wall
K01449,Prairie_potholes,0,1480,49964,0,surface aquatic,cell_wall
K01449,Salmonella_chow,24,677,24382,9.843327044541054e-4,host-associated,cell_wall
K01449,Salmonella_HFD,134,3459,129483,0.0010348848883637233,host-associated,cell_wall
K01449,Stordalen_mire,3,1867,66646,4.501395432584101e-5,terrestrial,cell_wall
K03086,Anaerobic_Digestors,3,726,25541,1.1745820445558122e-4,host-associated,regulation
K03086,ARDEC_agriculture,0,257,10532,0,terrestrial,regulation
K03086,Columbia_River,0,182,6029,0,surface aquatic,regulation
K03086,CT_feces,1,397,15408,6.490134994807892e-5,host-associated,regulation
K03086,CT_soil,5,292,10236,4.884720593982024e-4,terrestrial,regulation
K03086,East_River,6,150,5444,0.0011021307861866275,surface aquatic,regulation
K03086,Fire_soils,0,1777,79184,0,terrestrial,regulation
K03086,Frac_DJ_basin,30,4583,119496,2.510544286001205e-4,subsurface aquatic,regulation
K03086,Frack_STACK,11,1241,60475,1.818933443571724e-4,subsurface aquatic,regulation
K03086,Fractured_shale,44,5411,192954,2.2803362459446292e-4,subsurface aquatic,regulation
K03086,Human_Microbiome_Project,14,2846,100581,1.3919129855539318e-4,host-associated,regulation
K03086,Huttenhower,88,13436,554426,1.587227150241872e-4,host-associated,regulation
K03086,Lake_Yojoa,4,271,7327,5.459260270233384e-4,surface aquatic,regulation
K03086,Methylamines,69,8303,329925,2.091384405546715e-4,host-associated,regulation
K03086,Moose_rumen,4,870,39886,1.0028581457152886e-4,host-associated,regulation
K03086,Ohio_groundwater,2,251,10810,1.8501387604070305e-4,subsurface aquatic,regulation
K03086,OWC_wetlands,24,358,13786,0.0017408965617292905,surface aquatic,regulation
K03086,Prado_wetlands,11,1170,37517,2.932004158114988e-4,surface aquatic,regulation
K03086,Prairie_potholes,8,1480,49964,1.601152830037627e-4,surface aquatic,regulation
K03086,Salmonella_chow,4,677,24382,1.6405545074235091e-4,host-associated,regulation
K03086,Salmonella_HFD,26,3459,129483,2.0079856042878216e-4,host-associated,regulation
K03086,Stordalen_mire,8,1867,66646,1.2003721153557603e-4,terrestrial,regulation
K03091,Anaerobic_Digestors,6,726,25541,2.3491640891116244e-4,host-associated,regulation
K03091,ARDEC_agriculture,2,257,10532,1.8989745537409798e-4,terrestrial,regulation
K03091,Columbia_River,1,182,6029,1.658649859014762e-4,surface aquatic,regulation
K03091,CT_feces,12,397,15408,7.78816199376947e-4,host-associated,regulation
K03091,CT_soil,3,292,10236,2.9308323563892143e-4,terrestrial,regulation
K03091,East_River,0,150,5444,0,surface aquatic,regulation
K03091,Fire_soils,0,1777,79184,0,terrestrial,regulation
K03091,Frac_DJ_basin,57,4583,119496,4.7700341434022894e-4,subsurface aquatic,regulation
K03091,Frack_STACK,0,1241,60475,0,subsurface aquatic,regulation
K03091,Fractured_shale,21,5411,192954,1.0883422992008458e-4,subsurface aquatic,regulation
K03091,Human_Microbiome_Project,15,2846,100581,1.4913353416649266e-4,host-associated,regulation
K03091,Huttenhower,104,13436,554426,1.875813904831303e-4,host-associated,regulation
K03091,Lake_Yojoa,0,271,7327,0,surface aquatic,regulation
K03091,Methylamines,91,8303,329925,2.758202621807987e-4,host-associated,regulation
K03091,Moose_rumen,3,870,39886,7.521436092864665e-5,host-associated,regulation
K03091,Ohio_groundwater,1,251,10810,9.250693802035152e-5,subsurface aquatic,regulation
K03091,OWC_wetlands,9,358,13786,6.52836210648484e-4,surface aquatic,regulation
K03091,Prado_wetlands,0,1170,37517,0,surface aquatic,regulation
K03091,Prairie_potholes,5,1480,49964,1.000720518773517e-4,surface aquatic,regulation
K03091,Salmonella_chow,9,677,24382,3.6912476417028957e-4,host-associated,regulation
K03091,Salmonella_HFD,50,3459,129483,3.8615107774765797e-4,host-associated,regulation
K03091,Stordalen_mire,0,1867,66646,0,terrestrial,regulation
K03310,Anaerobic_Digestors,2,726,25541,7.830546963705414e-5,host-associated,transporter
K03310,ARDEC_agriculture,0,257,10532,0,terrestrial,transporter
K03310,Columbia_River,0,182,6029,0,surface aquatic,transporter
K03310,CT_feces,1,397,15408,6.490134994807892e-5,host-associated,transporter
K03310,CT_soil,0,292,10236,0,terrestrial,transporter
K03310,East_River,0,150,5444,0,surface aquatic,transporter
K03310,Fire_soils,0,1777,79184,0,terrestrial,transporter
K03310,Frac_DJ_basin,1,4583,119496,8.36848095333735e-6,subsurface aquatic,transporter
K03310,Frack_STACK,0,1241,60475,0,subsurface aquatic,transporter
K03310,Fractured_shale,2,5411,192954,1.036516475429377e-5,subsurface aquatic,transporter
K03310,Human_Microbiome_Project,2,2846,100581,1.9884471222199022e-5,host-associated,transporter
K03310,Huttenhower,21,13436,554426,3.7877011539862846e-5,host-associated,transporter
K03310,Lake_Yojoa,0,271,7327,0,surface aquatic,transporter
K03310,Methylamines,13,8303,329925,3.940289459725695e-5,host-associated,transporter
K03310,Moose_rumen,0,870,39886,0,host-associated,transporter
K03310,Ohio_groundwater,0,251,10810,0,subsurface aquatic,transporter
K03310,OWC_wetlands,0,358,13786,0,surface aquatic,transporter
K03310,Prado_wetlands,0,1170,37517,0,surface aquatic,transporter
K03310,Prairie_potholes,0,1480,49964,0,surface aquatic,transporter
K03310,Salmonella_chow,3,677,24382,1.2304158805676317e-4,host-associated,transporter
K03310,Salmonella_HFD,6,3459,129483,4.633812932971896e-5,host-associated,transporter
K03310,Stordalen_mire,0,1867,66646,0,terrestrial,transporter
K03466,Anaerobic_Digestors,4,726,25541,1.5661093927410829e-4,host-associated,cell_division
K03466,ARDEC_agriculture,2,257,10532,1.8989745537409798e-4,terrestrial,cell_division
K03466,Columbia_River,2,182,6029,3.317299718029524e-4,surface aquatic,cell_division
K03466,CT_feces,1,397,15408,6.490134994807892e-5,host-associated,cell_division
K03466,CT_soil,5,292,10236,4.884720593982024e-4,terrestrial,cell_division
K03466,East_River,2,150,5444,3.673769287288758e-4,surface aquatic,cell_division
K03466,Fire_soils,0,1777,79184,0,terrestrial,cell_division
K03466,Frac_DJ_basin,2,4583,119496,1.67369619066747e-5,subsurface aquatic,cell_division
K03466,Frack_STACK,0,1241,60475,0,subsurface aquatic,cell_division
K03466,Fractured_shale,2,5411,192954,1.036516475429377e-5,subsurface aquatic,cell_division
K03466,Human_Microbiome_Project,9,2846,100581,8.94801204998956e-5,host-associated,cell_division
K03466,Huttenhower,59,13436,554426,1.0641636575485276e-4,host-associated,cell_division
K03466,Lake_Yojoa,1,271,7327,1.364815067558346e-4,surface aquatic,cell_division
K03466,Methylamines,70,8303,329925,2.121694324467682e-4,host-associated,cell_division
K03466,Moose_rumen,15,870,39886,3.7607180464323324e-4,host-associated,cell_division
K03466,Ohio_groundwater,3,251,10810,2.775208140610546e-4,subsurface aquatic,cell_division
K03466,OWC_wetlands,10,358,13786,7.253735673872045e-4,surface aquatic,cell_division
K03466,Prado_wetlands,5,1170,37517,1.33272916277954e-4,surface aquatic,cell_division
K03466,Prairie_potholes,10,1480,49964,2.001441037547034e-4,surface aquatic,cell_division
K03466,Salmonella_chow,2,677,24382,8.202772537117546e-5,host-associated,cell_division
K03466,Salmonella_HFD,16,3459,129483,1.2356834487925057e-4,host-associated,cell_division
K03466,Stordalen_mire,10,1867,66646,1.5004651441947003e-4,terrestrial,cell_division
K03469,Anaerobic_Digestors,8,726,25541,3.1322187854821657e-4,host-associated,information
K03469,ARDEC_agriculture,0,257,10532,0,terrestrial,information
K03469,Columbia_River,0,182,6029,0,surface aquatic,information
K03469,CT_feces,9,397,15408,5.841121495327102e-4,host-associated,information
K03469,CT_soil,0,292,10236,0,terrestrial,information
K03469,East_River,0,150,5444,0,surface aquatic,information
K03469,Fire_soils,0,1777,79184,0,terrestrial,information
K03469,Frac_DJ_basin,37,4583,119496,3.0963379527348196e-4,subsurface aquatic,information
K03469,Frack_STACK,5,1241,60475,8.267879288962381e-5,subsurface aquatic,information
K03469,Fractured_shale,26,5411,192954,1.3474714180581902e-4,subsurface aquatic,information
K03469,Human_Microbiome_Project,43,2846,100581,4.27516131277279e-4,host-associated,information
K03469,Huttenhower,244,13436,554426,4.4009480074888265e-4,host-associated,information
K03469,Lake_Yojoa,0,271,7327,0,surface aquatic,information
K03469,Methylamines,133,8303,329925,4.031219216488596e-4,host-associated,information
K03469,Moose_rumen,27,870,39886,6.769292483578198e-4,host-associated,information
K03469,Ohio_groundwater,0,251,10810,0,subsurface aquatic,information
K03469,OWC_wetlands,12,358,13786,8.704482808646452e-4,surface aquatic,information
K03469,Prado_wetlands,4,1170,37517,1.066183330223632e-4,surface aquatic,information
K03469,Prairie_potholes,5,1480,49964,1.000720518773517e-4,surface aquatic,information
K03469,Salmonella_chow,12,677,24382,4.921663522270527e-4,host-associated,information
K03469,Salmonella_HFD,56,3459,129483,4.3248920707737693e-4,host-associated,information
K03469,Stordalen_mire,11,1867,66646,1.6505116586141704e-4,terrestrial,information
K03496,Anaerobic_Digestors,5,726,25541,1.9576367409263536e-4,host-associated,cell_division
K03496,ARDEC_agriculture,4,257,10532,3.7979491074819596e-4,terrestrial,cell_division
K03496,Columbia_River,2,182,6029,3.317299718029524e-4,surface aquatic,cell_division
K03496,CT_feces,28,397,15408,0.0018172377985462098,host-associated,cell_division
K03496,CT_soil,4,292,10236,3.9077764751856197e-4,terrestrial,cell_division
K03496,East_River,0,150,5444,0,surface aquatic,cell_division
K03496,Fire_soils,0,1777,79184,0,terrestrial,cell_division
K03496,Frac_DJ_basin,64,4583,119496,5.355827810135904e-4,subsurface aquatic,cell_division
K03496,Frack_STACK,15,1241,60475,2.480363786688714e-4,subsurface aquatic,cell_division
K03496,Fractured_shale,44,5411,192954,2.2803362459446292e-4,subsurface aquatic,cell_division
K03496,Human_Microbiome_Project,78,2846,100581,7.754943776657619e-4,host-associated,cell_division
K03496,Huttenhower,494,13436,554426,8.91011604794869e-4,host-associated,cell_division
K03496,Lake_Yojoa,2,271,7327,2.729630135116692e-4,surface aquatic,cell_division
K03496,Methylamines,317,8303,329925,9.608244297946503e-4,host-associated,cell_division
K03496,Moose_rumen,10,870,39886,2.507145364288221e-4,host-associated,cell_division
K03496,Ohio_groundwater,4,251,10810,3.700277520814061e-4,subsurface aquatic,cell_division
K03496,OWC_wetlands,10,358,13786,7.253735673872045e-4,surface aquatic,cell_division
K03496,Prado_wetlands,2,1170,37517,5.33091665111816e-5,surface aquatic,cell_division
K03496,Prairie_potholes,6,1480,49964,1.2008646225282203e-4,surface aquatic,cell_division
K03496,Salmonella_chow,37,677,24382,0.0015175129193667459,host-associated,cell_division
K03496,Salmonella_HFD,198,3459,129483,0.0015291582678807257,host-associated,cell_division
K03496,Stordalen_mire,14,1867,66646,2.1006512018725804e-4,terrestrial,cell_division
K03497,Anaerobic_Digestors,13,726,25541,5.089855526408519e-4,host-associated,cell_division
K03497,ARDEC_agriculture,2,257,10532,1.8989745537409798e-4,terrestrial,cell_division
K03497,Columbia_River,2,182,6029,3.317299718029524e-4,surface aquatic,cell_division
K03497,CT_feces,33,397,15408,0.002141744548286604,host-associated,cell_division
K03497,CT_soil,6,292,10236,5.861664712778429e-4,terrestrial,cell_division
K03497,East_River,0,150,5444,0,surface aquatic,cell_division
K03497,Fire_soils,0,1777,79184,0,terrestrial,cell_division
K03497,Frac_DJ_basin,72,4583,119496,6.025306286402892e-4,subsurface aquatic,cell_division
K03497,Frack_STACK,18,1241,60475,2.9764365440264573e-4,subsurface aquatic,cell_division
K03497,Fractured_shale,70,5411,192954,3.6278076640028193e-4,subsurface aquatic,cell_division
K03497,Human_Microbiome_Project,163,2846,100581,0.0016205844046092205,host-associated,cell_division
K03497,Huttenhower,805,13436,554426,0.001451952109028076,host-associated,cell_division
K03497,Lake_Yojoa,3,271,7327,4.0944452026750374e-4,surface aquatic,cell_division
K03497,Methylamines,476,8303,329925,0.0014427521406380238,host-associated,cell_division
K03497,Moose_rumen,19,870,39886,4.7635761921476205e-4,host-associated,cell_division
K03497,Ohio_groundwater,10,251,10810,9.250693802035153e-4,subsurface aquatic,cell_division
K03497,OWC_wetlands,47,358,13786,0.0034092557667198607,surface aquatic,cell_division
K03497,Prado_wetlands,18,1170,37517,4.7978249860063435e-4,surface aquatic,cell_division
K03497,Prairie_potholes,23,1480,49964,4.603314386358178e-4,surface aquatic,cell_division
K03497,Salmonella_chow,45,677,24382,0.0018456238208514478,host-associated,cell_division
K03497,Salmonella_HFD,235,3459,129483,0.0018149100654139927,host-associated,cell_division
K03497,Stordalen_mire,39,1867,66646,5.851814062359332e-4,terrestrial,cell_division
K04769,Anaerobic_Digestors,3,726,25541,1.1745820445558122e-4,host-associated,regulation
K04769,ARDEC_agriculture,0,257,10532,0,terrestrial,regulation
K04769,Columbia_River,0,182,6029,0,surface aquatic,regulation
K04769,CT_feces,0,397,15408,0,host-associated,regulation
K04769,CT_soil,0,292,10236,0,terrestrial,regulation
K04769,East_River,0,150,5444,0,surface aquatic,regulation
K04769,Fire_soils,0,1777,79184,0,terrestrial,regulation
K04769,Frac_DJ_basin,1,4583,119496,8.36848095333735e-6,subsurface aquatic,regulation
K04769,Frack_STACK,0,1241,60475,0,subsurface aquatic,regulation
K04769,Fractured_shale,1,5411,192954,5.182582377146885e-6,subsurface aquatic,regulation
K04769,Human_Microbiome_Project,8,2846,100581,7.953788488879609e-5,host-associated,regulation
K04769,Huttenhower,19,13436,554426,3.426967710749496e-5,host-associated,regulation
K04769,Lake_Yojoa,0,271,7327,0,surface aquatic,regulation
K04769,Methylamines,16,8303,329925,4.8495870273547016e-5,host-associated,regulation
K04769,Moose_rumen,1,870,39886,2.5071453642882215e-5,host-associated,regulation
K04769,Ohio_groundwater,0,251,10810,0,subsurface aquatic,regulation
K04769,OWC_wetlands,1,358,13786,7.253735673872045e-5,surface aquatic,regulation
K04769,Prado_wetlands,0,1170,37517,0,surface aquatic,regulation
K04769,Prairie_potholes,0,1480,49964,0,surface aquatic,regulation
K04769,Salmonella_chow,1,677,24382,4.101386268558773e-5,host-associated,regulation
K04769,Salmonella_HFD,18,3459,129483,1.3901438798915688e-4,host-associated,regulation
K04769,Stordalen_mire,0,1867,66646,0,terrestrial,regulation
K06283,Anaerobic_Digestors,1,726,25541,3.915273481852707e-5,host-associated,regulation
K06283,ARDEC_agriculture,0,257,10532,0,terrestrial,regulation
K06283,Columbia_River,0,182,6029,0,surface aquatic,regulation
K06283,CT_feces,0,397,15408,0,host-associated,regulation
K06283,CT_soil,0,292,10236,0,terrestrial,regulation
K06283,East_River,0,150,5444,0,surface aquatic,regulation
K06283,Fire_soils,0,1777,79184,0,terrestrial,regulation
K06283,Frac_DJ_basin,7,4583,119496,5.857936667336145e-5,subsurface aquatic,regulation
K06283,Frack_STACK,0,1241,60475,0,subsurface aquatic,regulation
K06283,Fractured_shale,2,5411,192954,1.036516475429377e-5,subsurface aquatic,regulation
K06283,Human_Microbiome_Project,4,2846,100581,3.9768942444398044e-5,host-associated,regulation
K06283,Huttenhower,27,13436,554426,4.869901483696652e-5,host-associated,regulation
K06283,Lake_Yojoa,0,271,7327,0,surface aquatic,regulation
K06283,Methylamines,15,8303,329925,4.546487838145033e-5,host-associated,regulation
K06283,Moose_rumen,0,870,39886,0,host-associated,regulation
K06283,Ohio_groundwater,0,251,10810,0,subsurface aquatic,regulation
K06283,OWC_wetlands,1,358,13786,7.253735673872045e-5,surface aquatic,regulation
K06283,Prado_wetlands,0,1170,37517,0,surface aquatic,regulation
K06283,Prairie_potholes,1,1480,49964,2.001441037547034e-5,surface aquatic,regulation
K06283,Salmonella_chow,0,677,24382,0,host-associated,regulation
K06283,Salmonella_HFD,4,3459,129483,3.089208621981264e-5,host-associated,regulation
K06283,Stordalen_mire,0,1867,66646,0,terrestrial,regulation
K06284,Anaerobic_Digestors,12,726,25541,4.698328178223249e-4,host-associated,regulation
K06284,ARDEC_agriculture,1,257,10532,9.494872768704899e-5,terrestrial,regulation
K06284,Columbia_River,0,182,6029,0,surface aquatic,regulation
K06284,CT_feces,1,397,15408,6.490134994807892e-5,host-associated,regulation
K06284,CT_soil,5,292,10236,4.884720593982024e-4,terrestrial,regulation
K06284,East_River,0,150,5444,0,surface aquatic,regulation
K06284,Fire_soils,0,1777,79184,0,terrestrial,regulation
K06284,Frac_DJ_basin,15,4583,119496,1.2552721430006026e-4,subsurface aquatic,regulation
K06284,Frack_STACK,0,1241,60475,0,subsurface aquatic,regulation
K06284,Fractured_shale,17,5411,192954,8.810390041149704e-5,subsurface aquatic,regulation
K06284,Human_Microbiome_Project,28,2846,100581,2.7838259711078636e-4,host-associated,regulation
K06284,Huttenhower,170,13436,554426,3.0662342675127067e-4,host-associated,regulation
K06284,Lake_Yojoa,0,271,7327,0,surface aquatic,regulation
K06284,Methylamines,61,8303,329925,1.8489050541789802e-4,host-associated,regulation
K06284,Moose_rumen,2,870,39886,5.014290728576443e-5,host-associated,regulation
K06284,Ohio_groundwater,0,251,10810,0,subsurface aquatic,regulation
K06284,OWC_wetlands,0,358,13786,0,surface aquatic,regulation
K06284,Prado_wetlands,0,1170,37517,0,surface aquatic,regulation
K06284,Prairie_potholes,2,1480,49964,4.002882075094068e-5,surface aquatic,regulation
K06284,Salmonella_chow,10,677,24382,4.1013862685587726e-4,host-associated,regulation
K06284,Salmonella_HFD,49,3459,129483,3.7842805619270483e-4,host-associated,regulation
K06284,Stordalen_mire,0,1867,66646,0,terrestrial,regulation
K06381,Anaerobic_Digestors,8,726,25541,3.1322187854821657e-4,host-associated,cell_wall
K06381,ARDEC_agriculture,0,257,10532,0,terrestrial,cell_wall
K06381,Columbia_River,0,182,6029,0,surface aquatic,cell_wall
K06381,CT_feces,2,397,15408,1.2980269989615784e-4,host-associated,cell_wall
K06381,CT_soil,0,292,10236,0,terrestrial,cell_wall
K06381,East_River,0,150,5444,0,surface aquatic,cell_wall
K06381,Fire_soils,0,1777,79184,0,terrestrial,cell_wall
K06381,Frac_DJ_basin,0,4583,119496,0,subsurface aquatic,cell_wall
K06381,Frack_STACK,0,1241,60475,0,subsurface aquatic,cell_wall
K06381,Fractured_shale,1,5411,192954,5.182582377146885e-6,subsurface aquatic,cell_wall
K06381,Human_Microbiome_Project,2,2846,100581,1.9884471222199022e-5,host-associated,cell_wall
K06381,Huttenhower,15,13436,554426,2.7055008242759178e-5,host-associated,cell_wall
K06381,Lake_Yojoa,0,271,7327,0,surface aquatic,cell_wall
K06381,Methylamines,14,8303,329925,4.243388648935364e-5,host-associated,cell_wall
K06381,Moose_rumen,0,870,39886,0,host-associated,cell_wall
K06381,Ohio_groundwater,0,251,10810,0,subsurface aquatic,cell_wall
K06381,OWC_wetlands,0,358,13786,0,surface aquatic,cell_wall
K06381,Prado_wetlands,0,1170,37517,0,surface aquatic,cell_wall
K06381,Prairie_potholes,1,1480,49964,2.001441037547034e-5,surface aquatic,cell_wall
K06381,Salmonella_chow,2,677,24382,8.202772537117546e-5,host-associated,cell_wall
K06381,Salmonella_HFD,4,3459,129483,3.089208621981264e-5,host-associated,cell_wall
K06381,Stordalen_mire,0,1867,66646,0,terrestrial,cell_wall
K06412,Anaerobic_Digestors,1,726,25541,3.915273481852707e-5,host-associated,regulation
K06412,ARDEC_agriculture,0,257,10532,0,terrestrial,regulation
K06412,Columbia_River,0,182,6029,0,surface aquatic,regulation
K06412,CT_feces,0,397,15408,0,host-associated,regulation
K06412,CT_soil,0,292,10236,0,terrestrial,regulation
K06412,East_River,0,150,5444,0,surface aquatic,regulation
K06412,Fire_soils,0,1777,79184,0,terrestrial,regulation
K06412,Frac_DJ_basin,4,4583,119496,3.34739238133494e-5,subsurface aquatic,regulation
K06412,Frack_STACK,0,1241,60475,0,subsurface aquatic,regulation
K06412,Fractured_shale,0,5411,192954,0,subsurface aquatic,regulation
K06412,Human_Microbiome_Project,6,2846,100581,5.965341366659707e-5,host-associated,regulation
K06412,Huttenhower,20,13436,554426,3.60733443236789e-5,host-associated,regulation
K06412,Lake_Yojoa,1,271,7327,1.364815067558346e-4,surface aquatic,regulation
K06412,Methylamines,8,8303,329925,2.4247935136773508e-5,host-associated,regulation
K06412,Moose_rumen,2,870,39886,5.014290728576443e-5,host-associated,regulation
K06412,Ohio_groundwater,0,251,10810,0,subsurface aquatic,regulation
K06412,OWC_wetlands,3,358,13786,2.176120702161613e-4,surface aquatic,regulation
K06412,Prado_wetlands,1,1170,37517,2.66545832555908e-5,surface aquatic,regulation
K06412,Prairie_potholes,1,1480,49964,2.001441037547034e-5,surface aquatic,regulation
K06412,Salmonella_chow,0,677,24382,0,host-associated,regulation
K06412,Salmonella_HFD,6,3459,129483,4.633812932971896e-5,host-associated,regulation
K06412,Stordalen_mire,3,1867,66646,4.501395432584101e-5,terrestrial,regulation
K07171,Anaerobic_Digestors,6,726,25541,2.3491640891116244e-4,host-associated,other
K07171,ARDEC_agriculture,1,257,10532,9.494872768704899e-5,terrestrial,other
K07171,Columbia_River,0,182,6029,0,surface aquatic,other
K07171,CT_feces,7,397,15408,4.5430944963655245e-4,host-associated,other
K07171,CT_soil,0,292,10236,0,terrestrial,other
K07171,East_River,1,150,5444,1.836884643644379e-4,surface aquatic,other
K07171,Fire_soils,0,1777,79184,0,terrestrial,other
K07171,Frac_DJ_basin,21,4583,119496,1.7573810002008435e-4,subsurface aquatic,other
K07171,Frack_STACK,5,1241,60475,8.267879288962381e-5,subsurface aquatic,other
K07171,Fractured_shale,10,5411,192954,5.182582377146885e-5,subsurface aquatic,other
K07171,Human_Microbiome_Project,61,2846,100581,6.064763722770702e-4,host-associated,other
K07171,Huttenhower,387,13436,554426,6.980192126631868e-4,host-associated,other
K07171,Lake_Yojoa,0,271,7327,0,surface aquatic,other
K07171,Methylamines,242,8303,329925,7.335000378873986e-4,host-associated,other
K07171,Moose_rumen,3,870,39886,7.521436092864665e-5,host-associated,other
K07171,Ohio_groundwater,1,251,10810,9.250693802035152e-5,subsurface aquatic,other
K07171,OWC_wetlands,1,358,13786,7.253735673872045e-5,surface aquatic,other
K07171,Prado_wetlands,0,1170,37517,0,surface aquatic,other
K07171,Prairie_potholes,0,1480,49964,0,surface aquatic,other
K07171,Salmonella_chow,16,677,24382,6.562218029694037e-4,host-associated,other
K07171,Salmonella_HFD,94,3459,129483,7.25964026165597e-4,host-associated,other
K07171,Stordalen_mire,0,1867,66646,0,terrestrial,other
K07738,Anaerobic_Digestors,4,726,25541,1.5661093927410829e-4,host-associated,regulation
K07738,ARDEC_agriculture,0,257,10532,0,terrestrial,regulation
K07738,Columbia_River,0,182,6029,0,surface aquatic,regulation
K07738,CT_feces,1,397,15408,6.490134994807892e-5,host-associated,regulation
K07738,CT_soil,1,292,10236,9.769441187964049e-5,terrestrial,regulation
K07738,East_River,0,150,5444,0,surface aquatic,regulation
K07738,Fire_soils,0,1777,79184,0,terrestrial,regulation
K07738,Frac_DJ_basin,10,4583,119496,8.36848095333735e-5,subsurface aquatic,regulation
K07738,Frack_STACK,0,1241,60475,0,subsurface aquatic,regulation
K07738,Fractured_shale,2,5411,192954,1.036516475429377e-5,subsurface aquatic,regulation
K07738,Human_Microbiome_Project,3,2846,100581,2.9826706833298535e-5,host-associated,regulation
K07738,Huttenhower,12,13436,554426,2.1644006594207342e-5,host-associated,regulation
K07738,Lake_Yojoa,0,271,7327,0,surface aquatic,regulation
K07738,Methylamines,7,8303,329925,2.121694324467682e-5,host-associated,regulation
K07738,Moose_rumen,0,870,39886,0,host-associated,regulation
K07738,Ohio_groundwater,0,251,10810,0,subsurface aquatic,regulation
K07738,OWC_wetlands,2,358,13786,1.450747134774409e-4,surface aquatic,regulation
K07738,Prado_wetlands,2,1170,37517,5.33091665111816e-5,surface aquatic,regulation
K07738,Prairie_potholes,0,1480,49964,0,surface aquatic,regulation
K07738,Salmonella_chow,0,677,24382,0,host-associated,regulation
K07738,Salmonella_HFD,1,3459,129483,7.72302155495316e-6,host-associated,regulation
K07738,Stordalen_mire,0,1867,66646,0,terrestrial,regulation
K15633,Anaerobic_Digestors,4,726,25541,1.5661093927410829e-4,host-associated,metabolic_enzyme
K15633,ARDEC_agriculture,0,257,10532,0,terrestrial,metabolic_enzyme
K15633,Columbia_River,0,182,6029,0,surface aquatic,metabolic_enzyme
K15633,CT_feces,4,397,15408,2.5960539979231567e-4,host-associated,metabolic_enzyme
K15633,CT_soil,0,292,10236,0,terrestrial,metabolic_enzyme
K15633,East_River,0,150,5444,0,surface aquatic,metabolic_enzyme
K15633,Fire_soils,0,1777,79184,0,terrestrial,metabolic_enzyme
K15633,Frac_DJ_basin,4,4583,119496,3.34739238133494e-5,subsurface aquatic,metabolic_enzyme
K15633,Frack_STACK,0,1241,60475,0,subsurface aquatic,metabolic_enzyme
K15633,Fractured_shale,0,5411,192954,0,subsurface aquatic,metabolic_enzyme
K15633,Human_Microbiome_Project,8,2846,100581,7.953788488879609e-5,host-associated,metabolic_enzyme
K15633,Huttenhower,48,13436,554426,8.657602637682937e-5,host-associated,metabolic_enzyme
K15633,Lake_Yojoa,0,271,7327,0,surface aquatic,metabolic_enzyme
K15633,Methylamines,56,8303,329925,1.6973554595741457e-4,host-associated,metabolic_enzyme
K15633,Moose_rumen,0,870,39886,0,host-associated,metabolic_enzyme
K15633,Ohio_groundwater,0,251,10810,0,subsurface aquatic,metabolic_enzyme
K15633,OWC_wetlands,0,358,13786,0,surface aquatic,metabolic_enzyme
K15633,Prado_wetlands,0,1170,37517,0,surface aquatic,metabolic_enzyme
K15633,Prairie_potholes,0,1480,49964,0,surface aquatic,metabolic_enzyme
K15633,Salmonella_chow,0,677,24382,0,host-associated,metabolic_enzyme
K15633,Salmonella_HFD,0,3459,129483,0,host-associated,metabolic_enzyme
K15633,Stordalen_mire,0,1867,66646,0,terrestrial,metabolic_enzyme
K07175,Anaerobic_Digestors,0,726,25541,0,host-associated,other
K07175,ARDEC_agriculture,4,257,10532,3.7979491074819596e-4,terrestrial,other
K07175,Columbia_River,0,182,6029,0,surface aquatic,other
K07175,CT_feces,3,397,15408,1.9470404984423675e-4,host-associated,other
K07175,CT_soil,0,292,10236,0,terrestrial,other
K07175,East_River,0,150,5444,0,surface aquatic,other
K07175,Fire_soils,0,1777,79184,0,terrestrial,other
K07175,Frac_DJ_basin,58,4583,119496,4.853718952935663e-4,subsurface aquatic,other
K07175,Frack_STACK,16,1241,60475,2.645721372467962e-4,subsurface aquatic,other
K07175,Fractured_shale,38,5411,192954,1.9693813033158162e-4,subsurface aquatic,other
K07175,Human_Microbiome_Project,2,2846,100581,1.9884471222199022e-5,host-associated,other
K07175,Huttenhower,46,13436,554426,8.296869194446148e-5,host-associated,other
K07175,Lake_Yojoa,1,271,7327,1.364815067558346e-4,surface aquatic,other
K07175,Methylamines,39,8303,329925,1.1820868379177086e-4,host-associated,other
K07175,Moose_rumen,2,870,39886,5.014290728576443e-5,host-associated,other
K07175,Ohio_groundwater,1,251,10810,9.250693802035152e-5,subsurface aquatic,other
K07175,OWC_wetlands,2,358,13786,1.450747134774409e-4,surface aquatic,other
K07175,Prado_wetlands,1,1170,37517,2.66545832555908e-5,surface aquatic,other
K07175,Prairie_potholes,2,1480,49964,4.002882075094068e-5,surface aquatic,other
K07175,Salmonella_chow,5,677,24382,2.0506931342793863e-4,host-associated,other
K07175,Salmonella_HFD,31,3459,129483,2.3941366820354795e-4,host-associated,other
K07175,Stordalen_mire,1,1867,66646,1.5004651441947004e-5,terrestrial,other
K00703,Anaerobic_Digestors,0,726,25541,0,host-associated,metabolic_enzyme
K00703,ARDEC_agriculture,0,257,10532,0,terrestrial,metabolic_enzyme
K00703,Columbia_River,0,182,6029,0,surface aquatic,metabolic_enzyme
K00703,CT_feces,1,397,15408,6.490134994807892e-5,host-associated,metabolic_enzyme
K00703,CT_soil,0,292,10236,0,terrestrial,metabolic_enzyme
K00703,East_River,0,150,5444,0,surface aquatic,metabolic_enzyme
K00703,Fire_soils,0,1777,79184,0,terrestrial,metabolic_enzyme
K00703,Frac_DJ_basin,4,4583,119496,3.34739238133494e-5,subsurface aquatic,metabolic_enzyme
K00703,Frack_STACK,0,1241,60475,0,subsurface aquatic,metabolic_enzyme
K00703,Fractured_shale,0,5411,192954,0,subsurface aquatic,metabolic_enzyme
K00703,Human_Microbiome_Project,0,2846,100581,0,host-associated,metabolic_enzyme
K00703,Huttenhower,10,13436,554426,1.803667216183945e-5,host-associated,metabolic_enzyme
K00703,Lake_Yojoa,0,271,7327,0,surface aquatic,metabolic_enzyme
K00703,Methylamines,10,8303,329925,3.0309918920966887e-5,host-associated,metabolic_enzyme
K00703,Moose_rumen,0,870,39886,0,host-associated,metabolic_enzyme
K00703,Ohio_groundwater,0,251,10810,0,subsurface aquatic,metabolic_enzyme
K00703,OWC_wetlands,0,358,13786,0,surface aquatic,metabolic_enzyme
K00703,Prado_wetlands,0,1170,37517,0,surface aquatic,metabolic_enzyme
K00703,Prairie_potholes,0,1480,49964,0,surface aquatic,metabolic_enzyme
K00703,Salmonella_chow,0,677,24382,0,host-associated,metabolic_enzyme
K00703,Salmonella_HFD,10,3459,129483,7.72302155495316e-5,host-associated,metabolic_enzyme
K00703,Stordalen_mire,0,1867,66646,0,terrestrial,metabolic_enzyme
K00975,Anaerobic_Digestors,0,726,25541,0,host-associated,metabolic_enzyme
K00975,ARDEC_agriculture,0,257,10532,0,terrestrial,metabolic_enzyme
K00975,Columbia_River,0,182,6029,0,surface aquatic,metabolic_enzyme
K00975,CT_feces,4,397,15408,2.5960539979231567e-4,host-associated,metabolic_enzyme
K00975,CT_soil,0,292,10236,0,terrestrial,metabolic_enzyme
K00975,East_River,0,150,5444,0,surface aquatic,metabolic_enzyme
K00975,Fire_soils,0,1777,79184,0,terrestrial,metabolic_enzyme
K00975,Frac_DJ_basin,5,4583,119496,4.184240476668675e-5,subsurface aquatic,metabolic_enzyme
K00975,Frack_STACK,0,1241,60475,0,subsurface aquatic,metabolic_enzyme
K00975,Fractured_shale,0,5411,192954,0,subsurface aquatic,metabolic_enzyme
K00975,Human_Microbiome_Project,0,2846,100581,0,host-associated,metabolic_enzyme
K00975,Huttenhower,13,13436,554426,2.3447673810391287e-5,host-associated,metabolic_enzyme
K00975,Lake_Yojoa,0,271,7327,0,surface aquatic,metabolic_enzyme
K00975,Methylamines,11,8303,329925,3.334091081306358e-5,host-associated,metabolic_enzyme
K00975,Moose_rumen,0,870,39886,0,host-associated,metabolic_enzyme
K00975,Ohio_groundwater,0,251,10810,0,subsurface aquatic,metabolic_enzyme
K00975,OWC_wetlands,0,358,13786,0,surface aquatic,metabolic_enzyme
K00975,Prado_wetlands,0,1170,37517,0,surface aquatic,metabolic_enzyme
K00975,Prairie_potholes,0,1480,49964,0,surface aquatic,metabolic_enzyme
K00975,Salmonella_chow,1,677,24382,4.101386268558773e-5,host-associated,metabolic_enzyme
K00975,Salmonella_HFD,34,3459,129483,2.6258273286840743e-4,host-associated,metabolic_enzyme
K00975,Stordalen_mire,0,1867,66646,0,terrestrial,metabolic_enzyme
K01714,Anaerobic_Digestors,0,726,25541,0,host-associated,metabolic_enzyme
K01714,ARDEC_agriculture,0,257,10532,0,terrestrial,metabolic_enzyme
K01714,Columbia_River,0,182,6029,0,surface aquatic,metabolic_enzyme
K01714,CT_feces,10,397,15408,6.490134994807892e-4,host-associated,metabolic_enzyme
K01714,CT_soil,5,292,10236,4.884720593982024e-4,terrestrial,metabolic_enzyme
K01714,East_River,0,150,5444,0,surface aquatic,metabolic_enzyme
K01714,Fire_soils,0,1777,79184,0,terrestrial,metabolic_enzyme
K01714,Frac_DJ_basin,5,4583,119496,4.184240476668675e-5,subsurface aquatic,metabolic_enzyme
K01714,Frack_STACK,5,1241,60475,8.267879288962381e-5,subsurface aquatic,metabolic_enzyme
K01714,Fractured_shale,10,5411,192954,5.182582377146885e-5,subsurface aquatic,metabolic_enzyme
K01714,Human_Microbiome_Project,15,2846,100581,1.4913353416649266e-4,host-associated,metabolic_enzyme
K01714,Huttenhower,80,13436,554426,1.442933772947156e-4,host-associated,metabolic_enzyme
K01714,Lake_Yojoa,0,271,7327,0,surface aquatic,metabolic_enzyme
K01714,Methylamines,40,8303,329925,1.2123967568386755e-4,host-associated,metabolic_enzyme
K01714,Moose_rumen,0,870,39886,0,host-associated,metabolic_enzyme
K01714,Ohio_groundwater,0,251,10810,0,subsurface aquatic,metabolic_enzyme
K01714,OWC_wetlands,0,358,13786,0,surface aquatic,metabolic_enzyme
K01714,Prado_wetlands,0,1170,37517,0,surface aquatic,metabolic_enzyme
K01714,Prairie_potholes,0,1480,49964,0,surface aquatic,metabolic_enzyme
K01714,Salmonella_chow,10,677,24382,4.1013862685587726e-4,host-associated,metabolic_enzyme
K01714,Salmonella_HFD,60,3459,129483,4.633812932971896e-4,host-associated,metabolic_enzyme
K01714,Stordalen_mire,0,1867,66646,0,terrestrial,metabolic_enzyme
K02049,Anaerobic_Digestors,0,726,25541,0,host-associated,transporter
K02049,ARDEC_agriculture,0,257,10532,0,terrestrial,transporter
K02049,Columbia_River,0,182,6029,0,surface aquatic,transporter
K02049,CT_feces,4,397,15408,2.5960539979231567e-4,host-associated,transporter
K02049,CT_soil,0,292,10236,0,terrestrial,transporter
K02049,East_River,4,150,5444,7.347538574577516e-4,surface aquatic,transporter
K02049,Fire_soils,0,1777,79184,0,terrestrial,transporter
K02049,Frac_DJ_basin,12,4583,119496,1.004217714400482e-4,subsurface aquatic,transporter
K02049,Frack_STACK,0,1241,60475,0,subsurface aquatic,transporter
K02049,Fractured_shale,10,5411,192954,5.182582377146885e-5,subsurface aquatic,transporter
K02049,Human_Microbiome_Project,4,2846,100581,3.9768942444398044e-5,host-associated,transporter
K02049,Huttenhower,40,13436,554426,7.21466886473578e-5,host-associated,transporter
K02049,Lake_Yojoa,0,271,7327,0,surface aquatic,transporter
K02049,Methylamines,44,8303,329925,1.333636432522543e-4,host-associated,transporter
K02049,Moose_rumen,0,870,39886,0,host-associated,transporter
K02049,Ohio_groundwater,0,251,10810,0,subsurface aquatic,transporter
K02049,OWC_wetlands,0,358,13786,0,surface aquatic,transporter
K02049,Prado_wetlands,0,1170,37517,0,surface aquatic,transporter
K02049,Prairie_potholes,2,1480,49964,4.002882075094068e-5,surface aquatic,transporter
K02049,Salmonella_chow,2,677,24382,8.202772537117546e-5,host-associated,transporter
K02049,Salmonella_HFD,14,3459,129483,1.0812230176934423e-4,host-associated,transporter
K02049,Stordalen_mire,0,1867,66646,0,terrestrial,transporter
K02050,Anaerobic_Digestors,0,726,25541,0,host-associated,transporter
K02050,ARDEC_agriculture,0,257,10532,0,terrestrial,transporter
K02050,Columbia_River,0,182,6029,0,surface aquatic,transporter
K02050,CT_feces,4,397,15408,2.5960539979231567e-4,host-associated,transporter
K02050,CT_soil,0,292,10236,0,terrestrial,transporter
K02050,East_River,4,150,5444,7.347538574577516e-4,surface aquatic,transporter
K02050,Fire_soils,0,1777,79184,0,terrestrial,transporter
K02050,Frac_DJ_basin,22,4583,119496,1.841065809734217e-4,subsurface aquatic,transporter
K02050,Frack_STACK,0,1241,60475,0,subsurface aquatic,transporter
K02050,Fractured_shale,4,5411,192954,2.073032950858754e-5,subsurface aquatic,transporter
K02050,Human_Microbiome_Project,4,2846,100581,3.9768942444398044e-5,host-associated,transporter
K02050,Huttenhower,20,13436,554426,3.60733443236789e-5,host-associated,transporter
K02050,Lake_Yojoa,0,271,7327,0,surface aquatic,transporter
K02050,Methylamines,46,8303,329925,1.3942562703644768e-4,host-associated,transporter
K02050,Moose_rumen,0,870,39886,0,host-associated,transporter
K02050,Ohio_groundwater,0,251,10810,0,subsurface aquatic,transporter
K02050,OWC_wetlands,0,358,13786,0,surface aquatic,transporter
K02050,Prado_wetlands,2,1170,37517,5.33091665111816e-5,surface aquatic,transporter
K02050,Prairie_potholes,2,1480,49964,4.002882075094068e-5,surface aquatic,transporter
K02050,Salmonella_chow,0,677,24382,0,host-associated,transporter
K02050,Salmonella_HFD,6,3459,129483,4.633812932971896e-5,host-associated,transporter
K02050,Stordalen_mire,2,1867,66646,3.0009302883894008e-5,terrestrial,transporter
K02051,Anaerobic_Digestors,0,726,25541,0,host-associated,transporter
K02051,ARDEC_agriculture,0,257,10532,0,terrestrial,transporter
K02051,Columbia_River,0,182,6029,0,surface aquatic,transporter
K02051,CT_feces,6,397,15408,3.894080996884735e-4,host-associated,transporter
K02051,CT_soil,0,292,10236,0,terrestrial,transporter
K02051,East_River,4,150,5444,7.347538574577516e-4,surface aquatic,transporter
K02051,Fire_soils,0,1777,79184,0,terrestrial,transporter
K02051,Frac_DJ_basin,18,4583,119496,1.506326571600723e-4,subsurface aquatic,transporter
K02051,Frack_STACK,0,1241,60475,0,subsurface aquatic,transporter
K02051,Fractured_shale,16,5411,192954,8.292131803435016e-5,subsurface aquatic,transporter
K02051,Human_Microbiome_Project,4,2846,100581,3.9768942444398044e-5,host-associated,transporter
K02051,Huttenhower,68,13436,554426,1.2264937070050828e-4,host-associated,transporter
K02051,Lake_Yojoa,0,271,7327,0,surface aquatic,transporter
K02051,Methylamines,88,8303,329925,2.667272865045086e-4,host-associated,transporter
K02051,Moose_rumen,2,870,39886,5.014290728576443e-5,host-associated,transporter
K02051,Ohio_groundwater,0,251,10810,0,subsurface aquatic,transporter
K02051,OWC_wetlands,2,358,13786,1.450747134774409e-4,surface aquatic,transporter
K02051,Prado_wetlands,0,1170,37517,0,surface aquatic,transporter
K02051,Prairie_potholes,2,1480,49964,4.002882075094068e-5,surface aquatic,transporter
K02051,Salmonella_chow,20,677,24382,8.202772537117545e-4,host-associated,transporter
K02051,Salmonella_HFD,100,3459,129483,7.723021554953159e-4,host-associated,transporter
K02051,Stordalen_mire,2,1867,66646,3.0009302883894008e-5,terrestrial,transporter
K03324,Anaerobic_Digestors,0,726,25541,0,host-associated,transporter
K03324,ARDEC_agriculture,0,257,10532,0,terrestrial,transporter
K03324,Columbia_River,0,182,6029,0,surface aquatic,transporter
K03324,CT_feces,2,397,15408,1.2980269989615784e-4,host-associated,transporter
K03324,CT_soil,0,292,10236,0,terrestrial,transporter
K03324,East_River,0,150,5444,0,surface aquatic,transporter
K03324,Fire_soils,0,1777,79184,0,terrestrial,transporter
K03324,Frac_DJ_basin,3,4583,119496,2.510544286001205e-5,subsurface aquatic,transporter
K03324,Frack_STACK,0,1241,60475,0,subsurface aquatic,transporter
K03324,Fractured_shale,0,5411,192954,0,subsurface aquatic,transporter
K03324,Human_Microbiome_Project,1,2846,100581,9.942235611099511e-6,host-associated,transporter
K03324,Huttenhower,23,13436,554426,4.148434597223074e-5,host-associated,transporter
K03324,Lake_Yojoa,0,271,7327,0,surface aquatic,transporter
K03324,Methylamines,12,8303,329925,3.6371902705160264e-5,host-associated,transporter
K03324,Moose_rumen,2,870,39886,5.014290728576443e-5,host-associated,transporter
K03324,Ohio_groundwater,0,251,10810,0,subsurface aquatic,transporter
K03324,OWC_wetlands,0,358,13786,0,surface aquatic,transporter
K03324,Prado_wetlands,0,1170,37517,0,surface aquatic,transporter
K03324,Prairie_potholes,0,1480,49964,0,surface aquatic,transporter
K03324,Salmonella_chow,6,677,24382,2.4608317611352635e-4,host-associated,transporter
K03324,Salmonella_HFD,14,3459,129483,1.0812230176934423e-4,host-associated,transporter
K03324,Stordalen_mire,0,1867,66646,0,terrestrial,transporter
K03588,Anaerobic_Digestors,0,726,25541,0,host-associated,cell_wall
K03588,ARDEC_agriculture,0,257,10532,0,terrestrial,cell_wall
K03588,Columbia_River,0,182,6029,0,surface aquatic,cell_wall
K03588,CT_feces,2,397,15408,1.2980269989615784e-4,host-associated,cell_wall
K03588,CT_soil,0,292,10236,0,terrestrial,cell_wall
K03588,East_River,0,150,5444,0,surface aquatic,cell_wall
K03588,Fire_soils,0,1777,79184,0,terrestrial,cell_wall
K03588,Frac_DJ_basin,0,4583,119496,0,subsurface aquatic,cell_wall
K03588,Frack_STACK,0,1241,60475,0,subsurface aquatic,cell_wall
K03588,Fractured_shale,0,5411,192954,0,subsurface aquatic,cell_wall
K03588,Human_Microbiome_Project,0,2846,100581,0,host-associated,cell_wall
K03588,Huttenhower,15,13436,554426,2.7055008242759178e-5,host-associated,cell_wall
K03588,Lake_Yojoa,0,271,7327,0,surface aquatic,cell_wall
K03588,Methylamines,14,8303,329925,4.243388648935364e-5,host-associated,cell_wall
K03588,Moose_rumen,0,870,39886,0,host-associated,cell_wall
K03588,Ohio_groundwater,0,251,10810,0,subsurface aquatic,cell_wall
K03588,OWC_wetlands,0,358,13786,0,surface aquatic,cell_wall
K03588,Prado_wetlands,1,1170,37517,2.66545832555908e-5,surface aquatic,cell_wall
K03588,Prairie_potholes,0,1480,49964,0,surface aquatic,cell_wall
K03588,Salmonella_chow,0,677,24382,0,host-associated,cell_wall
K03588,Salmonella_HFD,0,3459,129483,0,host-associated,cell_wall
K03588,Stordalen_mire,0,1867,66646,0,terrestrial,cell_wall
K06333,Anaerobic_Digestors,0,726,25541,0,host-associated,spore_structure
K06333,ARDEC_agriculture,0,257,10532,0,terrestrial,spore_structure
K06333,Columbia_River,0,182,6029,0,surface aquatic,spore_structure
K06333,CT_feces,1,397,15408,6.490134994807892e-5,host-associated,spore_structure
K06333,CT_soil,0,292,10236,0,terrestrial,spore_structure
K06333,East_River,0,150,5444,0,surface aquatic,spore_structure
K06333,Fire_soils,0,1777,79184,0,terrestrial,spore_structure
K06333,Frac_DJ_basin,6,4583,119496,5.02108857200241e-5,subsurface aquatic,spore_structure
K06333,Frack_STACK,0,1241,60475,0,subsurface aquatic,spore_structure
K06333,Fractured_shale,0,5411,192954,0,subsurface aquatic,spore_structure
K06333,Human_Microbiome_Project,6,2846,100581,5.965341366659707e-5,host-associated,spore_structure
K06333,Huttenhower,33,13436,554426,5.952101813407019e-5,host-associated,spore_structure
K06333,Lake_Yojoa,0,271,7327,0,surface aquatic,spore_structure
K06333,Methylamines,31,8303,329925,9.396074865499735e-5,host-associated,spore_structure
K06333,Moose_rumen,0,870,39886,0,host-associated,spore_structure
K06333,Ohio_groundwater,0,251,10810,0,subsurface aquatic,spore_structure
K06333,OWC_wetlands,0,358,13786,0,surface aquatic,spore_structure
K06333,Prado_wetlands,0,1170,37517,0,surface aquatic,spore_structure
K06333,Prairie_potholes,0,1480,49964,0,surface aquatic,spore_structure
K06333,Salmonella_chow,4,677,24382,1.6405545074235091e-4,host-associated,spore_structure
K06333,Salmonella_HFD,11,3459,129483,8.495323710448475e-5,host-associated,spore_structure
K06333,Stordalen_mire,0,1867,66646,0,terrestrial,spore_structure
K06334,Anaerobic_Digestors,0,726,25541,0,host-associated,spore_structure
K06334,ARDEC_agriculture,0,257,10532,0,terrestrial,spore_structure
K06334,Columbia_River,0,182,6029,0,surface aquatic,spore_structure
K06334,CT_feces,3,397,15408,1.9470404984423675e-4,host-associated,spore_structure
K06334,CT_soil,0,292,10236,0,terrestrial,spore_structure
K06334,East_River,0,150,5444,0,surface aquatic,spore_structure
K06334,Fire_soils,0,1777,79184,0,terrestrial,spore_structure
K06334,Frac_DJ_basin,3,4583,119496,2.510544286001205e-5,subsurface aquatic,spore_structure
K06334,Frack_STACK,0,1241,60475,0,subsurface aquatic,spore_structure
K06334,Fractured_shale,0,5411,192954,0,subsurface aquatic,spore_structure
K06334,Human_Microbiome_Project,10,2846,100581,9.942235611099511e-5,host-associated,spore_structure
K06334,Huttenhower,60,13436,554426,1.0822003297103671e-4,host-associated,spore_structure
K06334,Lake_Yojoa,0,271,7327,0,surface aquatic,spore_structure
K06334,Methylamines,63,8303,329925,1.909524892020914e-4,host-associated,spore_structure
K06334,Moose_rumen,0,870,39886,0,host-associated,spore_structure
K06334,Ohio_groundwater,0,251,10810,0,subsurface aquatic,spore_structure
K06334,OWC_wetlands,0,358,13786,0,surface aquatic,spore_structure
K06334,Prado_wetlands,0,1170,37517,0,surface aquatic,spore_structure
K06334,Prairie_potholes,0,1480,49964,0,surface aquatic,spore_structure
K06334,Salmonella_chow,10,677,24382,4.1013862685587726e-4,host-associated,spore_structure
K06334,Salmonella_HFD,38,3459,129483,2.9347481908822005e-4,host-associated,spore_structure
K06334,Stordalen_mire,0,1867,66646,0,terrestrial,spore_structure
K06383,Anaerobic_Digestors,0,726,25541,0,host-associated,regulation
K06383,ARDEC_agriculture,0,257,10532,0,terrestrial,regulation
K06383,Columbia_River,0,182,6029,0,surface aquatic,regulation
K06383,CT_feces,2,397,15408,1.2980269989615784e-4,host-associated,regulation
K06383,CT_soil,0,292,10236,0,terrestrial,regulation
K06383,East_River,0,150,5444,0,surface aquatic,regulation
K06383,Fire_soils,0,1777,79184,0,terrestrial,regulation
K06383,Frac_DJ_basin,6,4583,119496,5.02108857200241e-5,subsurface aquatic,regulation
K06383,Frack_STACK,0,1241,60475,0,subsurface aquatic,regulation
K06383,Fractured_shale,0,5411,192954,0,subsurface aquatic,regulation
K06383,Human_Microbiome_Project,0,2846,100581,0,host-associated,regulation
K06383,Huttenhower,9,13436,554426,1.6233004945655507e-5,host-associated,regulation
K06383,Lake_Yojoa,0,271,7327,0,surface aquatic,regulation
K06383,Methylamines,17,8303,329925,5.152686216564371e-5,host-associated,regulation
K06383,Moose_rumen,0,870,39886,0,host-associated,regulation
K06383,Ohio_groundwater,0,251,10810,0,subsurface aquatic,regulation
K06383,OWC_wetlands,0,358,13786,0,surface aquatic,regulation
K06383,Prado_wetlands,0,1170,37517,0,surface aquatic,regulation
K06383,Prairie_potholes,0,1480,49964,0,surface aquatic,regulation
K06383,Salmonella_chow,0,677,24382,0,host-associated,regulation
K06383,Salmonella_HFD,0,3459,129483,0,host-associated,regulation
K06383,Stordalen_mire,0,1867,66646,0,terrestrial,regulation
K06409,Anaerobic_Digestors,0,726,25541,0,host-associated,cell_wall
K06409,ARDEC_agriculture,0,257,10532,0,terrestrial,cell_wall
K06409,Columbia_River,0,182,6029,0,surface aquatic,cell_wall
K06409,CT_feces,1,397,15408,6.490134994807892e-5,host-associated,cell_wall
K06409,CT_soil,0,292,10236,0,terrestrial,cell_wall
K06409,East_River,0,150,5444,0,surface aquatic,cell_wall
K06409,Fire_soils,0,1777,79184,0,terrestrial,cell_wall
K06409,Frac_DJ_basin,0,4583,119496,0,subsurface aquatic,cell_wall
K06409,Frack_STACK,0,1241,60475,0,subsurface aquatic,cell_wall
K06409,Fractured_shale,0,5411,192954,0,subsurface aquatic,cell_wall
K06409,Human_Microbiome_Project,0,2846,100581,0,host-associated,cell_wall
K06409,Huttenhower,9,13436,554426,1.6233004945655507e-5,host-associated,cell_wall
K06409,Lake_Yojoa,0,271,7327,0,surface aquatic,cell_wall
K06409,Methylamines,11,8303,329925,3.334091081306358e-5,host-associated,cell_wall
K06409,Moose_rumen,0,870,39886,0,host-associated,cell_wall
K06409,Ohio_groundwater,0,251,10810,0,subsurface aquatic,cell_wall
K06409,OWC_wetlands,0,358,13786,0,surface aquatic,cell_wall
K06409,Prado_wetlands,0,1170,37517,0,surface aquatic,cell_wall
K06409,Prairie_potholes,0,1480,49964,0,surface aquatic,cell_wall
K06409,Salmonella_chow,0,677,24382,0,host-associated,cell_wall
K06409,Salmonella_HFD,0,3459,129483,0,host-associated,cell_wall
K06409,Stordalen_mire,0,1867,66646,0,terrestrial,cell_wall
K06901,Anaerobic_Digestors,0,726,25541,0,host-associated,transporter
K06901,ARDEC_agriculture,0,257,10532,0,terrestrial,transporter
K06901,Columbia_River,0,182,6029,0,surface aquatic,transporter
K06901,CT_feces,1,397,15408,6.490134994807892e-5,host-associated,transporter
K06901,CT_soil,0,292,10236,0,terrestrial,transporter
K06901,East_River,0,150,5444,0,surface aquatic,transporter
K06901,Fire_soils,0,1777,79184,0,terrestrial,transporter
K06901,Frac_DJ_basin,3,4583,119496,2.510544286001205e-5,subsurface aquatic,transporter
K06901,Frack_STACK,0,1241,60475,0,subsurface aquatic,transporter
K06901,Fractured_shale,0,5411,192954,0,subsurface aquatic,transporter
K06901,Human_Microbiome_Project,0,2846,100581,0,host-associated,transporter
K06901,Huttenhower,24,13436,554426,4.3288013188414685e-5,host-associated,transporter
K06901,Lake_Yojoa,0,271,7327,0,surface aquatic,transporter
K06901,Methylamines,29,8303,329925,8.789876487080397e-5,host-associated,transporter
K06901,Moose_rumen,0,870,39886,0,host-associated,transporter
K06901,Ohio_groundwater,0,251,10810,0,subsurface aquatic,transporter
K06901,OWC_wetlands,0,358,13786,0,surface aquatic,transporter
K06901,Prado_wetlands,0,1170,37517,0,surface aquatic,transporter
K06901,Prairie_potholes,0,1480,49964,0,surface aquatic,transporter
K06901,Salmonella_chow,0,677,24382,0,host-associated,transporter
K06901,Salmonella_HFD,2,3459,129483,1.544604310990632e-5,host-associated,transporter
K06901,Stordalen_mire,0,1867,66646,0,terrestrial,transporter
K07699,Anaerobic_Digestors,0,726,25541,0,host-associated,regulation
K07699,ARDEC_agriculture,0,257,10532,0,terrestrial,regulation
K07699,Columbia_River,0,182,6029,0,surface aquatic,regulation
K07699,CT_feces,1,397,15408,6.490134994807892e-5,host-associated,regulation
K07699,CT_soil,1,292,10236,9.769441187964049e-5,terrestrial,regulation
K07699,East_River,0,150,5444,0,surface aquatic,regulation
K07699,Fire_soils,0,1777,79184,0,terrestrial,regulation
K07699,Frac_DJ_basin,2,4583,119496,1.67369619066747e-5,subsurface aquatic,regulation
K07699,Frack_STACK,0,1241,60475,0,subsurface aquatic,regulation
K07699,Fractured_shale,1,5411,192954,5.182582377146885e-6,subsurface aquatic,regulation
K07699,Human_Microbiome_Project,11,2846,100581,1.0936459172209463e-4,host-associated,regulation
K07699,Huttenhower,109,13436,554426,1.9659972656405002e-4,host-associated,regulation
K07699,Lake_Yojoa,0,271,7327,0,surface aquatic,regulation
K07699,Methylamines,47,8303,329925,1.4245661892854435e-4,host-associated,regulation
K07699,Moose_rumen,2,870,39886,5.014290728576443e-5,host-associated,regulation
K07699,Ohio_groundwater,0,251,10810,0,subsurface aquatic,regulation
K07699,OWC_wetlands,1,358,13786,7.253735673872045e-5,surface aquatic,regulation
K07699,Prado_wetlands,0,1170,37517,0,surface aquatic,regulation
K07699,Prairie_potholes,0,1480,49964,0,surface aquatic,regulation
K07699,Salmonella_chow,6,677,24382,2.4608317611352635e-4,host-associated,regulation
K07699,Salmonella_HFD,42,3459,129483,3.243669053080327e-4,host-associated,regulation
K07699,Stordalen_mire,1,1867,66646,1.5004651441947004e-5,terrestrial,regulation
K08384,Anaerobic_Digestors,0,726,25541,0,host-associated,cell_wall
K08384,ARDEC_agriculture,0,257,10532,0,terrestrial,cell_wall
K08384,Columbia_River,0,182,6029,0,surface aquatic,cell_wall
K08384,CT_feces,3,397,15408,1.9470404984423675e-4,host-associated,cell_wall
K08384,CT_soil,2,292,10236,1.9538882375928098e-4,terrestrial,cell_wall
K08384,East_River,0,150,5444,0,surface aquatic,cell_wall
K08384,Fire_soils,0,1777,79184,0,terrestrial,cell_wall
K08384,Frac_DJ_basin,0,4583,119496,0,subsurface aquatic,cell_wall
K08384,Frack_STACK,0,1241,60475,0,subsurface aquatic,cell_wall
K08384,Fractured_shale,0,5411,192954,0,subsurface aquatic,cell_wall
K08384,Human_Microbiome_Project,0,2846,100581,0,host-associated,cell_wall
K08384,Huttenhower,14,13436,554426,2.5251341026575234e-5,host-associated,cell_wall
K08384,Lake_Yojoa,0,271,7327,0,surface aquatic,cell_wall
K08384,Methylamines,11,8303,329925,3.334091081306358e-5,host-associated,cell_wall
K08384,Moose_rumen,0,870,39886,0,host-associated,cell_wall
K08384,Ohio_groundwater,0,251,10810,0,subsurface aquatic,cell_wall
K08384,OWC_wetlands,0,358,13786,0,surface aquatic,cell_wall
K08384,Prado_wetlands,0,1170,37517,0,surface aquatic,cell_wall
K08384,Prairie_potholes,0,1480,49964,0,surface aquatic,cell_wall
K08384,Salmonella_chow,0,677,24382,0,host-associated,cell_wall
K08384,Salmonella_HFD,0,3459,129483,0,host-associated,cell_wall
K08384,Stordalen_mire,0,1867,66646,0,terrestrial,cell_wall
K00133,Anaerobic_Digestors,0,726,25541,0,host-associated,metabolic_enzyme
K00133,ARDEC_agriculture,0,257,10532,0,terrestrial,metabolic_enzyme
K00133,Columbia_River,0,182,6029,0,surface aquatic,metabolic_enzyme
K00133,CT_feces,0,397,15408,0,host-associated,metabolic_enzyme
K00133,CT_soil,7,292,10236,6.838608831574833e-4,terrestrial,metabolic_enzyme
K00133,East_River,0,150,5444,0,surface aquatic,metabolic_enzyme
K00133,Fire_soils,0,1777,79184,0,terrestrial,metabolic_enzyme
K00133,Frac_DJ_basin,0,4583,119496,0,subsurface aquatic,metabolic_enzyme
K00133,Frack_STACK,0,1241,60475,0,subsurface aquatic,metabolic_enzyme
K00133,Fractured_shale,0,5411,192954,0,subsurface aquatic,metabolic_enzyme
K00133,Human_Microbiome_Project,21,2846,100581,2.0878694783308974e-4,host-associated,metabolic_enzyme
K00133,Huttenhower,84,13436,554426,1.5150804615945138e-4,host-associated,metabolic_enzyme
K00133,Lake_Yojoa,0,271,7327,0,surface aquatic,metabolic_enzyme
K00133,Methylamines,133,8303,329925,4.031219216488596e-4,host-associated,metabolic_enzyme
K00133,Moose_rumen,0,870,39886,0,host-associated,metabolic_enzyme
K00133,Ohio_groundwater,0,251,10810,0,subsurface aquatic,metabolic_enzyme
K00133,OWC_wetlands,0,358,13786,0,surface aquatic,metabolic_enzyme
K00133,Prado_wetlands,0,1170,37517,0,surface aquatic,metabolic_enzyme
K00133,Prairie_potholes,0,1480,49964,0,surface aquatic,metabolic_enzyme
K00133,Salmonella_chow,14,677,24382,5.741940775982282e-4,host-associated,metabolic_enzyme
K00133,Salmonella_HFD,42,3459,129483,3.243669053080327e-4,host-associated,metabolic_enzyme
K00133,Stordalen_mire,0,1867,66646,0,terrestrial,metabolic_enzyme
K01770,Anaerobic_Digestors,0,726,25541,0,host-associated,metabolic_enzyme
K01770,ARDEC_agriculture,0,257,10532,0,terrestrial,metabolic_enzyme
K01770,Columbia_River,0,182,6029,0,surface aquatic,metabolic_enzyme
K01770,CT_feces,0,397,15408,0,host-associated,metabolic_enzyme
K01770,CT_soil,3,292,10236,2.9308323563892143e-4,terrestrial,metabolic_enzyme
K01770,East_River,0,150,5444,0,surface aquatic,metabolic_enzyme
K01770,Fire_soils,0,1777,79184,0,terrestrial,metabolic_enzyme
K01770,Frac_DJ_basin,0,4583,119496,0,subsurface aquatic,metabolic_enzyme
K01770,Frack_STACK,0,1241,60475,0,subsurface aquatic,metabolic_enzyme
K01770,Fractured_shale,0,5411,192954,0,subsurface aquatic,metabolic_enzyme
K01770,Human_Microbiome_Project,1,2846,100581,9.942235611099511e-6,host-associated,metabolic_enzyme
K01770,Huttenhower,8,13436,554426,1.4429337729471561e-5,host-associated,metabolic_enzyme
K01770,Lake_Yojoa,0,271,7327,0,surface aquatic,metabolic_enzyme
K01770,Methylamines,10,8303,329925,3.0309918920966887e-5,host-associated,metabolic_enzyme
K01770,Moose_rumen,0,870,39886,0,host-associated,metabolic_enzyme
K01770,Ohio_groundwater,0,251,10810,0,subsurface aquatic,metabolic_enzyme
K01770,OWC_wetlands,0,358,13786,0,surface aquatic,metabolic_enzyme
K01770,Prado_wetlands,0,1170,37517,0,surface aquatic,metabolic_enzyme
K01770,Prairie_potholes,0,1480,49964,0,surface aquatic,metabolic_enzyme
K01770,Salmonella_chow,2,677,24382,8.202772537117546e-5,host-associated,metabolic_enzyme
K01770,Salmonella_HFD,9,3459,129483,6.950719399457844e-5,host-associated,metabolic_enzyme
K01770,Stordalen_mire,0,1867,66646,0,terrestrial,metabolic_enzyme
K06406,Anaerobic_Digestors,0,726,25541,0,host-associated,germination
K06406,ARDEC_agriculture,0,257,10532,0,terrestrial,germination
K06406,Columbia_River,0,182,6029,0,surface aquatic,germination
K06406,CT_feces,0,397,15408,0,host-associated,germination
K06406,CT_soil,1,292,10236,9.769441187964049e-5,terrestrial,germination
K06406,East_River,0,150,5444,0,surface aquatic,germination
K06406,Fire_soils,0,1777,79184,0,terrestrial,germination
K06406,Frac_DJ_basin,0,4583,119496,0,subsurface aquatic,germination
K06406,Frack_STACK,0,1241,60475,0,subsurface aquatic,germination
K06406,Fractured_shale,0,5411,192954,0,subsurface aquatic,germination
K06406,Human_Microbiome_Project,1,2846,100581,9.942235611099511e-6,host-associated,germination
K06406,Huttenhower,3,13436,554426,5.411001648551836e-6,host-associated,germination
K06406,Lake_Yojoa,0,271,7327,0,surface aquatic,germination
K06406,Methylamines,3,8303,329925,9.092975676290066e-6,host-associated,germination
K06406,Moose_rumen,0,870,39886,0,host-associated,germination
K06406,Ohio_groundwater,0,251,10810,0,subsurface aquatic,germination
K06406,OWC_wetlands,0,358,13786,0,surface aquatic,germination
K06406,Prado_wetlands,0,1170,37517,0,surface aquatic,germination
K06406,Prairie_potholes,0,1480,49964,0,surface aquatic,germination
K06406,Salmonella_chow,0,677,24382,0,host-associated,germination
K06406,Salmonella_HFD,1,3459,129483,7.72302155495316e-6,host-associated,germination
K06406,Stordalen_mire,0,1867,66646,0,terrestrial,germination
K06407,Anaerobic_Digestors,0,726,25541,0,host-associated,germination
K06407,ARDEC_agriculture,0,257,10532,0,terrestrial,germination
K06407,Columbia_River,0,182,6029,0,surface aquatic,germination
K06407,CT_feces,0,397,15408,0,host-associated,germination
K06407,CT_soil,1,292,10236,9.769441187964049e-5,terrestrial,germination
K06407,East_River,0,150,5444,0,surface aquatic,germination
K06407,Fire_soils,0,1777,79184,0,terrestrial,germination
K06407,Frac_DJ_basin,0,4583,119496,0,subsurface aquatic,germination
K06407,Frack_STACK,0,1241,60475,0,subsurface aquatic,germination
K06407,Fractured_shale,0,5411,192954,0,subsurface aquatic,germination
K06407,Human_Microbiome_Project,1,2846,100581,9.942235611099511e-6,host-associated,germination
K06407,Huttenhower,6,13436,554426,1.0822003297103671e-5,host-associated,germination
K06407,Lake_Yojoa,0,271,7327,0,surface aquatic,germination
K06407,Methylamines,4,8303,329925,1.2123967568386754e-5,host-associated,germination
K06407,Moose_rumen,0,870,39886,0,host-associated,germination
K06407,Ohio_groundwater,0,251,10810,0,subsurface aquatic,germination
K06407,OWC_wetlands,0,358,13786,0,surface aquatic,germination
K06407,Prado_wetlands,0,1170,37517,0,surface aquatic,germination
K06407,Prairie_potholes,0,1480,49964,0,surface aquatic,germination
K06407,Salmonella_chow,0,677,24382,0,host-associated,germination
K06407,Salmonella_HFD,1,3459,129483,7.72302155495316e-6,host-associated,germination
K06407,Stordalen_mire,0,1867,66646,0,terrestrial,germination
K00974,Anaerobic_Digestors,0,726,25541,0,host-associated,information
K00974,ARDEC_agriculture,0,257,10532,0,terrestrial,information
K00974,Columbia_River,0,182,6029,0,surface aquatic,information
K00974,CT_feces,0,397,15408,0,host-associated,information
K00974,CT_soil,0,292,10236,0,terrestrial,information
K00974,East_River,0,150,5444,0,surface aquatic,information
K00974,Fire_soils,0,1777,79184,0,terrestrial,information
K00974,Frac_DJ_basin,1,4583,119496,8.36848095333735e-6,subsurface aquatic,information
K00974,Frack_STACK,1,1241,60475,1.6535758577924763e-5,subsurface aquatic,information
K00974,Fractured_shale,3,5411,192954,1.5547747131440654e-5,subsurface aquatic,information
K00974,Human_Microbiome_Project,0,2846,100581,0,host-associated,information
K00974,Huttenhower,2,13436,554426,3.6073344323678903e-6,host-associated,information
K00974,Lake_Yojoa,0,271,7327,0,surface aquatic,information
K00974,Methylamines,0,8303,329925,0,host-associated,information
K00974,Moose_rumen,0,870,39886,0,host-associated,information
K00974,Ohio_groundwater,0,251,10810,0,subsurface aquatic,information
K00974,OWC_wetlands,1,358,13786,7.253735673872045e-5,surface aquatic,information
K00974,Prado_wetlands,0,1170,37517,0,surface aquatic,information
K00974,Prairie_potholes,0,1480,49964,0,surface aquatic,information
K00974,Salmonella_chow,0,677,24382,0,host-associated,information
K00974,Salmonella_HFD,0,3459,129483,0,host-associated,information
K00974,Stordalen_mire,2,1867,66646,3.0009302883894008e-5,terrestrial,information
K01142,Anaerobic_Digestors,0,726,25541,0,host-associated,information
K01142,ARDEC_agriculture,0,257,10532,0,terrestrial,information
K01142,Columbia_River,0,182,6029,0,surface aquatic,information
K01142,CT_feces,0,397,15408,0,host-associated,information
K01142,CT_soil,0,292,10236,0,terrestrial,information
K01142,East_River,0,150,5444,0,surface aquatic,information
K01142,Fire_soils,0,1777,79184,0,terrestrial,information
K01142,Frac_DJ_basin,1,4583,119496,8.36848095333735e-6,subsurface aquatic,information
K01142,Frack_STACK,0,1241,60475,0,subsurface aquatic,information
K01142,Fractured_shale,0,5411,192954,0,subsurface aquatic,information
K01142,Human_Microbiome_Project,0,2846,100581,0,host-associated,information
K01142,Huttenhower,8,13436,554426,1.4429337729471561e-5,host-associated,information
K01142,Lake_Yojoa,0,271,7327,0,surface aquatic,information
K01142,Methylamines,1,8303,329925,3.0309918920966885e-6,host-associated,information
K01142,Moose_rumen,0,870,39886,0,host-associated,information
K01142,Ohio_groundwater,0,251,10810,0,subsurface aquatic,information
K01142,OWC_wetlands,0,358,13786,0,surface aquatic,information
K01142,Prado_wetlands,0,1170,37517,0,surface aquatic,information
K01142,Prairie_potholes,0,1480,49964,0,surface aquatic,information
K01142,Salmonella_chow,0,677,24382,0,host-associated,information
K01142,Salmonella_HFD,2,3459,129483,1.544604310990632e-5,host-associated,information
K01142,Stordalen_mire,0,1867,66646,0,terrestrial,information
K02343,Anaerobic_Digestors,0,726,25541,0,host-associated,information
K02343,ARDEC_agriculture,0,257,10532,0,terrestrial,information
K02343,Columbia_River,0,182,6029,0,surface aquatic,information
K02343,CT_feces,0,397,15408,0,host-associated,information
K02343,CT_soil,0,292,10236,0,terrestrial,information
K02343,East_River,0,150,5444,0,surface aquatic,information
K02343,Fire_soils,0,1777,79184,0,terrestrial,information
K02343,Frac_DJ_basin,4,4583,119496,3.34739238133494e-5,subsurface aquatic,information
K02343,Frack_STACK,4,1241,60475,6.614303431169905e-5,subsurface aquatic,information
K02343,Fractured_shale,2,5411,192954,1.036516475429377e-5,subsurface aquatic,information
K02343,Human_Microbiome_Project,0,2846,100581,0,host-associated,information
K02343,Huttenhower,6,13436,554426,1.0822003297103671e-5,host-associated,information
K02343,Lake_Yojoa,0,271,7327,0,surface aquatic,information
K02343,Methylamines,0,8303,329925,0,host-associated,information
K02343,Moose_rumen,0,870,39886,0,host-associated,information
K02343,Ohio_groundwater,0,251,10810,0,subsurface aquatic,information
K02343,OWC_wetlands,0,358,13786,0,surface aquatic,information
K02343,Prado_wetlands,2,1170,37517,5.33091665111816e-5,surface aquatic,information
K02343,Prairie_potholes,0,1480,49964,0,surface aquatic,information
K02343,Salmonella_chow,0,677,24382,0,host-associated,information
K02343,Salmonella_HFD,0,3459,129483,0,host-associated,information
K02343,Stordalen_mire,0,1867,66646,0,terrestrial,information
K03664,Anaerobic_Digestors,0,726,25541,0,host-associated,information
K03664,ARDEC_agriculture,0,257,10532,0,terrestrial,information
K03664,Columbia_River,0,182,6029,0,surface aquatic,information
K03664,CT_feces,0,397,15408,0,host-associated,information
K03664,CT_soil,0,292,10236,0,terrestrial,information
K03664,East_River,0,150,5444,0,surface aquatic,information
K03664,Fire_soils,0,1777,79184,0,terrestrial,information
K03664,Frac_DJ_basin,5,4583,119496,4.184240476668675e-5,subsurface aquatic,information
K03664,Frack_STACK,1,1241,60475,1.6535758577924763e-5,subsurface aquatic,information
K03664,Fractured_shale,3,5411,192954,1.5547747131440654e-5,subsurface aquatic,information
K03664,Human_Microbiome_Project,7,2846,100581,6.959564927769659e-5,host-associated,information
K03664,Huttenhower,71,13436,554426,1.280603723490601e-4,host-associated,information
K03664,Lake_Yojoa,0,271,7327,0,surface aquatic,information
K03664,Methylamines,31,8303,329925,9.396074865499735e-5,host-associated,information
K03664,Moose_rumen,0,870,39886,0,host-associated,information
K03664,Ohio_groundwater,0,251,10810,0,subsurface aquatic,information
K03664,OWC_wetlands,0,358,13786,0,surface aquatic,information
K03664,Prado_wetlands,0,1170,37517,0,surface aquatic,information
K03664,Prairie_potholes,0,1480,49964,0,surface aquatic,information
K03664,Salmonella_chow,5,677,24382,2.0506931342793863e-4,host-associated,information
K03664,Salmonella_HFD,21,3459,129483,1.6218345265401636e-4,host-associated,information
K03664,Stordalen_mire,0,1867,66646,0,terrestrial,information
K03698,Anaerobic_Digestors,0,726,25541,0,host-associated,information
K03698,ARDEC_agriculture,0,257,10532,0,terrestrial,information
K03698,Columbia_River,0,182,6029,0,surface aquatic,information
K03698,CT_feces,0,397,15408,0,host-associated,information
K03698,CT_soil,0,292,10236,0,terrestrial,information
K03698,East_River,0,150,5444,0,surface aquatic,information
K03698,Fire_soils,0,1777,79184,0,terrestrial,information
K03698,Frac_DJ_basin,18,4583,119496,1.506326571600723e-4,subsurface aquatic,information
K03698,Frack_STACK,0,1241,60475,0,subsurface aquatic,information
K03698,Fractured_shale,5,5411,192954,2.5912911885734425e-5,subsurface aquatic,information
K03698,Human_Microbiome_Project,2,2846,100581,1.9884471222199022e-5,host-associated,information
K03698,Huttenhower,51,13436,554426,9.198702802538121e-5,host-associated,information
K03698,Lake_Yojoa,1,271,7327,1.364815067558346e-4,surface aquatic,information
K03698,Methylamines,26,8303,329925,7.88057891945139e-5,host-associated,information
K03698,Moose_rumen,0,870,39886,0,host-associated,information
K03698,Ohio_groundwater,0,251,10810,0,subsurface aquatic,information
K03698,OWC_wetlands,0,358,13786,0,surface aquatic,information
K03698,Prado_wetlands,0,1170,37517,0,surface aquatic,information
K03698,Prairie_potholes,1,1480,49964,2.001441037547034e-5,surface aquatic,information
K03698,Salmonella_chow,0,677,24382,0,host-associated,information
K03698,Salmonella_HFD,0,3459,129483,0,host-associated,information
K03698,Stordalen_mire,3,1867,66646,4.501395432584101e-5,terrestrial,information
K11751,Anaerobic_Digestors,0,726,25541,0,host-associated,metabolic_enzyme
K11751,ARDEC_agriculture,0,257,10532,0,terrestrial,metabolic_enzyme
K11751,Columbia_River,0,182,6029,0,surface aquatic,metabolic_enzyme
K11751,CT_feces,0,397,15408,0,host-associated,metabolic_enzyme
K11751,CT_soil,0,292,10236,0,terrestrial,metabolic_enzyme
K11751,East_River,0,150,5444,0,surface aquatic,metabolic_enzyme
K11751,Fire_soils,0,1777,79184,0,terrestrial,metabolic_enzyme
K11751,Frac_DJ_basin,2,4583,119496,1.67369619066747e-5,subsurface aquatic,metabolic_enzyme
K11751,Frack_STACK,0,1241,60475,0,subsurface aquatic,metabolic_enzyme
K11751,Fractured_shale,0,5411,192954,0,subsurface aquatic,metabolic_enzyme
K11751,Human_Microbiome_Project,2,2846,100581,1.9884471222199022e-5,host-associated,metabolic_enzyme
K11751,Huttenhower,6,13436,554426,1.0822003297103671e-5,host-associated,metabolic_enzyme
K11751,Lake_Yojoa,0,271,7327,0,surface aquatic,metabolic_enzyme
K11751,Methylamines,4,8303,329925,1.2123967568386754e-5,host-associated,metabolic_enzyme
K11751,Moose_rumen,1,870,39886,2.5071453642882215e-5,host-associated,metabolic_enzyme
K11751,Ohio_groundwater,0,251,10810,0,subsurface aquatic,metabolic_enzyme
K11751,OWC_wetlands,0,358,13786,0,surface aquatic,metabolic_enzyme
K11751,Prado_wetlands,0,1170,37517,0,surface aquatic,metabolic_enzyme
K11751,Prairie_potholes,0,1480,49964,0,surface aquatic,metabolic_enzyme
K11751,Salmonella_chow,0,677,24382,0,host-associated,metabolic_enzyme
K11751,Salmonella_HFD,1,3459,129483,7.72302155495316e-6,host-associated,metabolic_enzyme
K11751,Stordalen_mire,0,1867,66646,0,terrestrial,metabolic_enzyme
K18889,Anaerobic_Digestors,0,726,25541,0,host-associated,transporter
K18889,ARDEC_agriculture,0,257,10532,0,terrestrial,transporter
K18889,Columbia_River,0,182,6029,0,surface aquatic,transporter
K18889,CT_feces,0,397,15408,0,host-associated,transporter
K18889,CT_soil,0,292,10236,0,terrestrial,transporter
K18889,East_River,0,150,5444,0,surface aquatic,transporter
K18889,Fire_soils,0,1777,79184,0,terrestrial,transporter
K18889,Frac_DJ_basin,3,4583,119496,2.510544286001205e-5,subsurface aquatic,transporter
K18889,Frack_STACK,0,1241,60475,0,subsurface aquatic,transporter
K18889,Fractured_shale,0,5411,192954,0,subsurface aquatic,transporter
K18889,Human_Microbiome_Project,0,2846,100581,0,host-associated,transporter
K18889,Huttenhower,5,13436,554426,9.018336080919725e-6,host-associated,transporter
K18889,Lake_Yojoa,0,271,7327,0,surface aquatic,transporter
K18889,Methylamines,8,8303,329925,2.4247935136773508e-5,host-associated,transporter
K18889,Moose_rumen,0,870,39886,0,host-associated,transporter
K18889,Ohio_groundwater,0,251,10810,0,subsurface aquatic,transporter
K18889,OWC_wetlands,0,358,13786,0,surface aquatic,transporter
K18889,Prado_wetlands,0,1170,37517,0,surface aquatic,transporter
K18889,Prairie_potholes,0,1480,49964,0,surface aquatic,transporter
K18889,Salmonella_chow,0,677,24382,0,host-associated,transporter
K18889,Salmonella_HFD,0,3459,129483,0,host-associated,transporter
K18889,Stordalen_mire,0,1867,66646,0,terrestrial,transporter
K00134,Anaerobic_Digestors,0,726,25541,0,host-associated,metabolic_enzyme
K00134,ARDEC_agriculture,0,257,10532,0,terrestrial,metabolic_enzyme
K00134,Columbia_River,0,182,6029,0,surface aquatic,metabolic_enzyme
K00134,CT_feces,0,397,15408,0,host-associated,metabolic_enzyme
K00134,CT_soil,0,292,10236,0,terrestrial,metabolic_enzyme
K00134,East_River,0,150,5444,0,surface aquatic,metabolic_enzyme
K00134,Fire_soils,0,1777,79184,0,terrestrial,metabolic_enzyme
K00134,Frac_DJ_basin,0,4583,119496,0,subsurface aquatic,metabolic_enzyme
K00134,Frack_STACK,8,1241,60475,1.322860686233981e-4,subsurface aquatic,metabolic_enzyme
K00134,Fractured_shale,32,5411,192954,1.6584263606870032e-4,subsurface aquatic,metabolic_enzyme
K00134,Human_Microbiome_Project,16,2846,100581,1.5907576977759218e-4,host-associated,metabolic_enzyme
K00134,Huttenhower,72,13436,554426,1.2986403956524405e-4,host-associated,metabolic_enzyme
K00134,Lake_Yojoa,0,271,7327,0,surface aquatic,metabolic_enzyme
K00134,Methylamines,168,8303,329925,5.092066378722437e-4,host-associated,metabolic_enzyme
K00134,Moose_rumen,0,870,39886,0,host-associated,metabolic_enzyme
K00134,Ohio_groundwater,0,251,10810,0,subsurface aquatic,metabolic_enzyme
K00134,OWC_wetlands,0,358,13786,0,surface aquatic,metabolic_enzyme
K00134,Prado_wetlands,0,1170,37517,0,surface aquatic,metabolic_enzyme
K00134,Prairie_potholes,0,1480,49964,0,surface aquatic,metabolic_enzyme
K00134,Salmonella_chow,0,677,24382,0,host-associated,metabolic_enzyme
K00134,Salmonella_HFD,56,3459,129483,4.3248920707737693e-4,host-associated,metabolic_enzyme
K00134,Stordalen_mire,0,1867,66646,0,terrestrial,metabolic_enzyme
K06131,Anaerobic_Digestors,0,726,25541,0,host-associated,metabolic_enzyme
K06131,ARDEC_agriculture,0,257,10532,0,terrestrial,metabolic_enzyme
K06131,Columbia_River,0,182,6029,0,surface aquatic,metabolic_enzyme
K06131,CT_feces,0,397,15408,0,host-associated,metabolic_enzyme
K06131,CT_soil,0,292,10236,0,terrestrial,metabolic_enzyme
K06131,East_River,0,150,5444,0,surface aquatic,metabolic_enzyme
K06131,Fire_soils,0,1777,79184,0,terrestrial,metabolic_enzyme
K06131,Frac_DJ_basin,0,4583,119496,0,subsurface aquatic,metabolic_enzyme
K06131,Frack_STACK,0,1241,60475,0,subsurface aquatic,metabolic_enzyme
K06131,Fractured_shale,0,5411,192954,0,subsurface aquatic,metabolic_enzyme
K06131,Human_Microbiome_Project,3,2846,100581,2.9826706833298535e-5,host-associated,metabolic_enzyme
K06131,Huttenhower,20,13436,554426,3.60733443236789e-5,host-associated,metabolic_enzyme
K06131,Lake_Yojoa,0,271,7327,0,surface aquatic,metabolic_enzyme
K06131,Methylamines,18,8303,329925,5.4557854057740395e-5,host-associated,metabolic_enzyme
K06131,Moose_rumen,0,870,39886,0,host-associated,metabolic_enzyme
K06131,Ohio_groundwater,0,251,10810,0,subsurface aquatic,metabolic_enzyme
K06131,OWC_wetlands,0,358,13786,0,surface aquatic,metabolic_enzyme
K06131,Prado_wetlands,0,1170,37517,0,surface aquatic,metabolic_enzyme
K06131,Prairie_potholes,0,1480,49964,0,surface aquatic,metabolic_enzyme
K06131,Salmonella_chow,3,677,24382,1.2304158805676317e-4,host-associated,metabolic_enzyme
K06131,Salmonella_HFD,23,3459,129483,1.7762949576392267e-4,host-associated,metabolic_enzyme
K06131,Stordalen_mire,0,1867,66646,0,terrestrial,metabolic_enzyme
K09747,Anaerobic_Digestors,0,726,25541,0,host-associated,information
K09747,ARDEC_agriculture,0,257,10532,0,terrestrial,information
K09747,Columbia_River,0,182,6029,0,surface aquatic,information
K09747,CT_feces,0,397,15408,0,host-associated,information
K09747,CT_soil,0,292,10236,0,terrestrial,information
K09747,East_River,0,150,5444,0,surface aquatic,information
K09747,Fire_soils,0,1777,79184,0,terrestrial,information
K09747,Frac_DJ_basin,0,4583,119496,0,subsurface aquatic,information
K09747,Frack_STACK,0,1241,60475,0,subsurface aquatic,information
K09747,Fractured_shale,0,5411,192954,0,subsurface aquatic,information
K09747,Human_Microbiome_Project,1,2846,100581,9.942235611099511e-6,host-associated,information
K09747,Huttenhower,16,13436,554426,2.8858675458943122e-5,host-associated,information
K09747,Lake_Yojoa,0,271,7327,0,surface aquatic,information
K09747,Methylamines,12,8303,329925,3.6371902705160264e-5,host-associated,information
K09747,Moose_rumen,0,870,39886,0,host-associated,information
K09747,Ohio_groundwater,0,251,10810,0,subsurface aquatic,information
K09747,OWC_wetlands,0,358,13786,0,surface aquatic,information
K09747,Prado_wetlands,0,1170,37517,0,surface aquatic,information
K09747,Prairie_potholes,0,1480,49964,0,surface aquatic,information
K09747,Salmonella_chow,0,677,24382,0,host-associated,information
K09747,Salmonella_HFD,1,3459,129483,7.72302155495316e-6,host-associated,information
K09747,Stordalen_mire,0,1867,66646,0,terrestrial,information
K20118,Anaerobic_Digestors,0,726,25541,0,host-associated,transporter
K20118,ARDEC_agriculture,0,257,10532,0,terrestrial,transporter
K20118,Columbia_River,0,182,6029,0,surface aquatic,transporter
K20118,CT_feces,0,397,15408,0,host-associated,transporter
K20118,CT_soil,0,292,10236,0,terrestrial,transporter
K20118,East_River,0,150,5444,0,surface aquatic,transporter
K20118,Fire_soils,0,1777,79184,0,terrestrial,transporter
K20118,Frac_DJ_basin,0,4583,119496,0,subsurface aquatic,transporter
K20118,Frack_STACK,0,1241,60475,0,subsurface aquatic,transporter
K20118,Fractured_shale,0,5411,192954,0,subsurface aquatic,transporter
K20118,Human_Microbiome_Project,2,2846,100581,1.9884471222199022e-5,host-associated,transporter
K20118,Huttenhower,6,13436,554426,1.0822003297103671e-5,host-associated,transporter
K20118,Lake_Yojoa,0,271,7327,0,surface aquatic,transporter
K20118,Methylamines,2,8303,329925,6.061983784193377e-6,host-associated,transporter
K20118,Moose_rumen,0,870,39886,0,host-associated,transporter
K20118,Ohio_groundwater,0,251,10810,0,subsurface aquatic,transporter
K20118,OWC_wetlands,0,358,13786,0,surface aquatic,transporter
K20118,Prado_wetlands,0,1170,37517,0,surface aquatic,transporter
K20118,Prairie_potholes,0,1480,49964,0,surface aquatic,transporter
K20118,Salmonella_chow,0,677,24382,0,host-associated,transporter
K20118,Salmonella_HFD,0,3459,129483,0,host-associated,transporter
K20118,Stordalen_mire,0,1867,66646,0,terrestrial,transporter
K00820,Anaerobic_Digestors,0,726,25541,0,host-associated,metabolic_enzyme
K00820,ARDEC_agriculture,0,257,10532,0,terrestrial,metabolic_enzyme
K00820,Columbia_River,0,182,6029,0,surface aquatic,metabolic_enzyme
K00820,CT_feces,0,397,15408,0,host-associated,metabolic_enzyme
K00820,CT_soil,0,292,10236,0,terrestrial,metabolic_enzyme
K00820,East_River,0,150,5444,0,surface aquatic,metabolic_enzyme
K00820,Fire_soils,0,1777,79184,0,terrestrial,metabolic_enzyme
K00820,Frac_DJ_basin,0,4583,119496,0,subsurface aquatic,metabolic_enzyme
K00820,Frack_STACK,0,1241,60475,0,subsurface aquatic,metabolic_enzyme
K00820,Fractured_shale,0,5411,192954,0,subsurface aquatic,metabolic_enzyme
K00820,Human_Microbiome_Project,0,2846,100581,0,host-associated,metabolic_enzyme
K00820,Huttenhower,1,13436,554426,1.8036672161839451e-6,host-associated,metabolic_enzyme
K00820,Lake_Yojoa,0,271,7327,0,surface aquatic,metabolic_enzyme
K00820,Methylamines,1,8303,329925,3.0309918920966885e-6,host-associated,metabolic_enzyme
K00820,Moose_rumen,0,870,39886,0,host-associated,metabolic_enzyme
K00820,Ohio_groundwater,0,251,10810,0,subsurface aquatic,metabolic_enzyme
K00820,OWC_wetlands,0,358,13786,0,surface aquatic,metabolic_enzyme
K00820,Prado_wetlands,0,1170,37517,0,surface aquatic,metabolic_enzyme
K00820,Prairie_potholes,0,1480,49964,0,surface aquatic,metabolic_enzyme
K00820,Salmonella_chow,0,677,24382,0,host-associated,metabolic_enzyme
K00820,Salmonella_HFD,0,3459,129483,0,host-associated,metabolic_enzyme
K00820,Stordalen_mire,0,1867,66646,0,terrestrial,metabolic_enzyme
K06396,Anaerobic_Digestors,0,726,25541,0,host-associated,transporter
K06396,ARDEC_agriculture,0,257,10532,0,terrestrial,transporter
K06396,Columbia_River,0,182,6029,0,surface aquatic,transporter
K06396,CT_feces,0,397,15408,0,host-associated,transporter
K06396,CT_soil,0,292,10236,0,terrestrial,transporter
K06396,East_River,0,150,5444,0,surface aquatic,transporter
K06396,Fire_soils,0,1777,79184,0,terrestrial,transporter
K06396,Frac_DJ_basin,0,4583,119496,0,subsurface aquatic,transporter
K06396,Frack_STACK,0,1241,60475,0,subsurface aquatic,transporter
K06396,Fractured_shale,0,5411,192954,0,subsurface aquatic,transporter
K06396,Human_Microbiome_Project,0,2846,100581,0,host-associated,transporter
K06396,Huttenhower,4,13436,554426,7.2146688647357805e-6,host-associated,transporter
K06396,Lake_Yojoa,0,271,7327,0,surface aquatic,transporter
K06396,Methylamines,6,8303,329925,1.8185951352580132e-5,host-associated,transporter
K06396,Moose_rumen,0,870,39886,0,host-associated,transporter
K06396,Ohio_groundwater,0,251,10810,0,subsurface aquatic,transporter
K06396,OWC_wetlands,0,358,13786,0,surface aquatic,transporter
K06396,Prado_wetlands,0,1170,37517,0,surface aquatic,transporter
K06396,Prairie_potholes,0,1480,49964,0,surface aquatic,transporter
K06396,Salmonella_chow,0,677,24382,0,host-associated,transporter
K06396,Salmonella_HFD,6,3459,129483,4.633812932971896e-5,host-associated,transporter
K06396,Stordalen_mire,0,1867,66646,0,terrestrial,transporter
K10979,Anaerobic_Digestors,0,726,25541,0,host-associated,information
K10979,ARDEC_agriculture,0,257,10532,0,terrestrial,information
K10979,Columbia_River,0,182,6029,0,surface aquatic,information
K10979,CT_feces,0,397,15408,0,host-associated,information
K10979,CT_soil,0,292,10236,0,terrestrial,information
K10979,East_River,0,150,5444,0,surface aquatic,information
K10979,Fire_soils,0,1777,79184,0,terrestrial,information
K10979,Frac_DJ_basin,0,4583,119496,0,subsurface aquatic,information
K10979,Frack_STACK,0,1241,60475,0,subsurface aquatic,information
K10979,Fractured_shale,0,5411,192954,0,subsurface aquatic,information
K10979,Human_Microbiome_Project,0,2846,100581,0,host-associated,information
K10979,Huttenhower,1,13436,554426,1.8036672161839451e-6,host-associated,information
K10979,Lake_Yojoa,0,271,7327,0,surface aquatic,information
K10979,Methylamines,0,8303,329925,0,host-associated,information
K10979,Moose_rumen,0,870,39886,0,host-associated,information
K10979,Ohio_groundwater,0,251,10810,0,subsurface aquatic,information
K10979,OWC_wetlands,3,358,13786,2.176120702161613e-4,surface aquatic,information
K10979,Prado_wetlands,0,1170,37517,0,surface aquatic,information
K10979,Prairie_potholes,1,1480,49964,2.001441037547034e-5,surface aquatic,information
K10979,Salmonella_chow,0,677,24382,0,host-associated,information
K10979,Salmonella_HFD,0,3459,129483,0,host-associated,information
K10979,Stordalen_mire,0,1867,66646,0,terrestrial,information
