protein_id,protein_length,taxid,genome_name,footprint,superkingdom,clade,phylum,class,order,family,genus,species,subspecies,species group,seq
BAF60981.1,83,370438,Pelotomaculum_thermopropionicum_SI,1-83,Bacteria,Terrabacteria group,Firmicutes,Clostridia,Eubacteriales,Desulfotomaculaceae,Pelotomaculum,Pelotomaculum thermopropionicum,NA,NA,MQEYIQKRVLDICAYILETQATVRQAAQVFQVSKSTVHKDMTERLPSLNKQLAQQVKAILEHNKAERHLRGGEATRRKYKDLA
AEG16899.1,82,760568,Desulfofundulus_kuznetsovii_DSM_6115,1-82,Bacteria,Terrabacteria group,Firmicutes,Clostridia,Eubacteriales,Peptococcaceae,Desulfofundulus,Desulfofundulus kuznetsovii,NA,NA,MQEYIQKRVLDICAYILETRATVRQAAQVFQVSKSTVHKDMTERLPSLNKKLAQEVRAILEQNKAERHLRGGEATRKKYKEA
AEJ39013.1,85,1051632,Sulfobacillus_acidophilus_TPY,1-85,Bacteria,Terrabacteria group,Firmicutes,Clostridia,Eubacteriales,Clostridiales Family XVII. Incertae Sedis,Sulfobacillus,Sulfobacillus acidophilus,NA,NA,MKDHIWQRVMDIGNYILKSGATVRDTAKVFGVSKSTVHKDVTERLPKVNAHLAQEVKKILEVNKAERHLRGGEATRQKFRTQNPV
WP_011024671.1,87,273068,Caldanaerobacter_subterraneus_sub_tengcongensis_MB4,1-87,Bacteria,Terrabacteria group,Firmicutes,Clostridia,Thermoanaerobacterales,Thermoanaerobacteraceae,Caldanaerobacter,Caldanaerobacter subterraneus,Caldanaerobacter subterraneus subsp. tengcongensis,NA,MKDYIEERTLEISKYIVEHKATVREAAKVFGVSKSTVHKDVTERLPEINFELYKEVREVLSKNKAERHIRGGKATKMKYQKLNNKIS
WP_023437156.1,84,212717,Clostridium_tetani_E88_Massachusetts_sub_E88,1-84,Bacteria,Terrabacteria group,Firmicutes,Clostridia,Eubacteriales,Clostridiaceae,Clostridium,Clostridium tetani,NA,NA,MKDYIEERVLEVANYIISSKATIRKTAKVFGVSKSTVHKDMTERLPKINPQIAKEAKNILDFNKSERHIRGGKATKMKYKAIEG
NP_834945.1,90,226900,Bacillus_cereus_ATCC_14579,1-90,Bacteria,Terrabacteria group,Firmicutes,Bacilli,Bacillales,Bacillaceae,Bacillus,Bacillus cereus,NA,Bacillus cereus group,MHDYIKERTIKIGKYIVETRKTVRVIAKEFGVSKSTVHKDLTERLPEINPELANEVKEILDYHKSIRHLRGGEATKQKYRKEDVEKPVRQ
NP_847680.1,132,198094,Bacillus_anthracis_Ames,1-132,Bacteria,Terrabacteria group,Firmicutes,Bacilli,Bacillales,Bacillaceae,Bacillus,Bacillus anthracis,NA,Bacillus cereus group,MNHFIINPRMFNAYKQHSHLLLSRMQRGSFHTSHIQFREASGVHDYIKERTIKIGKYIVETRKTVRVIAKEFGVSKSTVHKDLTERLPEINPELANEVKEILDYHKSIRHLRGGEATKQKYRKEDVEKPVRQ
WP_003185911.1,91,279010,Bacillus_licheniformis_DSM_13_ATCC_14580,1-91,Bacteria,Terrabacteria group,Firmicutes,Bacilli,Bacillales,Bacillaceae,Bacillus,Bacillus licheniformis,NA,Bacillus subtilis group,MHDYIKERTIKIGKYIVETKKTVRVIAKEFGVSKSTVHKDLTERLPEINPDLANEVKEILDYHKSIRHLRGGEATKLKYKKEEIFEREPVQ
NP_349462.1,84,272562,Clostridium_acetobutylicum_ATCC_824,1-84,Bacteria,Terrabacteria group,Firmicutes,Clostridia,Eubacteriales,Clostridiaceae,Clostridium,Clostridium acetobutylicum,NA,NA,MKDYIEERVMEVAKYIIESKATIRKTAKVFGVSKSTIHKDMTERLPQINPQIAELAKGVLELNKAERHIRGGKATKMKYKAIEG
NP_391523.1,93,224308,Bacillus_subtilis_sub_subtilis_168,1-93,Bacteria,Terrabacteria group,Firmicutes,Bacilli,Bacillales,Bacillaceae,Bacillus,Bacillus subtilis,Bacillus subtilis subsp. subtilis,Bacillus subtilis group,MHDYIKERTIKIGKYIVETKKTVRVIAKEFGVSKSTVHKDLTERLPEINPDLANEVKEILDYHKSIRHLRGGEATKLKYKKDEILEGEPVQQS
YP_001086595.1,86,272563,Clostridioides_difficile_630,1-86,Bacteria,Terrabacteria group,Firmicutes,Clostridia,Eubacteriales,Peptostreptococcaceae,Clostridioides,Clostridioides difficile,NA,NA,MRSHIEERAIVVAKYILEKNTTVRQTAKTFGVSKSTIHKDVTERLKEINPSLAKEVKNVLDKNKSERHIRGGLATKLKYEKEHKKM
WP_011232801.1,87,235909,Geobacillus_kaustophilus_HTA426,1-87,Bacteria,Terrabacteria group,Firmicutes,Bacilli,Bacillales,Bacillaceae,Geobacillus,Geobacillus kaustophilus,NA,Geobacillus thermoleovorans group,MHDYIKERTIKIGKYIVETRKTVRVIAKEFGVSKSTVHKDLTERLPEINPELAQEVKQILDYHKSIRHLRGGEATKKKYKKQTVKNN
WP_011194238.1,82,292459,Symbiobacterium_thermophilum_IAM_14863_IAM14863,1-82,Bacteria,Terrabacteria group,Firmicutes,Clostridia,Eubacteriales,Symbiobacteriaceae,Symbiobacterium,Symbiobacterium thermophilum,NA,NA,MKDHIWKRVLEIGNHICRTKDTVRETASVFGVSKSTVHKDVTERLPRINPELAAKVKRVLDQNKAERHIRGGAATRQKYLER
WP_014795808.1,82,138119,Desulfitobacterium_hafniense_Y51,1-82,Bacteria,Terrabacteria group,Firmicutes,Clostridia,Eubacteriales,Desulfitobacteriaceae,Desulfitobacterium,Desulfitobacterium hafniense,NA,NA,MQEYIRKRVLDIGNYIMESSATVRQTADIFGVSKSTVHKDVTERLPLINEKLAMEVKQILESNKAERHIRGGEATRKKYQES
WP_003388385.1,94,358681,Brevibacillus_brevis_NBRC_100599_NBRC_100599_47,1-94,Bacteria,Terrabacteria group,Firmicutes,Bacilli,Bacillales,Paenibacillaceae,Brevibacillus,Brevibacillus brevis,NA,NA,MHDYIKERTIKIGRYIVETRNTVRMIAKEFGVSKSTVHKDLTERLPEINPELANQVKEILEYHKAIRHLRGGEATKIKYKRRSKKVRVEQEESV
WP_010899865.1,94,272558,Bacillus_halodurans_C-125,1-94,Bacteria,Terrabacteria group,Firmicutes,Bacilli,Bacillales,Bacillaceae,Halalkalibacterium (ex Joshi et al. 2022),Halalkalibacterium halodurans,NA,NA,MHDYIKERTIKIGRYIVETRKTVRTIAKEFGVSKSTVHKDLTERLPEINPELANEVKDILEYHKSIRHLRGGEATKVKYKKAKVSEGEAVKTRL
WP_011067356.1,94,221109,Oceanobacillus_iheyensis_HTE831,1-94,Bacteria,Terrabacteria group,Firmicutes,Bacilli,Bacillales,Bacillaceae,Oceanobacillus,Oceanobacillus iheyensis,NA,NA,MHDYIKERTIRIGRHVVETRKTVRTIAKEFGVSKSTVHKDLTERLPEINPELAIQVKEILEYHKAIRHLRGGEATRQKYKIDGKPLETEKKPAG
WP_011345400.1,84,246194,Carboxydothermus_hydrogenoformans_Z-2901,1-84,Bacteria,Terrabacteria group,Firmicutes,Clostridia,Thermoanaerobacterales,Thermoanaerobacteraceae,Carboxydothermus,Carboxydothermus hydrogenoformans,NA,NA,MQEYILKRVLKLTYYVLENKATVRKTAEVFGVSKSTVHKDLTERLPALDKKLAGEIKKILEQNKAERHIRGGEATRKKYKNMAK
YP_431197.1,85,264732,Moorella_thermoacetica_ATCC_39073,1-85,Bacteria,Terrabacteria group,Firmicutes,Clostridia,Thermoanaerobacterales,Thermoanaerobacteraceae,Moorella,Moorella thermoacetica,NA,NA,MQDYIRERVLQIAAYIVEYRCTVRQAATAFSVSKSTVHKDVAERLPKINMALAREVRAVLNTNKAERHLRGGEATRKKYKEAQVS
WP_003452341.1,83,195103,Clostridium_perfringens_ATCC_13124,1-83,Bacteria,Terrabacteria group,Firmicutes,Clostridia,Eubacteriales,Clostridiaceae,Clostridium,Clostridium perfringens,NA,NA,MKDYIEERVLEVAQYIIYSRATIRKTAKVFGVSKSTIHKDMTERLPKINPDIAEEAKSILDLNKAERHIRGGKATKLKYKVVE
WP_011641748.1,82,335541,Syntrophomonas_wolfei_sub_wolfei_Goettingen_G311,1-82,Bacteria,Terrabacteria group,Firmicutes,Clostridia,Eubacteriales,Syntrophomonadaceae,Syntrophomonas,Syntrophomonas wolfei,Syntrophomonas wolfei subsp. wolfei,NA,MQNYIRKRAVKIAYHILQTSNTVRQTAEVFGISKSTVHKDVSERLPRINRDLAEQVRCILDKNKAERHIRGGEATRQKYACM
WP_003512937.1,87,203119,Hungateiclostridium_thermocellum_ATCC_27405,1-87,Bacteria,Terrabacteria group,Firmicutes,Clostridia,Eubacteriales,Oscillospiraceae,Acetivibrio,Acetivibrio thermocellus,NA,NA,MKSYIEERAVELANYIVENKATVRAAAKKFGISKSTVHKDVTERLLQINSALAEQAKAVLDKNKAERHIRGGMATKAKYKGNVEAKK
WP_011916751.1,94,351627,Caldicellulosiruptor_saccharolyticus_DSM_8903,1-94,Bacteria,Terrabacteria group,Firmicutes,Clostridia,Thermoanaerobacterales,Thermoanaerobacterales Family III. Incertae Sedis,Caldicellulosiruptor,Caldicellulosiruptor saccharolyticus,NA,NA,MKKDIEKRTLLAAELLIRYNSTVRKVAKVLGVSKSTVHNDLTYRLNKINKWLYKQVRAILEKNKQERHIRGGEATKKKYSAKKEQLVSKNSGII
WP_011971502.1,87,293826,Alkaliphilus_metalliredigens_QYMF,1-87,Bacteria,Terrabacteria group,Firmicutes,Clostridia,Eubacteriales,Clostridiaceae,Alkaliphilus,Alkaliphilus metalliredigens,NA,NA,MKDYIEKRAVEIANYIINQGATVRQTARVFGVSKSTVHKDVTERLPKINPLVANQVKDILDTNKAERHIRGGKATRMKYKSKDRRVQ
WP_012303196.1,83,477974,Candidatus_Desulforudis_audaxviator_MP104C,1-83,Bacteria,Terrabacteria group,Firmicutes,Clostridia,Eubacteriales,Peptococcaceae,Candidatus Desulforudis,Candidatus Desulforudis audaxviator,NA,NA,MQEYIQKRVLDICAFILESKATVRQAATVFKVSKSTVHKDMTERLPSLNKKLANRVRIVLEHNKSVRHLRGGEATRKKYKETG
WP_012198240.1,96,357809,Lachnoclostridium_phytofermentans_ISDg,1-96,Bacteria,Terrabacteria group,Firmicutes,Clostridia,Eubacteriales,Lachnospiraceae,Lachnoclostridium,Lachnoclostridium phytofermentans,NA,NA,MKGSNLFKHKQIEERAAEIAAFIIENNATVRQTAKQFGISKSTVHKDVTERLLQVNPSLAERARVVLDLNKSERHIRGGLATKEKYLHKGKTVQGY
WP_003396966.1,87,491915,Anoxybacillus_flavithermus_WK1,1-87,Bacteria,Terrabacteria group,Firmicutes,Bacilli,Bacillales,Bacillaceae,Anoxybacillus,Anoxybacillus flavithermus,NA,NA,MHDYIKERTIKIGKYIVETRKTVRVIAKEFGVSKSTVHKDLTERLPEINPELANEVKEILDYHKSIRHLRGGEATKKKYKKETEQAT
WP_012281991.1,83,498761,Heliobacterium_modesticaldum_Ice1_ATCC_51547,1-83,Bacteria,Terrabacteria group,Firmicutes,Clostridia,Eubacteriales,Heliobacteriaceae,Heliomicrobium,Heliomicrobium modesticaldum,NA,NA,MQEYIRKRVLEVSQYILDTSATVRQTATVFGVSKSTIHKDVTERLPSINSDLAEEVKNILDHNKSERHIRGGEATRRKYQEAL
WP_012449215.1,105,457570,Natranaerobius_thermophilus_JWNM-WN-LF,1-105,Bacteria,Terrabacteria group,Firmicutes,Clostridia,Natranaerobiales,Natranaerobiaceae,Natranaerobius,Natranaerobius thermophilus,NA,NA,MQDYIQERVLEISQYILDTKATVRQVAKNFGVSKSTVHKDITERLPLIKPDRAKDIKKILNQNKAERHIRGGEATRKKYSQPHEIDESEIDQEKELIKENSSISN
WP_015923493.1,86,373903,Halothermothrix_orenii_H_168_DSM_9562,1-86,Bacteria,Terrabacteria group,Firmicutes,Clostridia,Halanaerobiales,Halanaerobiaceae,Halothermothrix,Halothermothrix orenii,NA,NA,MKDYIRQRVIEIANYIYETKATVRQAAKIYGVSKSTVHKDVTERLKKVDPKLAHKVKQVLEFNKAERHIRGGEATRRKYEKLKKNE
WP_022292793.1,90,515619,Eubacterium_rectale_ATCC_33656,1-90,Bacteria,Terrabacteria group,Firmicutes,Clostridia,Eubacteriales,Lachnospiraceae,NA,[Eubacterium] rectale,NA,NA,MKSYIETRAVEIANYIVENNATVRQAAKQFGISKSTVHKDITDADRLLRIDPELAAKARHILDINKSERHIRGGLATREKYLHLPHVHAG
WP_015757979.1,84,485916,Desulfofarcimen_acetoxidans_DSM_771,1-84,Bacteria,Terrabacteria group,Firmicutes,Clostridia,Eubacteriales,Peptococcaceae,Desulfofarcimen,Desulfofarcimen acetoxidans,NA,NA,MEKHIHNRVLTICSYILETQATVRQAAGVFGISKSTVHKDLTDRLPSVNKELTCAVKLVLNYNKAECSSRGGKALRQKYIKQEA
WP_015759497.1,83,485916,Desulfofarcimen_acetoxidans_DSM_771,1-83,Bacteria,Terrabacteria group,Firmicutes,Clostridia,Eubacteriales,Peptococcaceae,Desulfofarcimen,Desulfofarcimen acetoxidans,NA,NA,MQEYIQKRVLDICAYILDTQATVRQAANLFNVSKSTVHKDMTERLPSLNKELAKKVKQILEYNKSERHLRGGEATRRKYKDMA
WP_015738141.1,94,429009,Ammonifex_degensii_KC4,1-94,Bacteria,Terrabacteria group,Firmicutes,Clostridia,Thermoanaerobacterales,Thermoanaerobacteraceae,Ammonifex,Ammonifex degensii,NA,NA,MQDYIQRRVLEICAYILETRATVRQAAKVFNVSKSTVHKDMTERLPSLNKTLARKIRAILDQNKAERHLRGGEATRRKYREKAEKEEKEEFLRA
WP_012994315.1,86,580331,Thermoanaerobacter_italicus_Ab9,1-86,Bacteria,Terrabacteria group,Firmicutes,Clostridia,Thermoanaerobacterales,Thermoanaerobacteraceae,Thermoanaerobacter,Thermoanaerobacter italicus,NA,NA,MKDYIEERTLEISKYIIEHKATVREAAKVFGVSKSTVHKDVTERLPDINFELYKEVREILSKNKAERHIRGGKATKMKYQKMNNKF
YP_001252709.1,84,413999,Clostridium_botulinum_A_ATCC_3502,1-84,Bacteria,Terrabacteria group,Firmicutes,Clostridia,Eubacteriales,Clostridiaceae,Clostridium,Clostridium botulinum,NA,NA,MKDYIEERVLEVAHYIIDSKATIRKTAKVFGVSKSTIHKDMTERLPKINPQIAEEAKEILDYNKAERHIRGGKATKMKYKAIEG
WP_013176419.1,85,643648,Syntrophothermus_lipocalidus_DSM_12680,1-85,Bacteria,Terrabacteria group,Firmicutes,Clostridia,Eubacteriales,Syntrophomonadaceae,Syntrophothermus,Syntrophothermus lipocalidus,NA,NA,MQNYIRKRAVKIGQYILRTSATVRQAAEVFGISKSTVHKDVSERLPRINKELAEAVKAILNKNKAERHLRGGEATRQKYMAQHRA
WP_013077098.1,95,562970,Kyrpidia_tusciae_DSM_2912,1-95,Bacteria,Terrabacteria group,Firmicutes,Bacilli,Bacillales,Alicyclobacillaceae,Kyrpidia,Kyrpidia tusciae,NA,NA,MHDYIRERTIKIGEYIVETRNTVRTIAREFGVSKSTVHKDLTERLPEINPELASRVKEILEYHKSIRHLRGGEATKNKYRNGQSSSPRTMVNTLL
WP_013121706.1,84,635013,Thermincola_potens_JR,1-84,Bacteria,Terrabacteria group,Firmicutes,Clostridia,Eubacteriales,Thermincolaceae,Thermincola,Thermincola potens,NA,NA,MQDYIRKRVLDISNYIMDTKATVRQAAAVFGVSKSTVHKDMTERLPMINKKLAQKIREILEFNKAERHLRGGEATRKKYQEMVE
WP_041423938.1,84,555079,Thermosediminibacter_oceani_DSM_16646,1-84,Bacteria,Terrabacteria group,Firmicutes,Clostridia,Thermosediminibacterales,Thermosediminibacteraceae,Thermosediminibacter,Thermosediminibacter oceani,NA,NA,MRDYMRERILEIAAYIIETKATVRQAAKIFGVSKSTVHKDMTERLPEINPEKAKLVKEVLEFNKAERHIRGGRATRRKYLNINK
WP_013279137.1,86,574087,Acetohalobium_arabaticum_DSM_5501,1-86,Bacteria,Terrabacteria group,Firmicutes,Clostridia,Halanaerobiales,Halobacteroidaceae,Acetohalobium,Acetohalobium arabaticum,NA,NA,MKDYIYQRVLEVSNYIYETRATVRQAAKVFGVSKSTIHKDATERLQKIDKRLAEKVKKVLEYNKAERHIRGGQATKEKYLSEKNND
WP_013373425.1,95,886882,Paenibacillus_polymyxa_SC2,1-95,Bacteria,Terrabacteria group,Firmicutes,Bacilli,Bacillales,Paenibacillaceae,Paenibacillus,Paenibacillus polymyxa,NA,NA,MHDYIKERTIKIGRCIVETRNTVRTIAKEFGVSKSTVHKDLTERLPEINPDLADQVKHILEYHKSIRHLRGGEATKIKYKKTSGKRRGILVSGKS
WP_083803598.1,76,663278,Ethanoligenens_harbinense_YUAN-3,1-76,Bacteria,Terrabacteria group,Firmicutes,Clostridia,Eubacteriales,Oscillospiraceae,Ethanoligenens,Ethanoligenens harbinense,NA,NA,MKGIVEERAVELGEYIIAHQSTVRGAAKEFGISKSTVHAAVTKWNVLHGRSYKRIKVTQRSGGNGALQRPCRYHQS
WP_083803599.1,55,663278,Ethanoligenens_harbinense_YUAN-3,1-55,Bacteria,Terrabacteria group,Firmicutes,Clostridia,Eubacteriales,Oscillospiraceae,Ethanoligenens,Ethanoligenens harbinense,NA,NA,MRPFRFVTAVHKDVSERLKKLNPQLYIEVKHVLEVNKAQRHIRGGMATRRKYRHE
WP_013657761.1,84,642492,Cellulosilyticum_lentocellum_DSM_5427,1-84,Bacteria,Terrabacteria group,Firmicutes,Clostridia,Eubacteriales,Lachnospiraceae,Cellulosilyticum,Cellulosilyticum lentocellum,NA,NA,MKVYIEERCKEIAKYIIKTRCTCKDCARKFGISETTVHQDMRKRLPKIDNKLYLQVSNILDLNKAEAFLRGGLATKEKYEINKI
WP_013658567.1,84,642492,Cellulosilyticum_lentocellum_DSM_5427,1-84,Bacteria,Terrabacteria group,Firmicutes,Clostridia,Eubacteriales,Lachnospiraceae,Cellulosilyticum,Cellulosilyticum lentocellum,NA,NA,MKAYIEERAIESAKFIINSNATVRETAKKFGISKSTVHKDVTERLEKINPKLANEARKVLELNKAERHLRGGLATKEKYSSLIK
WP_013498502.1,88,697329,Ruminococcus_albus_7_DSM_20455,1-88,Bacteria,Terrabacteria group,Firmicutes,Clostridia,Eubacteriales,Oscillospiraceae,Ruminococcus,Ruminococcus albus,NA,NA,MFGNDRERAVQFGEYMVSQKSTVRATAAAFGVSKSTVHKDLTENLPKISAVLYSEVRKILEENKEQRHIRGGLATKHKYENINNRTGI
WP_013494604.1,99,644966,Thermaerobacter_marianensis_DSM_12885,1-99,Bacteria,Terrabacteria group,Firmicutes,Clostridia,Eubacteriales,Clostridiales Family XVII. Incertae Sedis,Thermaerobacter,Thermaerobacter marianensis,NA,NA,MKDYIWKRVVEVSTYIARTRSTVREAAKVFGVSKSTVHKDVTERLPKIDSQLAAKVQQVLETNKAERHLRGGEATRLKYLQEQRGQVQEQAHSEPPVGA
WP_013626254.1,86,645991,Syntrophobotulus_glycolicus_DSM_8271,1-86,Bacteria,Terrabacteria group,Firmicutes,Clostridia,Eubacteriales,Desulfitobacteriaceae,Syntrophobotulus,Syntrophobotulus glycolicus,NA,NA,MQEHIKKRALDIGTYIMESSSTVRRTAEIFGVSKSTVHKDVTERLPQINKQLSAEVKNILDSNKAERHIRGGEATKRKYKHSSEED
WP_013779115.1,82,1209989,Tepidanaerobacter_acetatoxydans_Re1,1-82,Bacteria,Terrabacteria group,Firmicutes,Clostridia,Thermosediminibacterales,Tepidanaerobacteraceae,Tepidanaerobacter,Tepidanaerobacter acetatoxydans,NA,NA,MKDYMRERILEIADYIIDTKATVRQAAKVFGVSKSTVHKDMTERLLEINPQKAIEVREVLEFNKAERHIRGGRATREKYIHL
WP_013779983.1,84,697281,Mahella_australiensis_50-1_BON,1-84,Bacteria,Terrabacteria group,Firmicutes,Clostridia,Thermoanaerobacterales,Thermoanaerobacterales Family IV. Incertae Sedis,Mahella,Mahella australiensis,NA,NA,MKEYIEERVVATAQYIIKHKATVREAAKVFKVSKSTVHKDMSERLPKINPILYNQVKKIVDKNKAERHIRGGRATKLKYIAKKI
WP_013843629.1,83,696281,Desulfotomaculum_ruminis_DSM_2154,1-83,Bacteria,Terrabacteria group,Firmicutes,Clostridia,Eubacteriales,Peptococcaceae,Desulforamulus,Desulforamulus ruminis,NA,NA,MQDYIQKRVLDICAYILETKATVRGAAQVFQVSKSTVHKDMTERLPSLNKHLAQEVKAILDENKAERHLRGGEATRRKYKEII
WP_012811963.1,106,1048834,Alicyclobacillus_acidocaldarius_sub_acidocaldarius_Tc-4-1,1-106,Bacteria,Terrabacteria group,Firmicutes,Bacilli,Bacillales,Alicyclobacillaceae,Alicyclobacillus,Alicyclobacillus acidocaldarius,Alicyclobacillus acidocaldarius subsp. acidocaldarius,NA,MHDYIKERTLKIGEYIVETRNTVRTIAREFGVSKSTVHKDLTERLPEINPELASKVKEILEYHKAIRHLRGGEATKMKYHKGDDERAGSAVKPKKIERRKGVSSGL
WP_044024693.1,84,585394,Roseburia_hominis_A2-183,1-84,Bacteria,Terrabacteria group,Firmicutes,Clostridia,Eubacteriales,Lachnospiraceae,Roseburia,Roseburia hominis,NA,NA,MKGYIEERAMEIARYIIDNNTTVRQAAKHFGISKSTVHKDVTERLAQVNPSLAAETRKVLDINKSERHIRGGMATKEKYLHQHV
WP_015256566.1,96,717605,Thermobacillus_composti_KWC4,1-96,Bacteria,Terrabacteria group,Firmicutes,Bacilli,Bacillales,Paenibacillaceae,Thermobacillus,Thermobacillus composti,NA,NA,MHDYIKERTIKIGRCIVETRNTVRTIAKEFGVSKSTVHKDLTERLPEINPDLADQVKHILEYHKSIRHLRGGEATKIKYKKSAGKKREAITAGKNG
WP_006522347.1,86,767817,Desulfallas_gibsoniae_DSM_7213,1-86,Bacteria,Terrabacteria group,Firmicutes,Clostridia,Eubacteriales,Desulfallaceae,Desulfoscipio,Desulfoscipio gibsoniae,NA,NA,MQEYIQKRVLEICTYILETQATVRQAAQVFGVSKSTVHKDMTERLPSLNKELARQVKKVLDYNKSERHLRGGEATRKKYRSEEKQN
WP_014187689.1,82,768706,Desulfosporosinus_orientis_DSM_765,1-82,Bacteria,Terrabacteria group,Firmicutes,Clostridia,Eubacteriales,Desulfitobacteriaceae,Desulfosporosinus,Desulfosporosinus orientis,NA,NA,MQEYIRKRVLDIGTYILESSATVRQTADVFGVSKSTVHKDVTERLPLINEKLSMEVKHILETNKAERHIRGGEATRKKYQEN
WP_007439744.1,84,1029718,Candidatus_Arthromitus_SFB-mouse-Japan,1-84,Bacteria,Terrabacteria group,Firmicutes,Clostridia,Eubacteriales,Clostridiaceae,Candidatus Arthromitus,Candidatus Arthromitus sp. SFB-mouse,NA,NA,MKDYIEERVLGVAKYIIDSKSTIRKTARAFGVSKSTIHKDMTERLPKINPLIAREAKYILDLNKAERHIRGGNATKMKYSSGEN
WP_008404436.1,88,1002809,Solibacillus_silvestris_StLB046,1-88,Bacteria,Terrabacteria group,Firmicutes,Bacilli,Bacillales,Planococcaceae,Solibacillus,Solibacillus silvestris,NA,NA,MHEHIRQRCVRLGELLVETGETVRALAKMTGFSKSTVHKDLTERLKQVNEPLALQVQQVLTYNKSIRHLRGGEATRKKWITKQQEKSI
WP_007938964.1,88,1192197,Pelosinus_fermentans_JBW45,1-88,Bacteria,Terrabacteria group,Firmicutes,Negativicutes,Selenomonadales,Sporomusaceae,Pelosinus,Pelosinus fermentans,NA,NA,MKDYIRKRVLDICQHILESKHTVRQSAIVFGVSKSTVHKDMIERLPLVNKKMANRVRVILEQNKAERHIRGGEATRKKYKEAGENSKK
WP_014116666.1,84,693746,Oscillibacter_valericigenes_Sjm18-20,1-84,Bacteria,Terrabacteria group,Firmicutes,Clostridia,Eubacteriales,Oscillospiraceae,Oscillibacter,Oscillibacter valericigenes,NA,NA,MKGNMEERAEQLAQYIIENRATVRAAAGKFGISKSTVHKDITERLPRVNPTLAALARQVLDINKQERHIRGGIATKEKYLHERR
WP_014644812.1,93,866895,Halobacillus_halophilus_DSM_2266_type_strain_DSM_2266,1-93,Bacteria,Terrabacteria group,Firmicutes,Bacilli,Bacillales,Bacillaceae,Halobacillus,Halobacillus halophilus,NA,NA,MHDYIKERTIRIGEHLIETKKTVRVIAKEFGVSKSTVHKDLTERLPEVNPELAKEVKKILDYHKEIRHLRGGEATRRKYKAQLLEEGPVQPLA
WP_014966428.1,85,1128398,Gottschalkia_acidurici_9a,1-85,Bacteria,Terrabacteria group,Firmicutes,Tissierellia,Tissierellales,Gottschalkiaceae,Gottschalkia,Gottschalkia acidurici,NA,NA,MKEYIEERALEIAKYIIKKKSTVRQTATIFGVSKSTVHKDVTERLPKINPLLAGKVKWVLDMNKAERHIRGGEATKLKYENTGEQ
WP_015044900.1,84,1131462,Dehalobacter_CF,1-84,Bacteria,Terrabacteria group,Firmicutes,Clostridia,Eubacteriales,Desulfitobacteriaceae,Dehalobacter,NA,NA,NA,MQEHIKRRALDIGNYIIESSCTVRQTAQIFGVSKSTVHKDVTERLPLINKRLSSQVKHVLESNKAERHIRGGEATKKKYMHTED
WP_015051738.1,82,1089553,Thermacetogenium_phaeum_DSM_12270,1-82,Bacteria,Terrabacteria group,Firmicutes,Clostridia,Thermoanaerobacterales,Thermoanaerobacteraceae,Thermacetogenium,Thermacetogenium phaeum,NA,NA,MQEYIRRRVLEISAYVIETSATVRGAAKVFGVSKSTVHKDLTERLPRINPQMAKQVRFVLDINKAERHLRGGDATRKKYRGE
WP_015010759.1,86,698758,Amphibacillus_xylanus_NBRC_15112,1-86,Bacteria,Terrabacteria group,Firmicutes,Bacilli,Bacillales,Bacillaceae,Amphibacillus,Amphibacillus xylanus,NA,NA,MHDYIKERTLRTGRYIIDTRKTVRTIAKEFGVSKSTVHKDLTERLPELNPTLAKEVKQILEYHKSIRHLRGGEATKRKYQKLSADK
WP_013298924.1,83,698948,Thermoanaerobacterium_thermosaccharolyticum_M0795,1-83,Bacteria,Terrabacteria group,Firmicutes,Clostridia,Thermoanaerobacterales,Thermoanaerobacterales Family III. Incertae Sedis,Thermoanaerobacterium,Thermoanaerobacterium thermosaccharolyticum,NA,NA,MKDYIEERTLEIGKYIIKNKSTVREAAKVFGVSKSTVHKDVTERLENINPKLYKEVKEVLEKNKAERHIRGGNATKKKYKLGK
WP_015328040.1,93,748449,Halobacteroides_halobius_DSM_5150,1-93,Bacteria,Terrabacteria group,Firmicutes,Clostridia,Halanaerobiales,Halobacteroidaceae,Halobacteroides,Halobacteroides halobius,NA,NA,MKDYIYRRVLEVGNYIYETKATVRQAAKVFGVSKSTIHKDVTDRIKKVDEELAEDVREVLDYNKAERHYRGGEATRKKYLNQNEEQMIEEVGK
WP_015357813.1,87,1121335,Thermoclostridium_stercorarium_sub_stercorarium_DSM_8532,1-87,Bacteria,Terrabacteria group,Firmicutes,Clostridia,Eubacteriales,Oscillospiraceae,Thermoclostridium,Thermoclostridium stercorarium,Thermoclostridium stercorarium subsp. stercorarium,NA,MKQYIVERALELGAFIIENKTTVRAAAQTFGISKSTVHKDVTERLRKLNPAMAKQVRKILEENKAERHIRGGEATRIKYKKKEKKAG
WP_002083563.1,132,1279365,Bacillus_thuringiensis_serovar_kurstaki_HD73,1-132,Bacteria,Terrabacteria group,Firmicutes,Bacilli,Bacillales,Bacillaceae,Bacillus,Bacillus thuringiensis,NA,Bacillus cereus group,MNHFIINPRMFNAYKQHSHLLLSRMQRGSFHPSHIQIREASGVHDYIKERTIKIGKYIVETRKTVRVIAKEFGVSKSTVHKDLTERLPEINPELANEVKEILDYHKSIRHLRGGEATKQKYRKEDVEKPVRQ
WP_038564118.1,89,386490,Terribacillus_goriensis_MP602,1-89,Bacteria,Terrabacteria group,Firmicutes,Bacilli,Bacillales,Bacillaceae,Terribacillus,NA,NA,NA,MHDYIKERTVRIGKHIVETKKTVRVIAKEFGVSKSTVHKDLTERLPEINPDLANEVKEILDYHKAIRHLRGGEATKLKYKLETNTDAPA
WP_039813886.1,87,1508404,Jeotgalibacillus_malaysiensis_D5,1-87,Bacteria,Terrabacteria group,Firmicutes,Bacilli,Bacillales,Planococcaceae,Jeotgalibacillus,NA,NA,NA,MHEYIRERTISAGRHIVETEETVRSSVKIFGVSKSTVHKSLTERLPKLDPALADEVTTILHYHKAIRHLRGGEATKAKYEKQQPLSN
WP_068446867.1,94,1472767,Lentibacillus_amyloliquefaciens_LAM0015,1-94,Bacteria,Terrabacteria group,Firmicutes,Bacilli,Bacillales,Bacillaceae,Lentibacillus,NA,NA,NA,MHDYIKERTIRIGKYVVETRQTVRLIAKEFGVSKSTVHKDLTERLPEVSPELFNQVKDVLTYHKSIRHLRGGEATRNKYKDEKNPEDSTFKPVG
WP_058118805.1,82,1297617,Intestinimonas_butyriciproducens_AF211,1-82,Bacteria,Terrabacteria group,Firmicutes,Clostridia,Eubacteriales,NA,Intestinimonas,NA,NA,NA,MKGNIEERACQLALYIIENKATVRAAAQKFGISKSTVHKDLQDRLPAFNKPLYLQVKAVLDENKAERHIRGGIATRKKYKGD
WP_068139949.1,86,1555112,Limnochorda_pilosa_HC45,1-86,Bacteria,Terrabacteria group,Firmicutes,Limnochordia,Limnochordales,Limnochordaceae,Limnochorda,NA,NA,NA,MREYIRKRVMEISTYIVDTNSTVRQAATVFGVSKSTVHKDVTERLPRVNADLAYQVKGVLDRNKAERHIRGGEATRQKYRGERKVS
WP_066046511.1,85,991789,Anaerotignum_propionicum_DSM_1682_X2,1-85,Bacteria,Terrabacteria group,Firmicutes,Clostridia,Eubacteriales,Lachnospiraceae,Anaerotignum,Anaerotignum propionicum,NA,NA,MKTYIEERAVEVAKFMIHTNATVRETAKKFGISKSTVHKDITDRVERIDPELARSVRRVLEVNKAERHIRGGMATKEKYLHRLKG
WP_067213089.1,89,1476,Sporosarcina_psychrophila_DSM_6497,1-89,Bacteria,Terrabacteria group,Firmicutes,Bacilli,Bacillales,Planococcaceae,Sporosarcina,NA,NA,NA,MHEQIRRRCVRLGKMLLETGLTVRALAKATGYSKSTVHKDLTERLPNVDVALSEEVAKILAYHKSVRHLRGGEATRVKWMNETKKVGSS
WP_066791757.1,93,241244,Rummeliibacillus_stabekisii_PP9,1-93,Bacteria,Terrabacteria group,Firmicutes,Bacilli,Bacillales,Planococcaceae,Rummeliibacillus,NA,NA,NA,MHEHIRNRCLKLGFMLKETKQTVRALAQKTGYSKSTIHKDLTERLMLVNEELAKEVSEILAYHKSIRHIRGGEATRQKWLTHHADNKTPSQQD
WP_007203593.1,88,1221500,Fictibacillus_phosphorivorans_G25-29,1-88,Bacteria,Terrabacteria group,Firmicutes,Bacilli,Bacillales,Bacillaceae,Fictibacillus,NA,NA,NA,MHDYIKERTIKIGRYIVETRKTVRMIAKEFGVSKSTVHKDLTERLPEINPDLANNVKEILEYHKSIRHLRGGEATRVKYKKGTEEVVQ
WP_007487770.1,83,292800,Flavonifractor_plautii_YL31,1-83,Bacteria,Terrabacteria group,Firmicutes,Clostridia,Eubacteriales,Oscillospiraceae,Flavonifractor,NA,NA,NA,MKGNIEERACQLALYIIENKATVRSAAQRFGISKSTVHKDLSERLPAFNKPLYLQVKQVLDENKAERHIRGGIATRKKYRGVT
WP_003253595.1,87,1426,Parageobacillus_thermoglucosidasius_NCIMB_11955,1-87,Bacteria,Terrabacteria group,Firmicutes,Bacilli,Bacillales,Bacillaceae,Parageobacillus,NA,NA,NA,MHDYIKERTIKIGKYIVETRKTVRVIAKEFGVSKSTVHKDLTERLPEINPELAQEVKQILDYHKSIRHLRGGEATKKKYKKQAIKNN
WP_069976380.1,84,1424294,Geosporobacter_ferrireducens_IRF9,1-84,Bacteria,Terrabacteria group,Firmicutes,Clostridia,Eubacteriales,Clostridiaceae,Geosporobacter,NA,NA,NA,MKDYIEERAMEIAEYIINQKATVRQTAKVFGVSKSTVHKDVTERLPKINPLVANQVKRILDKNKAERHIRGGKATKLKYRNGHE
WP_008394293.1,78,649756,Anaerostipes_hadrus_BPB5,1-78,Bacteria,Terrabacteria group,Firmicutes,Clostridia,Eubacteriales,Lachnospiraceae,Anaerostipes,NA,NA,NA,MEERVIESAIYIIEHNATVRQTAKQFGVSKSTVHKDVTERLETINKTLARQARKVLDINKSERHIRGGLATKEKYLHR
WP_077721041.1,96,1471761,Novibacillus_thermophilus_SG-1,1-96,Bacteria,Terrabacteria group,Firmicutes,Bacilli,Bacillales,Thermoactinomycetaceae,Novibacillus,NA,NA,NA,MHDYIKERTIKIGQYIVETHNTVRMIAKEFGVSKSTVHKDLTERLPEINPELASKVKEILEYHKSIRHLRGGEATKIKYRRPAKKDEDKESEPVLR
WP_062471947.1,117,708126,Jeotgalibaca_dankookensis_EX-07,1-117,Bacteria,Terrabacteria group,Firmicutes,Bacilli,Lactobacillales,Carnobacteriaceae,Jeotgalibaca,NA,NA,NA,MGTISIRELAKELGISKQATHKRMEQLLPEFQPEMVNSVYELTLTIADAIRVSKKQATTVNQPHVYEVEALNRQISDLKEDKKQLYRQLDQYQKLLDQQQQLTLQANQQIRRLQLSQ
WP_087459120.1,124,1903704,Tumebacillus_avium_AR23208,1-124,Bacteria,Terrabacteria group,Firmicutes,Bacilli,Bacillales,Alicyclobacillaceae,Tumebacillus,NA,NA,NA,MCSSPPHIHVIRQTDEHGEARGLHDYIKERTLKIGEYIVETKNTVRTIAREFGVSKSTVHKDLTERLPEINPDLANRVKEILEYHKSIRHLRGGEATKKKYRKDETKRKVAKNLQAERGVSTPM
WP_004221450.1,54,537007,Blautia_hansenii_DSM_20583,1-54,Bacteria,Terrabacteria group,Firmicutes,Clostridia,Eubacteriales,Lachnospiraceae,Blautia,Blautia hansenii,NA,NA,MTKHKDVTERLQQLNPALAYSARKVLDVNKSERHIRGGLATREKYLHQQEQRKK
WP_004221482.1,47,537007,Blautia_hansenii_DSM_20583,1-47,Bacteria,Terrabacteria group,Firmicutes,Clostridia,Eubacteriales,Lachnospiraceae,Blautia,Blautia hansenii,NA,NA,MKEYIEERAIEIANYIIEEKATVRQTAKKFGVSKSTVHIDVTKEAFL
WP_089609305.1,84,51515,Dehalobacterium_formicoaceticum_DMC,1-84,Bacteria,Terrabacteria group,Firmicutes,Clostridia,Eubacteriales,Peptococcaceae,Dehalobacterium,NA,NA,NA,MQDYIQKRVLEISQYILESSATVRQTATVFGVSKSTVHKDVTERLPLINEMIAVRVREILDTNKAERHLRGGEATKKKYSTKKK
WP_063388999.1,91,33936,Aeribacillus_pallidus_KCTC3564,1-91,Bacteria,Terrabacteria group,Firmicutes,Bacilli,Bacillales,Bacillaceae,Aeribacillus,NA,NA,NA,MHDYIKERTIKIGKYIVETKKTVRVIAKEFGVSKSTVHKDLTERLPEINPDLANEVKKILDYHKSIRHLRGGEATKLKYKKEEQQKEPIKR
WP_096463535.1,95,1500254,Aneurinibacillus_soli_CB4,1-95,Bacteria,Terrabacteria group,Firmicutes,Bacilli,Bacillales,Paenibacillaceae,Aneurinibacillus,NA,NA,NA,MHDYIKERTMKIGHYIVETRNTVRKIAKEFGVSKSTVHKDLTERLPEINPELANEVKEILEYHKSVRHLRGGEATKIKYKRKSRSYRKEEAEELA
WP_016839306.1,85,51173,Ureibacillus_thermosphaericus_A1,1-85,Bacteria,Terrabacteria group,Firmicutes,Bacilli,Bacillales,Planococcaceae,Ureibacillus,NA,NA,NA,MHEHIRHRCVRLGKLLVETGETVRVLAKMTGYSKSTVHKDLTERLQLVNEELAKEVREILAYHKSVRHLRGGEATRRKWQSQKKQ
WP_005932131.1,81,718252,Faecalibacterium_prausnitzii_A2165,1-81,Bacteria,Terrabacteria group,Firmicutes,Clostridia,Eubacteriales,Oscillospiraceae,Faecalibacterium,Faecalibacterium prausnitzii,NA,NA,MNVEPEQRAALLGEYIAEHSATVRAAARAFGCSKSTVHKDVSTRLRAVDAALFARVQAVLARNKAERHLRGGAATRRKYKK
WP_021122079.1,88,1505,Paeniclostridium_sordellii_AM370,1-88,Bacteria,Terrabacteria group,Firmicutes,Clostridia,Eubacteriales,Peptostreptococcaceae,Paeniclostridium,NA,NA,NA,MRSHIEERAIVVAKYILEKKTTVRQTAKTFGVSKSTIHKDVTERLEEINPSLAKEVKMVLEKNKSERHIRGGMATKQKYEIKCDKNVG
WP_022737407.1,94,37482,Laceyella_sacchari_FBKL4.010,1-94,Bacteria,Terrabacteria group,Firmicutes,Bacilli,Bacillales,Thermoactinomycetaceae,Laceyella,NA,NA,NA,MHDYIKERTIKIGNYFVETRNTVRTIAKEFGVSKSTVHKDLTERLPEINPELANQVKEILEYHKSIRHIRGGEATKIKYKRRSQPECQEVSMKV
WP_103082141.1,84,84032,Pseudoclostridium_thermosuccinogenes_DSM_5807,1-84,Bacteria,Terrabacteria group,Firmicutes,Clostridia,Eubacteriales,Oscillospiraceae,Pseudoclostridium,NA,NA,NA,MKGYIEERVMELAYYIIENKTTVRAAAKKFGISKSTVHKDVTERLAKIKPALANEVKLVLEENKAERHIRGGQATKAKYNSNAI
WP_004269485.1,86,1421,Lysinibacillus_sphaericus_DSM_28,1-86,Bacteria,Terrabacteria group,Firmicutes,Bacilli,Bacillales,Bacillaceae,Lysinibacillus,NA,NA,NA,MHEHIRKRCIRLGELLIETRETVRVLAKMTGYSKSTVHKDLTERLPTIHEGLADQVKEILAYHKAVRHIRGGEATKNKWKERASQE
WP_078665212.1,84,178899,Carboxydocella_thermautotrophica_41,1-84,Bacteria,Terrabacteria group,Firmicutes,Clostridia,Eubacteriales,Clostridiales Family XVI. Incertae Sedis,Carboxydocella,NA,NA,NA,MQEYIRKRVLDISNYILESGATVRQAAQVFGVSKSTVHKDITERLPTINKRLAAQVKKILENNKAERHIRGGEATRKKYQENAE
WP_112182182.1,95,2213194,Paraliobacillus_X-1125,1-95,Bacteria,Terrabacteria group,Firmicutes,Bacilli,Bacillales,Bacillaceae,Paraliobacillus,NA,NA,NA,MHDYIKERTVRIGNHIVETRKTVRVIAKEFGVSKSTVHKDLTERLPEINPELANEVKNILDHHKAIRHLRGGEATKMKYQVTPPTPSEPTMKSVQ
WP_119882587.1,89,2320858,Paenisporosarcina_K2R23-3,1-89,Bacteria,Terrabacteria group,Firmicutes,Bacilli,Bacillales,Planococcaceae,Paenisporosarcina,NA,NA,NA,MQEELKKRVLHLAELILETKQTVRELAKRTGYSKSTVHKDLSERLTKIDSALAKEVKQILDYHKSIRHLRGGEATKLMWHEKKQKNVVT
WP_019378009.1,97,1482,Virgibacillus_halodenitrificans_Bac324,1-97,Bacteria,Terrabacteria group,Firmicutes,Bacilli,Bacillales,Bacillaceae,Virgibacillus,NA,NA,NA,MHDYIKERTIRIGKYVVETRKTVRVIAKEFGVSKSTVHKDLSERLPEINPELANQVKEVLEYHKSIRHLRGGEATRKKYKFEPESETGKQNQPRPVG
WP_094047597.1,95,2480923,Cohnella_18JY8-7,1-95,Bacteria,Terrabacteria group,Firmicutes,Bacilli,Bacillales,Paenibacillaceae,Cohnella,NA,NA,NA,MHDYIKERTIKIGRCIVETRNTVRTIAKEFGVSKSTVHKDLTERLPEINPDLADQVKHILEYHKSIRHLRGGEATKIKYKKTTVKKREVMTAGKA
WP_125987790.1,111,2382161,Halocella_SP3-1,1-111,Bacteria,Terrabacteria group,Firmicutes,Clostridia,Halanaerobiales,Halanaerobiaceae,Halocella,NA,NA,NA,MPLVYFTLTPAYKLISIGYLIWGELRLKDYIRERVIEVANYIYETRATVRQTAKIYGVSKSTIHKDVTERLTRIDAELASRVKKVLEFNKAERHIRGGEATKRKYKNLKNN
WP_126308543.1,85,1930071,Methylomusa_anaerophila_MMFC1,1-85,Bacteria,Terrabacteria group,Firmicutes,Negativicutes,Selenomonadales,Sporomusaceae,Methylomusa,NA,NA,NA,MKEYIRKRVLDICNHIMETKETVRQTATVFGVSKSTVHKDMIERLPEINKRLAAKVKNILELNKAERHIRGGEATRKKYKNAEKN
WP_127017334.1,85,1323375,Anoxybacter_fermentans_DY22613,1-85,Bacteria,Terrabacteria group,Firmicutes,Clostridia,Halanaerobiales,NA,Anoxybacter,NA,NA,NA,MKDYIRKRVLEVANYIYQTRATVRQAAKIFGVSKSTIHKDVTERLSEIDENLSQRVKEVLEFNKAERHIRGGEATRRKYLKEKKE
WP_028977473.1,90,269673,Sporolactobacillus_terrae_DRG1,1-90,Bacteria,Terrabacteria group,Firmicutes,Bacilli,Bacillales,Sporolactobacillaceae,Sporolactobacillus,NA,NA,NA,MHDYIKERTIKIGKHIVETKKTVRVIAKEFGVSKSTVHKDLTERLPSINPELANAVKNVLDYHKSIRHLRGGEATRLKYQKDTEEKAVQH
WP_071140383.1,84,2507161,Sporanaerobacter_NJN-17,1-84,Bacteria,Terrabacteria group,Firmicutes,Tissierellia,Tissierellales,Acidilutibacteraceae,Acidilutibacter,NA,NA,NA,MKDYIEERALKVAKYIISEKSTVRQAATVFGVSKSTVHKDVTERLPKINPLIAGMVKQILEKNKSERHIRGGEATKMKYKVVNN
WP_128746085.1,85,2507160,Aminipila_JN-39,1-85,Bacteria,Terrabacteria group,Firmicutes,Clostridia,Eubacteriales,Eubacteriales Family XIII. Incertae Sedis,Aminipila,NA,NA,NA,MKDYIEERVLELARYILDTNSTVRATAKKFRVSKSTVHKDITERLQEINPGLAAEVKAVLDTNKAERHIRGGLATKEKYHSRSSK
WP_128743727.1,85,2507162,Caproiciproducens_NJN-50,1-85,Bacteria,Terrabacteria group,Firmicutes,Clostridia,Eubacteriales,Oscillospiraceae,Caproiciproducens,NA,NA,NA,MKGIVEERAVELGEYIVQNKATVRSTAKKFGVSKSTVHKDVAQRLKAIDPQLYKKVKIILEFNKSQRHIRGGIATRLKYKKNAAN
WP_058257265.1,86,1679721,Herbinix_luporum_SD1D,1-86,Bacteria,Terrabacteria group,Firmicutes,Clostridia,Eubacteriales,Lachnospiraceae,Herbinix,NA,NA,NA,MKGYIEERAVEIANYIIENNATVRQTAKQFGISKSTVHKDVTERLLQINPSLASRARVVLDRNKSERHIRGGLATKEKYLQKAKYN
WP_106789733.1,86,2086584,Mordavella_Marseille-P3756,1-86,Bacteria,Terrabacteria group,Firmicutes,Clostridia,Eubacteriales,NA,Massilistercora,NA,NA,NA,MKDYIEERALEIADYIIEHKATVRQTAKRFGVSKSTIHKDVTERLREINPALASEVRKVLDVNKSERHIRGGLATREKYRHQQVRA
