SeqName,sequence,protClstr,aa,perc.id_protClstr,protClstr_rep
ivig_584_36,MEILPEHCLSCVHRLDVYMALLNTLEQFFDLTPDEDDRVDALVIHGIAVELLKECGIVNQGYNLLASALTYAVLDQTLLQNLKGRLYPKVATAHHTTATRVERNIRTSIEGAWTRGDASVLSKYFGNTILSAKGKPTNLQFLLVMSDIVHKRCIIPRHPVK*,2,161,100,TRUE
ivig_975_30,MQKIRILLLKLGIRSNLKGFHFLLYALQLCLESEDYLLSVYKTLYVDVAEHFGTSRDNVAHCMRTAISSCWNKGNRKLLHQLAGYELAQRPANGEFIDILYNCLLQEG*,17,108,100,TRUE
ivig_1412_26,MNETVMILRKCHVNSRYKGYHYIQDAVEILAAKNEESENVRMMKDVYPVIAEKYGTSPENIEAAIRSAVEKCWKSNREYVQEILGYSTTKCPSNSEFLDALIFYQKFVE*,15,109,100,TRUE
ivig_1929_93,MLSKEKVEAVLFKMGMPANVKGFGYIVDSVLLLEEDSKIKTTYLYFKVAQQHGTTGQRVERAIRHAFDIVRSCRGDYDVVNHYIGFINCANSPSLSMLTMKIREEALEVQEPKPEKKEENVITGITEARLLELMRQAYTEFWADMIIRLKK*,24,151,100,TRUE
uvig_12442_52,MDKQTNIALRKTLDQIGASHSLKGYTYTIRAIEKCLDDRDALRCVMKEIYAKIAEENETTVSKVERKIRNLIEVTWINGNVNAINEIFGYTVSPKKGKPTNSEFIAVITDFVSLHGQEIESDSYKWRE*,1,128,100,TRUE
uvig_12471_23,MFEYKYHNLDDFDESTKHILQSSNYFSWVLGNLMEMGMPANLRGFFYLRTAVALVLSDPTYMKSITGRLYNDTGKLEGTTGSRVERAIRHAIDITFEKGNSDVLYIMFRNSVNPDTGRPSNGSFISALSEKIRIDLMKGELTLDQ*,0,145,100,TRUE
uvig_102414_30,MNEEKEITKILMELGTPCHLAGYDLIRQAVVIMLSNEKIKQTDIYRQLAENVGKTQSQVERNIRHAIEVTFYNIRPEMAKKYFGNSVGYNKVQPCNAQFLATIAEHTKNKELYTE*,3,115,100,TRUE
uvig_108069_35,MSTTATLLMDMGITPDLKGFDYIRLAVAFVITDKAKYRNVTKTLYPDIAKAFCSTPVRVERDIRHAISKAIYLDHGEIKNLIGVSPYKNKMTNSEFIFSLAYVVNENGG*,16,109,100,TRUE
uvig_110929_41,MKKMTEAEVYKLLVRIGVSAGYTGIDYIIRAVFAINAGKVDNLGEVYDIIAKEDNIKSGAVERNIRTAINRAYEHRPRIFSELFSIDSKPTNKLFIYAVVNYFRYGKVGKA*,10,111,100,TRUE
uvig_113374_28,MSEQKKIKQLEEENRRLKDAIGALTEAVNVFTQSVESIGICDASKKVDTHLEKAQSTSEQVIQTVLNQFGVKHSINGYLYLVSAVKRCLMDRKKLNNVVKGLYTEIAEEYETTTMRVERAIRHAIESSWERGNMNVINNVFGYTVLAAKGKPTNTEFIALLTDFISLHYKELENETYNFGD*,23,181,100,TRUE
uvig_117699_12,MERAIRHAIEVAWDRGDVDTLNSYFGYTIHNLRGKPTNSEFIAMIADKMRLDKRQRAV*,13,58,100,TRUE
uvig_118114_48,MTNEKAIVERLKMAGIPASLSGYEYLKVAISKVLENPALIHSVTTELYPISAKERNTTSTRLERAIRHAIEVGFERGNHEYLQKLFGYSASAMKGKATNSEFIATVAEDIRLNEKVS*,26,117,100,TRUE
uvig_125326_37,MFEYKYHNLDDFDESTKHILQSSNYFSWVLGNLMEMGMPANLRGFFYLRTAVALVLSDPTYMKSITGRLYNDTGKLEGTTGSRVERAIRHAIDITFEKGNSDVLYIMFRNSVNPDTGRPSNGSFISALSEKIRIDLMKGELTLDQ*,0,145,100,FALSE
uvig_129107_59,MNVSDNIKILIADDNYDFAMTLMGYLEREEGMEIVGRAKDGSEAYQMIMEKCPDVVLLDMIMPHVDGLGVLERVNDSKLEKRPLFIMLSAVGQDKITQKAISLGAQYYIVKPFEIKLLIKRIKELKFYQPAPIKGNYMTRELKTQYIDIAPEDKKNEENLEALVTNVIHEVGVPAHIKGYQYLREAIMMVIGDIDVINQITKQLYPDIARKYKTTPSRVERAIRHAIEVAWGRGQQDTVENIFGYTVSAAKGKPTNSEFIAMIADKLRLELKTA*,22,274,100,TRUE
uvig_129222_35,MKFDYLSPTDDVRRRQLERVANVLPRLGVPRTYRGFEATIAAVWLVLEDEDCLRMVTTRIYAKVAQLSGQTRYAAERNIRTVVKRAWDCNPAYLSEIAGYPISTQPIPSEFIDMLATDAMRFTSQGQIPT*,18,130,100,TRUE
uvig_130804_19,MIVSELSTQVNDLLRPMGITRNLSAYSILCQCLELVCEQEDRLQAVEKDIYTPIADRRRCEPKAIQSAVRRAAKGAWLTNPEYVQQLAGYPLTGAPSAVQFIEMLYNALVRAV*,5,113,100,TRUE
uvig_131023_58,MDTLKIIENELIEVGINPCNSGFYYLIHAINFYLENNKEFYEVSITKELYPYVASIKEGEKTTPSRVERCIRHSIEKLYNETYTDHLQTVIDCRSGKPTNSTFIAYLLIRVKNKISNGIN*,28,120,100,TRUE
uvig_131660_28,MDKQTNIALRKTLDQIGASHSLKGYTYTIRAIEKCLDDRDALRCVMKEIYAKIAEENGTTTSKVERNIRNLIEVTWINGNVNAINEIFGYTVSPKKGKPTNSEFIAVITDFVSLHGQEIESDSYKWRE*,1,128,97.66,FALSE
uvig_132307_36,MDRQKSVAIRKTLDQIGVKHSLKGHRYIISAIEKGLDDRSKLDHIVKTLYIEISQENNDTPSRVERAIRHAIEVTWTDGNPVAINKIFGYTVSAAKGKPTNSEFIALLTDFIDFNYKEIVDGTYEFE*,20,127,100,TRUE
uvig_133921_41,MFEYKYHNLDDFDESTKHILQSSNYFSWVLGNLMEMGMPANLRGFFYLRTAVALVLSDPTYMKSITGRLYNDTGKLEGTTGSRVERAIRHAIDITFEKGNSDVLYIMFRNSVNPDTGRPSNGSFISALSEKIRIDLMKGELTLDQ*,0,145,100,FALSE
Draper_2018_SRR6914091_NODE_9_length_61572_cov_74.981062_42,MDRQMNIALRKTLDQIGVKHSLKGYGYIISAVEKCLENRSKLISIIKGLYTEIAEENSDTVWRVERSIRHAIEVTWTNGNTNAINKIFGYTVSVEKGKPTNSEFIALITDFVSLYGEEIVNGSYKW*,4,126,100,TRUE
Kang_0027_ST001_A_NODE_20_length_45309_cov_40.697286_48,MTKRIHDILLELGVPANLKGHEALAIGIDLVISDPTYLDRGVTTRLYPEIAQRMSVPTTAPRVERAMRHAIEYVYDNTTSDVLQYYFGNTASLRKGKLTNSQFIAQVALKIRDLGGNVK*,25,119,100,TRUE
Kang_0027_ST003_A_NODE_37_length_47244_cov_11.000593_16,MENNYNNYTKKIIEVLKDVGVPASIKGYEYLKAAINAVLNDRTYIDQMTKRLYPDVAAMCDTTASRVERNIRHATEVAFDNMDPEQIAEYFGRCYSCRKGKATSSEFIAILAERIRVDAGEYDQVSK*,29,127,100,TRUE
Kang_0035_ST001_A_NODE_56_length_33290_cov_10.607943_38,MPDVKISDSPAQLDQILRPLGITRSSKNYRVLCDCVALICEQEDRLEAVQKEIYTPISKQRHCKWSAIQSAVRRAAEKAWALNPEGVQQLAGYPLTGAPSAVQFLEMLYNVVVRG*,7,115,100,TRUE
Kang_0037_ST001_A_NODE_4_length_58870_cov_319.682054_64,MRIYPDICGLWDRGDVDTLNSYFGYTIHNLRGKPTNSEFIAMISDKILMGHKHRTNAINRNVYRFI*,12,66,100,TRUE
Ly_CA90_ion_torrent_NODE_15_length_9199_cov_11.925634_10,MNEEKEITKILMELGTPCHLAGYDLIRQAVVIMLNNEKIKQTDIYRQLAENVGKTQSQVERNIRHAIEVTFYDIRPEMAKKYFGNSVGYNKVKPCNAQFLATIAEHTKNKELYTE*,3,115,97.39,FALSE
Ma_2019_SRR341616_NODE_100_length_61627_cov_3.455353_51,MNEPEYINAVTKRLYPEIAKRNGTTASRVERAIRHAIEVAWDRGDVDTLNSYFGYTIHNLRGKPTNSEFIAMIADKMRLDKRQRVG*,11,86,100,TRUE
Ma_2019_SRR341617_NODE_156_length_47331_cov_2.849670_60,MDRQKNIVIRKTLDQIGVKHNIKGYGYIILAIEMCLEDRNKLNCIVKGIYAEIAQENNDKVTRVERAIRHAIEITWTNGNTNVINKIFGYTVSARKGKPTNSEFIALITDFVCLYGEEIANDSYKWQE*,19,128,100,TRUE
Ma_2019_SRR413559_NODE_248_length_61277_cov_11.058427_74,MDKQTNIALRKTLDQIGASHSLKGYTYTIRAIEKCLDDRDALRCVMKEIYAKIAEENETTVSKVERKIRNLIEVTWINGNVNAINEIFGYTVSPKKGKPTNSEFIAVITDFVSLHGQEIESDSYKWRE*,1,128,100,FALSE
Ma_2019_SRR413574_NODE_190_length_90712_cov_8.380864_53,MIDVNETLSNKIDDVLRPLGITRSFRSYRALRECIIRICEQEDRLEAVQKEIYEPIAETQHCKWKAVQGVVRRAAKLAWEVNPDAVRVMAVYPLTGCPSAVQFLEMVYNAVVRG*,9,114,100,TRUE
Ma_2019_SRR413598_NODE_30_length_158228_cov_14.800219_81,MNKTNEIIVSDVLKELGISPALKGYHYSRYAICMILENGYSDAFTKLYNYVAEEFNSTYSKVERCIRTACDNMMLSGNYDAIIKIFGSCASVNGGRLTNSQFIYGVVDYIRTYLSV*,27,116,100,TRUE
VIRSorter_2021_megahit_k119_80618_flag_1_multi_18_5067_len_12427-cat_2_4,MPITDSSTLSLRIAQTLRPLGIIRSMRSYSIIADCLRLIWEQEDRLEAVQKEVYEPIADKQCSDWTAIQSTIRRAAQTAWHTNPSRVQELAGYPLDGCPSAVQFLEMLYNDLARG*,8,115,100,TRUE
VIRSorter_2034_megahit_k119_65193_flag_1_multi_17_0253_len_36336-cat_2_34,MRELRKLLYRFGIYKTQEGYEPLLVAVELILENFELLGCLTKWLYPVVSAICESTPGAVERNIRYCVARAWEANPALFTEIALRPITQPPTTGDFLCMLHNYMDDILFEQFQPK*,6,114,100,TRUE
VIRSorter_2041_megahit_k119_157438_flag_1_multi_10_0000_len_11478-cat_2_7,MEILPEHCLSCVHRLDVYMALLNTLEQFFDLTPDEDDRVDALVIHGIAVELLKECGIVNQGYNLLASALTYAVLDQTLLRNLKGRLYPKVATAHHTTATRVERNIRTSIEGAWTRGDASVLSKYFGNIILSAKGKPTNLQFLLVMSDIVHKRCIIPRHPVK*,2,161,2,FALSE
VIRSorter_2042_megahit_k119_130936_flag_1_multi_41_0000_len_49835-cat_2_12,MFEYKYHNLDDFDESTKHILQSSNYFSWVLGNLMEMGMPANLRGFFYLRTAVALVLSDPTYMKSITGRLYNDTGKLEGTTGSRVERAIRHAIDITFEKGNSDVLYIMFRNSVNPDTGRPSNGSFISALSEKIRIDLMKGELTLDQ*,0,145,2,FALSE
VIRSorter_2042_megahit_k119_230644_flag_1_multi_30_0000_len_42032-cat_2_41,MTNLERRVLALEKKMATLTAGMADPYEPPAPREADEIIKEILFRLGVPAHLDGYRNMVEAIKIVMETPDIPVCTLYAEVAAKSGKSSSIDRAIRHAIEVAWARGNVEEQERYFGGTVDPKRGMPTASHLIWTLADEVKHIMEEERRNAVHH*,21,151,100,TRUE
VIRSorter_3027_megahit_k119_191618_flag_3_multi_22_0005_len_43508-circular-cat_2_37,MPITMDPIQECSDLHIVVERTLRRLRISGKLKGFRFLRYALTVTVKDPYRTDLITKVLYPEIAAEFSDKDTRVERAIRTAICACWDSYGRDELNKMAGYTLEKRPTNLEFIDLVAAYIRYILDR*,30,124,100,TRUE
VIRSorter_4008_megahit_k119_169438_flag_0_multi_973_7138_len_42795-cat_2_44,MFEYKYHNLDDFDESTKHILQSSNYFSWVLGNLMEMGMPANLRGFFYLRTAVALVLSDPTYMKSITGRLYNDTGKLEGTTGSRVERAIRHAIDITFEKGNSDVLYIMFRNSVNPDTGRPSNGSFISALSEKIRIDLMKGELTLDQ*,0,145,2,FALSE
VIRSorter_4023_megahit_k119_290384_flag_3_multi_26_0005_len_50535-circular-cat_2_14,MFEYKYHNLDDFDESTKHILQSSNYFSWVLGNLMEMGMPANLRGFFYLRTAVALVLSDPTYMKSITGRLYNDTGKLEGTTGSRVERAIRHAIDITFEKGNSDVLYIMFRNSVNPDTGRPSNGSFISALSEKIRIDLMKGELTLDQ*,0,145,2,FALSE
VIRSorter_4040_megahit_k119_5090_flag_0_multi_24_9814_len_51818-cat_2_20,MDRQMNIALRKTLDQIGVKHSLKGYGYIISAVEKCLENRSKLISIIKGLYTEIAEENSDTVWRVERSIRHAIEVTWTNGNTNAINKIFGYTVSVEKGKLTNSEFIALITDFVSLYGDEIANGSYKW*,4,126,2,FALSE
VIRSorter_4045_megahit_k119_150982_flag_1_multi_15_0000_len_58704-circular-cat_2_78,MDKQTNIALRKTLDQIGASHSLKGYTYTIRAIEKCLDDRDALRCVMKEIYAKIAEENGTTASKVERNIRNLIEVTWINGNVNAINEIFGYTVSTKKGKPTNSEFIAVITDFVSLNGQEIESDSYKWRE*,1,128,2,FALSE
VIRSorter_5009_megahit_k119_156192_flag_3_multi_164_0011_len_145094-circular-cat_2_164,MQNENQTTKGINVSDVVYTIQKLGISSNLFGFNYIRYAIELIAKDESYMHSTTKRLYPEIARAFNSTSQRVERAIRHAIDVSMYRVNHEYWDMIFDGICTLDDVRPTNSEFLATLYTYLKYRC*,31,123,100,TRUE
HMP_all_10kb_viruses_VIRSorter_HMP_SRS024549_scaffold_177-circular-cat_2-cat_2_52,MRRKAEEALIKMGMPANIKGFRYITDIMEKYAEDDAWIYGKLTLLYEIIGVAAGTSGICVERCIRKAFEDVLTRGNLEEVMKYLTFDNPTNGNLLVVFYLRLNGERRC*,14,108,100,TRUE
