gene_id,nonsporulator.host,sporulator.host,spor_gene,M,N,K,p.val,adj.p,sig,n_spor_gene,spor_description,print.lab,lab
K01356,21,69,sporulation_gene,5065,14828,90,3.0452723448698425e-25,4.3523969359755135e-24,TRUE,1,lexA;lexa repressor,TRUE,K01356(1)
K01449,22,59,sporulation_gene,5065,14828,81,5.929822259791426e-20,8.346674059615507e-19,TRUE,3,"cwlJ;cell wall hydrolase CwlJ,sleB;spore cortex-lytic enzyme,putative spore cortex-lytic hydrolase",TRUE,K01449(3)
K03469,91,99,sporulation_gene,5065,14828,190,8.873873221116304e-16,1.2304221227488127e-14,TRUE,1,ypeP;hypothetical protein,TRUE,K03469(1)
K07171,69,81,sporulation_gene,5065,14828,150,2.0889633530002693e-14,2.853892580790074e-13,TRUE,1,Endoribonuclease toxin,TRUE,K07171(1)
K06334,9,31,sporulation_gene,5065,14828,40,7.303763699336567e-13,9.693137823833816e-12,TRUE,3,"cotJC;spore coat peptide assembly protein CotJC,Spore-coat protein, manganese catalase,Spore coat protein, manganese catalase",TRUE,K06334(3)
K03091,31,47,sporulation_gene,5065,14828,78,1.7599764088430375e-11,2.3028423715706789e-10,TRUE,8,"sigH;RNA polymerase sigma-H factor,sigE;RNA polymerase sigma-E factor,sigG;RNA polymerase sigma-G factor,sigF;RNA polymerase sigma-F factor,RNA polymerase sigma-F factor,Sigma K,RNA polymerase sigma-G factor,RNA polymerase sigma-E factor",TRUE,K03091(8)
K02051,16,30,sporulation_gene,5065,14828,46,2.695038850908321e-9,3.4773487395747646e-8,TRUE,1,ytlA;ABC transporter substrate-binding protein YtlA,TRUE,K02051(1)
K23989,1,12,sporulation_gene,5065,14828,13,1.868266512775848e-8,2.3454318788767065e-7,TRUE,1,lytD;beta-N-acetylglucosaminidase,TRUE,K23989(1)
K06333,6,18,sporulation_gene,5065,14828,24,5.381167326809726e-8,6.665472595474981e-7,TRUE,3,"cotJB;spore coat protein CotJB,Spore coat peptide assembly protein CotF,Spore coat peptide assembly protein CotJB 2",TRUE,K06333(3)
K07097,8,17,sporulation_gene,5065,14828,25,1.392649418819557e-6,1.6586811667735495e-5,TRUE,1,nrnB;oligoribonuclease NrnB,TRUE,K07097(1)
K04769,6,15,sporulation_gene,5065,14828,21,1.5963341384744065e-6,1.877208119800916e-5,TRUE,2,"spoVT;stage V sporulation protein T,Stage V sporulation protein T",TRUE,K04769(2)
K02049,8,16,sporulation_gene,5065,14828,24,3.976508600194146e-6,4.3978291542623354e-5,TRUE,1,ytlC;ABC transporter ATP-binding protein,TRUE,K02049(1)
K08384,1,8,sporulation_gene,5065,14828,9,4.473114655476533e-6,4.888851194044352e-5,TRUE,2,"spoVD;stage V sporulation protein D,Stage V sporulation protein D (Sporulation-specific penicillin-binding protein)",TRUE,K08384(2)
K00626,12,18,sporulation_gene,5065,14828,30,1.3358439564864357e-5,1.363735203929559e-4,TRUE,1,mmgA;acetyl-CoA acetyltransferase,TRUE,K00626(1)
K00128,0,1,sporulation_gene,5065,14828,1,0,0,TRUE,1,ywdH;aldehyde dehydrogenase YwdH,FALSE,
K00366,0,2,sporulation_gene,5065,14828,2,0,0,TRUE,1,putative nitrite/sulphite reductase,FALSE,
K00756,0,1,sporulation_gene,5065,14828,1,0,0,TRUE,1,pdp;pyrimidine-nucleoside phosphorylase,FALSE,
K00797,0,1,sporulation_gene,5065,14828,1,0,0,TRUE,1,speE;spermidine synthase,FALSE,
K00978,0,3,sporulation_gene,5065,14828,3,0,0,TRUE,1,yfnH;glucose-1-phosphate cytidylyltransferase,FALSE,
K01151,0,1,sporulation_gene,5065,14828,1,0,0,TRUE,1,nfo;endonuclease IV,FALSE,
K01247,0,1,sporulation_gene,5065,14828,1,0,0,TRUE,1,alkA;DNA-3-methyladenine glycosylase,FALSE,
K03100,0,1,sporulation_gene,5065,14828,1,0,0,TRUE,1,sipS;signal peptidase I S,FALSE,
K03706,0,2,sporulation_gene,5065,14828,2,0,0,TRUE,1,codY;GTP-sensing transcriptional pleiotropic repressor CodY,FALSE,
K03716,0,1,sporulation_gene,5065,14828,1,0,0,TRUE,2,"splB;spore photoproduct lyase,Spore photoproduct (thymine dimer) lyase,radical S-adenosylmethionine superfamily",FALSE,
K06298,0,1,sporulation_gene,5065,14828,1,0,0,TRUE,1,gerM;spore germination protein GerM,FALSE,
K06317,0,1,sporulation_gene,5065,14828,1,0,0,TRUE,1,bofA;sigma-K factor-processing regulator BofA,FALSE,
K06331,0,1,sporulation_gene,5065,14828,1,0,0,TRUE,1,cotI;spore coat protein I,FALSE,
K06391,0,1,sporulation_gene,5065,14828,1,0,0,TRUE,2,"spoIIIAB;stage III sporulation protein AB,Stage III sporulation protein AB",FALSE,
K06395,0,1,sporulation_gene,5065,14828,1,0,0,TRUE,2,"spoIIIAF;stage III sporulation protein AF,Stage III sporulation protein AF",FALSE,
K06403,0,1,sporulation_gene,5065,14828,1,0,0,TRUE,1,spoVAA;stage V sporulation protein AA,FALSE,
K06404,0,1,sporulation_gene,5065,14828,1,0,0,TRUE,1,spoVAB;stage V sporulation protein AB,FALSE,
K06405,0,1,sporulation_gene,5065,14828,1,0,0,TRUE,2,"spoVAC;stage V sporulation protein AC,Stage V sporulation protein AC",FALSE,
K06406,0,3,sporulation_gene,5065,14828,3,0,0,TRUE,2,"spoVAD;stage V sporulation protein AD,Stage V sporulation protein AD",FALSE,
K07192,0,1,sporulation_gene,5065,14828,1,0,0,TRUE,1,floT;hypothetical protein,FALSE,
K09936,0,1,sporulation_gene,5065,14828,1,0,0,TRUE,1,putative membrane protein,FALSE,
K10979,0,2,sporulation_gene,5065,14828,2,0,0,TRUE,1,ykoV;DNA repair protein YkoV,FALSE,
K16511,0,3,sporulation_gene,5065,14828,3,0,0,TRUE,1,ypbH;adapter protein MecA 2,FALSE,
K00688,20,21,sporulation_gene,5065,14828,41,1.0573749795900597e-4,0.001023230579207464,FALSE,1,glgP;glycogen phosphorylase,FALSE,
K06412,4,8,sporulation_gene,5065,14828,12,4.524923808684911e-4,0.00392864880211989,FALSE,2,"spoVG;septation protein SpoVG,Regulator required for spore cortex synthesis",FALSE,
K02647,3,7,sporulation_gene,5065,14828,10,4.7460501427714046e-4,0.004008255075122395,FALSE,1,ysfB;hypothetical protein,FALSE,
K03588,3,7,sporulation_gene,5065,14828,10,4.7460501427714046e-4,0.004008255075122395,FALSE,2,"spoVE;stage V sporulation protein E,Cell division/stage V sporulation protein",FALSE,
K01685,6,9,sporulation_gene,5065,14828,15,9.248919099001431e-4,0.007407108485320974,FALSE,1,uxaA;altronate dehydratase,FALSE,
K06400,1,4,sporulation_gene,5065,14828,5,0.0010684555781566548,0.00841182400091129,FALSE,1,spoIVCA;DNA recombinase,FALSE,
K06381,4,7,sporulation_gene,5065,14828,11,0.0013497349021711767,0.010449197700975193,FALSE,2,"spoIID;stage II sporulation protein D,Stage II sporulation protein D",FALSE,
K00074,8,10,sporulation_gene,5065,14828,18,0.001457324970497784,0.010970846877932148,FALSE,1,mmgB;3-hydroxybutyryl-CoA dehydrogenase,FALSE,
K06385,2,5,sporulation_gene,5065,14828,7,0.0014879727735408511,0.010970846877932148,FALSE,2,"spoIIP;stage II sporulation protein P,Stage II sporulation protein P",FALSE,
K06398,2,5,sporulation_gene,5065,14828,7,0.0014879727735408511,0.010970846877932148,FALSE,2,"spoIVA;stage IV sporulation protein A,Stage IV sporulation protein A",FALSE,
K18672,2,5,sporulation_gene,5065,14828,7,0.0014879727735408511,0.010970846877932148,FALSE,1,cdaS;hypothetical protein,FALSE,
K22278,2,5,sporulation_gene,5065,14828,7,0.0014879727735408511,0.010970846877932148,FALSE,1,putative oligosaccharide deacetylase,FALSE,
K03589,3,6,sporulation_gene,5065,14828,9,0.0015066457948819504,0.01102105467279789,FALSE,1,divIB;cell division protein DivIB,FALSE,
K07699,42,28,sporulation_gene,5065,14828,70,0.002490745168379036,0.017799248164800958,FALSE,2,"spo0A;stage 0 sporulation protein A,Stage 0 sporulation protein A",FALSE,
K06413,1,3,sporulation_gene,5065,14828,4,0.004198876307835944,0.028682030073379355,FALSE,1,spoVK;stage V sporulation protein K,FALSE,
K18197,1,3,sporulation_gene,5065,14828,4,0.004198876307835944,0.028682030073379355,FALSE,1,yesW;rhamnogalacturonan endolyase YesW,FALSE,
K01448,247,113,sporulation_gene,5065,14828,360,0.004466370506783082,0.0300589349873584,FALSE,6,"cwlD;germination-specific N-acetylmuramoyl-L-alanine amidase,cwlC;sporulation-specific N-acetylmuramoyl-L-alanine amidase,Germination-specific N-acetylmuramoyl-L-alanine amidase, Autolysin,putative N-acetylmuramoyl-L-alanine amidase,putative phage-related cell wall hydrolase (endolysin),putative N-acetylmuramoyl-L-alanine amidase",FALSE,
K06284,15,13,sporulation_gene,5065,14828,28,0.0044975155686144425,0.0300589349873584,FALSE,1,abrB;transition state regulatory protein AbrB,FALSE,
K02050,10,10,sporulation_gene,5065,14828,20,0.004573576451368054,0.030284025399386367,FALSE,2,"ytlD;ABC transporter permease,ABC-type transport system, permease",FALSE,
K06383,3,5,sporulation_gene,5065,14828,8,0.00466158840916281,0.030284025399386367,FALSE,2,"spoIIGA;sporulation sigma-E factor-processing peptidase,Sporulation sigma-E factor processing peptidase",FALSE,
K06409,3,5,sporulation_gene,5065,14828,8,0.00466158840916281,0.030284025399386367,FALSE,2,"spoVB;stage V sporulation protein B,Stage V sporulation protein B",FALSE,
K02412,2,4,sporulation_gene,5065,14828,6,0.005051525598497291,0.03047316416236353,FALSE,1,ATP synthase subunit beta FliI,FALSE,
K06012,2,4,sporulation_gene,5065,14828,6,0.005051525598497291,0.03047316416236353,FALSE,2,"gpr;germination protease,Spore endopeptidase",FALSE,
K06408,2,4,sporulation_gene,5065,14828,6,0.005051525598497291,0.03047316416236353,FALSE,1,spoVAF;stage V sporulation protein AF,FALSE,
K14170,9,9,sporulation_gene,5065,14828,18,0.006216893296432875,0.03702239661785988,FALSE,1,"Bifunctional P-protein, chorismate mutase/prephenate dehydratase",FALSE,
K01803,8,8,sporulation_gene,5065,14828,16,0.008464368784169632,0.04976834557274423,FALSE,1,tpi;triosephosphate isomerase,FALSE,
K03719,4,5,sporulation_gene,5065,14828,9,0.01097147363772456,0.06253066876960808,FALSE,1,lrpA;AsnC family transcriptional regulator,FALSE,
K03531,7,7,sporulation_gene,5065,14828,14,0.011543382695904186,0.0649927425726969,FALSE,1,ftsZ;cell division protein FtsZ,FALSE,
K07038,3,4,sporulation_gene,5065,14828,7,0.013960407660888371,0.07632832811094435,FALSE,1,yfhP;hypothetical protein,FALSE,
K00974,1,2,sporulation_gene,5065,14828,3,0.01649854795789351,0.07884974376379608,FALSE,1,cca;CCA-adding enzyme,FALSE,
K02563,2,3,sporulation_gene,5065,14828,5,0.0167205592265531,0.07884974376379608,FALSE,1,murG;UDP-N-acetylglucosamine--N-acetylmuramyl- (pentapeptide) pyrophosphoryl-undecaprenol N-acetylglucosamine transferase,FALSE,
K03216,1,2,sporulation_gene,5065,14828,3,0.01649854795789351,0.07884974376379608,FALSE,1,cspR;tRNA (cytidine(34)-2'-O)-methyltransferase,FALSE,
K06215,2,3,sporulation_gene,5065,14828,5,0.0167205592265531,0.07884974376379608,FALSE,1,pdxS;pyridoxal biosynthesis lyase PdxS,FALSE,
K06407,1,2,sporulation_gene,5065,14828,3,0.01649854795789351,0.07884974376379608,FALSE,3,"spoVAEA;stage V sporulation protein AE,spoVAEB;stage V sporulation protein AEB,Stage V sporulation protein AE",FALSE,
K06438,1,2,sporulation_gene,5065,14828,3,0.01649854795789351,0.07884974376379608,FALSE,2,"yqfD;hypothetical protein,Stage IV sporulation protein",FALSE,
K07301,1,2,sporulation_gene,5065,14828,3,0.01649854795789351,0.07884974376379608,FALSE,1,putative Ca2+/Na+ antiporter,FALSE,
K13292,2,3,sporulation_gene,5065,14828,5,0.0167205592265531,0.07884974376379608,FALSE,1,lgt;prolipoprotein diacylglyceryl transferase,FALSE,
K03610,15,11,sporulation_gene,5065,14828,26,0.017810821457198017,0.08356693501887352,FALSE,1,minC;septum site-determining protein MinC,FALSE,
K01056,5,5,sporulation_gene,5065,14828,10,0.02155657266987164,0.10063344728799373,FALSE,1,spoVC;peptidyl-tRNA hydrolase,FALSE,
K09811,10,8,sporulation_gene,5065,14828,18,0.021718124526732965,0.10088068842667461,FALSE,1,ftsX;cell division protein FtsX,FALSE,
K09747,7,6,sporulation_gene,5065,14828,13,0.026745990083816094,0.12120499896519585,FALSE,1,DNA binding protein,FALSE,
K20118,4,4,sporulation_gene,5065,14828,8,0.029458439747097612,0.12908910625025322,FALSE,1,"PTS system, glucose-specific IIBC component",FALSE,
K04758,6,5,sporulation_gene,5065,14828,11,0.0373402580345096,0.16209859679467017,FALSE,1,Ferrous iron transport protein,FALSE,
K03466,47,24,sporulation_gene,5065,14828,71,0.0431455614851586,0.18386342486106577,FALSE,1,spoIIIE;spore DNA translocase,FALSE,
K00012,48,24,sporulation_gene,5065,14828,72,0.0505868191750792,0.20755789096901037,FALSE,2,"ytcA;UDP-glucose 6-dehydrogenase YtcA,ugd;UDP-glucose 6-dehydrogenase YwqF",FALSE,
K03431,2,2,sporulation_gene,5065,14828,4,0.05339756290806618,0.20755789096901037,FALSE,1,Phosphoglucosamine mutase,FALSE,
K03529,5,4,sporulation_gene,5065,14828,9,0.0525671473838141,0.20755789096901037,FALSE,1,smc;chromosome partition protein Smc,FALSE,
K07566,5,4,sporulation_gene,5065,14828,9,0.0525671473838141,0.20755789096901037,FALSE,1,tsaC;tRNA threonylcarbamoyladenosine biosynthesis protein YwlC,FALSE,
K07738,5,4,sporulation_gene,5065,14828,9,0.0525671473838141,0.20755789096901037,FALSE,1,"Transcriptional regulator, repressor NrdR family",FALSE,
K00067,13,8,sporulation_gene,5065,14828,21,0.062163356437318365,0.22895723886099575,FALSE,1,spsK;spore coat polysaccharide biosynthesis protein SpsK,FALSE,
K00864,1,1,sporulation_gene,5065,14828,2,0.06481781896710644,0.22895723886099575,FALSE,1,glpK;glycerol kinase,FALSE,
K01182,1,1,sporulation_gene,5065,14828,2,0.06481781896710644,0.22895723886099575,FALSE,1,"ycdG;oligo-1,6-glucosidase 2",FALSE,
K01304,1,1,sporulation_gene,5065,14828,2,0.06481781896710644,0.22895723886099575,FALSE,1,Pyrrolidone-carboxylate peptidase,FALSE,
K03299,1,1,sporulation_gene,5065,14828,2,0.06481781896710644,0.22895723886099575,FALSE,1,yojA;permease YojA,FALSE,
K03325,1,1,sporulation_gene,5065,14828,2,0.06481781896710644,0.22895723886099575,FALSE,1,arsB;arsenite resistance protein ArsB,FALSE,
K06416,1,1,sporulation_gene,5065,14828,2,0.06481781896710644,0.22895723886099575,FALSE,2,"spoVS;stage V sporulation protein S,Stage V sporulation protein S",FALSE,
K10716,11,7,sporulation_gene,5065,14828,18,0.06260036123656809,0.22895723886099575,FALSE,1,yugO;potassium channel protein YugO,FALSE,
K03496,271,109,sporulation_gene,5065,14828,380,0.06623103748817367,0.23306300691861115,FALSE,2,"parA;sporulation initiation inhibitor protein Soj,Transcriptional regulator, sporulation initiation inhibitor, chromosome partitioning protein",FALSE,
K09762,4,3,sporulation_gene,5065,14828,7,0.0748562515783666,0.2566105450786073,FALSE,1,putative sporulation transcription regulator whiA,FALSE,
K00075,6,4,sporulation_gene,5065,14828,10,0.08357772209775637,0.27929389866480453,FALSE,1,murB;UDP-N-acetylenolpyruvoylglucosamine reductase,FALSE,
K01790,14,8,sporulation_gene,5065,14828,22,0.08221253652246757,0.27929389866480453,FALSE,1,spsL;spore coat polysaccharide biosynthesis protein SpsL,FALSE,
K06283,8,5,sporulation_gene,5065,14828,13,0.08648661765283967,0.28491513404073776,FALSE,2,"spoIIID;stage III sporulation protein D,Stage III sporulation protein D",FALSE,
K07658,8,5,sporulation_gene,5065,14828,13,0.08648661765283967,0.28491513404073776,FALSE,2,"phoP;alkaline phosphatase synthesis transcriptional regulatory protein PhoP,Two-component response regulator",FALSE,
K03790,3,2,sporulation_gene,5065,14828,5,0.10841306843033585,0.34491691976637673,FALSE,1,putative Acyl-CoA N-acyltransferase,FALSE,
K06382,3,2,sporulation_gene,5065,14828,5,0.10841306843033585,0.34491691976637673,FALSE,2,"spoIIE;stage II sporulation protein E,stage II sporulation protein",FALSE,
K00975,7,4,sporulation_gene,5065,14828,11,0.12210894215046199,0.37071636358751364,FALSE,2,"glgD;glycogen biosynthesis protein GlgD,glgC;glucose-1-phosphate adenylyltransferase",FALSE,
K01447,9,5,sporulation_gene,5065,14828,14,0.11989013278867329,0.37071636358751364,FALSE,1,cwlH;N-acetylmuramoyl-L-alanine amidase CwlH,FALSE,
K01928,5,3,sporulation_gene,5065,14828,8,0.12025406340963542,0.37071636358751364,FALSE,1,UDP-N-acetylmuramyl-tripeptide synthetase,FALSE,
K03110,7,4,sporulation_gene,5065,14828,11,0.12210894215046199,0.37071636358751364,FALSE,1,ftsY;signal recognition particle receptor FtsY,FALSE,
K03569,7,4,sporulation_gene,5065,14828,11,0.12210894215046199,0.37071636358751364,FALSE,2,"mreB;rod shape-determining protein MreB,mbl;MreB-like protein",FALSE,
K06399,7,4,sporulation_gene,5065,14828,11,0.12210894215046199,0.37071636358751364,FALSE,2,"spoIVB;peptidase S55,Stage IV sporulation protein B, peptidase S55 family",FALSE,
K00703,14,7,sporulation_gene,5065,14828,21,0.14094866524730162,0.42375828483735667,FALSE,1,glgA;glycogen synthase,FALSE,
K00931,12,6,sporulation_gene,5065,14828,18,0.1497052871600502,0.43986205089606895,FALSE,1,proJ;glutamate 5-kinase,FALSE,
K03524,2,1,sporulation_gene,5065,14828,3,0.16145636098553232,0.43986205089606895,FALSE,1,birA;bifunctional protein BirA,FALSE,
K06346,2,1,sporulation_gene,5065,14828,3,0.16145636098553232,0.43986205089606895,FALSE,1,jag;protein jag,FALSE,
K06392,2,1,sporulation_gene,5065,14828,3,0.16145636098553232,0.43986205089606895,FALSE,2,"spoIIIAC;stage III sporulation protein AC,Stage III sporulation protein AC",FALSE,
K06393,2,1,sporulation_gene,5065,14828,3,0.16145636098553232,0.43986205089606895,FALSE,2,"spoIIIAD;stage III sporulation protein AD,Stage III sporulation protein AD",FALSE,
K06394,2,1,sporulation_gene,5065,14828,3,0.16145636098553232,0.43986205089606895,FALSE,2,"spoIIIAE;stage III sporulation protein AE,Stage III sporulation protein AE",FALSE,
K06396,2,1,sporulation_gene,5065,14828,3,0.16145636098553232,0.43986205089606895,FALSE,2,"spoIIIAG;stage III sporulation protein AG,Stage III sporulation protein AG",FALSE,
K09779,2,1,sporulation_gene,5065,14828,3,0.16145636098553232,0.43986205089606895,FALSE,2,"yuzA;hypothetical protein,putative membrane protein",FALSE,
K15771,2,1,sporulation_gene,5065,14828,3,0.16145636098553232,0.43986205089606895,FALSE,1,mdxF;maltodextrin transport system permease protein MdxF,FALSE,
K01934,6,3,sporulation_gene,5065,14828,9,0.174403596230293,0.4587067517909731,FALSE,1,5-formyltetrahydrofolate cyclo-ligase,FALSE,
K03590,4,2,sporulation_gene,5065,14828,6,0.17676751037800686,0.4587067517909731,FALSE,1,ftsA;cell division protein FtsA,FALSE,
K07042,4,2,sporulation_gene,5065,14828,6,0.17676751037800686,0.4587067517909731,FALSE,1,putative metal-dependent hydrolase,FALSE,
K18889,4,2,sporulation_gene,5065,14828,6,0.17676751037800686,0.4587067517909731,FALSE,1,yknU;ABC transporter ATP-binding protein,FALSE,
K00041,30,12,sporulation_gene,5065,14828,42,0.2555674137806137,0.47201218171409565,FALSE,1,uxaB;altronate oxidoreductase,FALSE,
K00390,320,118,sporulation_gene,5065,14828,438,0.21840664488268002,0.47201218171409565,FALSE,1,yitB;phosphoadenosine phosphosulfate reductase,FALSE,
K00640,18,8,sporulation_gene,5065,14828,26,0.1955061159046634,0.47201218171409565,FALSE,1,Serine acetyltransferase (SAT),FALSE,
K00754,1,0,sporulation_gene,5065,14828,1,0.254612175136983,0.47201218171409565,FALSE,1,bshA;glycosyltransferase YpjH,FALSE,
K01118,1,0,sporulation_gene,5065,14828,1,0.254612175136983,0.47201218171409565,FALSE,2,"azoR2;FMN-dependent NADH-azoreductase 2,putative FMN-dependent NADH-azoreductase",FALSE,
K01262,9,4,sporulation_gene,5065,14828,13,0.2177241435224787,0.47201218171409565,FALSE,1,papA;peptidase YqhT,FALSE,
K01297,1,0,sporulation_gene,5065,14828,1,0.254612175136983,0.47201218171409565,FALSE,1,"putative muramoyltetrapeptide carboxypeptidase,S66 family",FALSE,
K01537,14,6,sporulation_gene,5065,14828,20,0.2288587633489342,0.47201218171409565,FALSE,1,yloB;calcium-transporting ATPase,FALSE,
K01686,7,3,sporulation_gene,5065,14828,10,0.23495417898531717,0.47201218171409565,FALSE,1,uxuA;mannonate dehydratase,FALSE,
K01710,16,7,sporulation_gene,5065,14828,23,0.21121092050575843,0.47201218171409565,FALSE,1,"spsJ;dTDP-glucose 4,6-dehydratase",FALSE,
K01961,1,0,sporulation_gene,5065,14828,1,0.254612175136983,0.47201218171409565,FALSE,1,yngH;biotin carboxylase 2,FALSE,
K02479,1,0,sporulation_gene,5065,14828,1,0.254612175136983,0.47201218171409565,FALSE,1,yhcZ;transcriptional regulator,FALSE,
K03310,9,4,sporulation_gene,5065,14828,13,0.2177241435224787,0.47201218171409565,FALSE,1,yrbD;sodium/proton-dependent alanine carrier protein YrbD,FALSE,
K03311,1,0,sporulation_gene,5065,14828,1,0.254612175136983,0.47201218171409565,FALSE,2,"Branched chain amino acid transport system carrier protein,Branched-chain amino acid transport system II carrier protein",FALSE,
K03497,252,95,sporulation_gene,5065,14828,347,0.18648776903793757,0.47201218171409565,FALSE,2,"parB;stage 0 sporulation protein J,Stage 0 sporulation protein J, site-specific DNA-binding protein",FALSE,
K03594,1,0,sporulation_gene,5065,14828,1,0.254612175136983,0.47201218171409565,FALSE,1,putative bacterioferritin,FALSE,
K03657,58,23,sporulation_gene,5065,14828,81,0.22827634136140929,0.47201218171409565,FALSE,1,"putative DNA helicase, UvrD/REP type",FALSE,
K03781,1,0,sporulation_gene,5065,14828,1,0.254612175136983,0.47201218171409565,FALSE,2,"katA;vegetative catalase,katX;catalase X",FALSE,
K03797,17,7,sporulation_gene,5065,14828,24,0.25053914299138713,0.47201218171409565,FALSE,3,"ctpA;carboxy-terminal processing protease CtpA,ctpB;carboxy-terminal processing protease CtpB,putative carboxy-terminal protease",FALSE,
K03798,1,0,sporulation_gene,5065,14828,1,0.254612175136983,0.47201218171409565,FALSE,1,"putative ATP-dependent peptidase, M41 family",FALSE,
K03799,1,0,sporulation_gene,5065,14828,1,0.254612175136983,0.47201218171409565,FALSE,1,htpX;protease HtpX,FALSE,
K04564,1,0,sporulation_gene,5065,14828,1,0.254612175136983,0.47201218171409565,FALSE,2,"sodF;superoxide dismutase,spore coat protein-superoxide dismutase (Mn)",FALSE,
K05020,1,0,sporulation_gene,5065,14828,1,0.254612175136983,0.47201218171409565,FALSE,1,opuD;glycine betaine transporter OpuD,FALSE,
K05340,1,0,sporulation_gene,5065,14828,1,0.254612175136983,0.47201218171409565,FALSE,1,glcU;glucose uptake protein GlcU,FALSE,
K06320,1,0,sporulation_gene,5065,14828,1,0.254612175136983,0.47201218171409565,FALSE,1,cgeB;spore maturation protein CgeB,FALSE,
K06973,5,2,sporulation_gene,5065,14828,7,0.2532009544777372,0.47201218171409565,FALSE,1,yugP;membrane protease YugP,FALSE,
K07175,16,7,sporulation_gene,5065,14828,23,0.21121092050575843,0.47201218171409565,FALSE,1,ylaK;hypothetical protein,FALSE,
K07238,7,3,sporulation_gene,5065,14828,10,0.23495417898531717,0.47201218171409565,FALSE,1,putative zinc/iron permease,FALSE,
K07257,1,0,sporulation_gene,5065,14828,1,0.254612175136983,0.47201218171409565,FALSE,1,spsF;spore coat polysaccharide biosynthesis protein SpsF,FALSE,
K08602,1,0,sporulation_gene,5065,14828,1,0.254612175136983,0.47201218171409565,FALSE,3,"pepF;oligoendopeptidase F,putative oligoendopeptidase F, M3B family,putative oligoendopeptidase F, peptidase M3B family",FALSE,
K09777,1,0,sporulation_gene,5065,14828,1,0.254612175136983,0.47201218171409565,FALSE,1,remA;hypothetical protein,FALSE,
K10823,14,6,sporulation_gene,5065,14828,20,0.2288587633489342,0.47201218171409565,FALSE,1,oppF;oligopeptide transport ATP-binding protein OppF,FALSE,
K12555,1,0,sporulation_gene,5065,14828,1,0.254612175136983,0.47201218171409565,FALSE,1,pbpF;penicillin-binding protein 1F,FALSE,
K16012,1,0,sporulation_gene,5065,14828,1,0.254612175136983,0.47201218171409565,FALSE,1,cydD;ATP-binding/permease protein CydD,FALSE,
K19405,1,0,sporulation_gene,5065,14828,1,0.254612175136983,0.47201218171409565,FALSE,1,mcsB;ATP:guanido phosphotransferase YacI,FALSE,
K19411,1,0,sporulation_gene,5065,14828,1,0.254612175136983,0.47201218171409565,FALSE,1,mcsA;hypothetical protein,FALSE,
K19449,1,0,sporulation_gene,5065,14828,1,0.254612175136983,0.47201218171409565,FALSE,1,sinR;XRE family transcriptional regulator,FALSE,
K21469,1,0,sporulation_gene,5065,14828,1,0.254612175136983,0.47201218171409565,FALSE,1,amiE;hypothetical protein,FALSE,
K00997,3,1,sporulation_gene,5065,14828,4,0.2695151590629984,0.47691349098957236,FALSE,1,Holo-[acyl-carrier-protein] synthase,FALSE,
K01751,3,1,sporulation_gene,5065,14828,4,0.2695151590629984,0.47691349098957236,FALSE,1,Diaminopropionate ammonia-lyase,FALSE,
K01929,3,1,sporulation_gene,5065,14828,4,0.2695151590629984,0.47691349098957236,FALSE,1,murF;UDP-N-acetylmuramoyl-tripeptide--D-alanyl-D- alanine ligase,FALSE,
K03892,3,1,sporulation_gene,5065,14828,4,0.2695151590629984,0.47691349098957236,FALSE,1,arsR;arsenical resistance operon repressor,FALSE,
K05770,3,1,sporulation_gene,5065,14828,4,0.2695151590629984,0.47691349098957236,FALSE,1,"putative transmembrane signaling protein,TspO/MBR family",FALSE,
K06373,3,1,sporulation_gene,5065,14828,4,0.2695151590629984,0.47691349098957236,FALSE,2,"spmA;spore maturation protein A,Spore maturation protein A",FALSE,
K06374,3,1,sporulation_gene,5065,14828,4,0.2695151590629984,0.47691349098957236,FALSE,2,"spmB;spore maturation protein B,Spore maturation protein B",FALSE,
K07074,3,1,sporulation_gene,5065,14828,4,0.2695151590629984,0.47691349098957236,FALSE,1,ycgL;hypothetical protein,FALSE,
K18890,3,1,sporulation_gene,5065,14828,4,0.2695151590629984,0.47691349098957236,FALSE,1,yknV;ABC transporter ATP-binding protein,FALSE,
K03698,18,7,sporulation_gene,5065,14828,25,0.29192999174179435,0.51461662680859,FALSE,1,yhaM;3'-5' exoribonuclease YhaM,FALSE,
K00859,8,3,sporulation_gene,5065,14828,11,0.2994371714623775,0.5238740721064948,FALSE,1,Dephospho-CoA kinase (Dephosphocoenzyme A kinase),FALSE,
K03723,13,5,sporulation_gene,5065,14828,18,0.2985231663828481,0.5238740721064948,FALSE,1,mfd;transcription-repair-coupling factor,FALSE,
K00949,6,2,sporulation_gene,5065,14828,8,0.33296908911859846,0.5771050070730932,FALSE,1,yloS;thiamine pyrophosphokinase,FALSE,
K00133,77,28,sporulation_gene,5065,14828,105,0.34029144703923647,0.5886978664794239,FALSE,1,asd;aspartate-semialdehyde dehydrogenase,FALSE,
K00700,17,6,sporulation_gene,5065,14828,23,0.36570909780695354,0.6279921476204433,FALSE,1,"glgB;1,4-alpha-glucan branching enzyme GlgB",FALSE,
K03574,17,6,sporulation_gene,5065,14828,23,0.36570909780695354,0.6279921476204433,FALSE,1,rppH;8-oxo-dGTP diphosphatase YtkD,FALSE,
K04074,4,1,sporulation_gene,5065,14828,5,0.37691655281810676,0.6343396332754007,FALSE,1,divIVA;septum site-determining protein DivIVA,FALSE,
K04763,4,1,sporulation_gene,5065,14828,5,0.37691655281810676,0.6343396332754007,FALSE,1,ripX;tyrosine recombinase XerD,FALSE,
K06390,4,1,sporulation_gene,5065,14828,5,0.37691655281810676,0.6343396332754007,FALSE,2,"spoIIIAA;stage III sporulation protein AA,Stage III sporulation protein AA",FALSE,
K11751,4,1,sporulation_gene,5065,14828,5,0.37691655281810676,0.6343396332754007,FALSE,1,putative membrane-associated 5'-nucleotidase/phosphoesterase,FALSE,
K00973,20,7,sporulation_gene,5065,14828,27,0.378501466686098,0.6358550859880381,FALSE,1,spsI;dTDP-glucose pyrophosphorylase,FALSE,
K01770,12,4,sporulation_gene,5065,14828,16,0.38646215746415835,0.6457254393600775,FALSE,1,"2-C-methyl-D-erythritol 2,4-cyclodiphosphate synthase",FALSE,
K00215,30,10,sporulation_gene,5065,14828,40,0.44278113934169694,0.6542847346815728,FALSE,1,dapB;4-hydroxy-tetrahydrodipicolinate reductase,FALSE,
K00282,2,0,sporulation_gene,5065,14828,2,0.4444065313068595,0.6542847346815728,FALSE,1,gcvPA;glycine dehydrogenase subunit 1,FALSE,
K00841,2,0,sporulation_gene,5065,14828,2,0.4444065313068595,0.6542847346815728,FALSE,1,patA;N-acetyl-LL-diaminopimelate aminotransferase,FALSE,
K01028,2,0,sporulation_gene,5065,14828,2,0.4444065313068595,0.6542847346815728,FALSE,1,scoA;succinyl-CoA:3-ketoacid coenzyme A transferase subunit A,FALSE,
K01077,2,0,sporulation_gene,5065,14828,2,0.4444065313068595,0.6542847346815728,FALSE,2,"phoB;alkaline phosphatase 3,phoA;alkaline phosphatase",FALSE,
K01207,7,2,sporulation_gene,5065,14828,9,0.4122518355627508,0.6542847346815728,FALSE,1,nagZ;lipoprotein,FALSE,
K01425,2,0,sporulation_gene,5065,14828,2,0.4444065313068595,0.6542847346815728,FALSE,1,ylaM;glutaminase,FALSE,
K01843,2,0,sporulation_gene,5065,14828,2,0.4444065313068595,0.6542847346815728,FALSE,1,"kamA;L-lysine 2,3-aminomutase",FALSE,
K01953,2,0,sporulation_gene,5065,14828,2,0.4444065313068595,0.6542847346815728,FALSE,1,asnO;asparagine synthetase 3,FALSE,
K02338,58,20,sporulation_gene,5065,14828,78,0.4257540996220616,0.6542847346815728,FALSE,1,dnaN;DNA polymerase III subunit beta,FALSE,
K02761,2,0,sporulation_gene,5065,14828,2,0.4444065313068595,0.6542847346815728,FALSE,1,ywbA;permease IIC component YwbA,FALSE,
K02810,2,0,sporulation_gene,5065,14828,2,0.4444065313068595,0.6542847346815728,FALSE,1,murP;PTS system transporter subunit EIIBC,FALSE,
K03294,2,0,sporulation_gene,5065,14828,2,0.4444065313068595,0.6542847346815728,FALSE,1,putative amino acid/polyamine transporter,FALSE,
K03324,13,4,sporulation_gene,5065,14828,17,0.4437725536400928,0.6542847346815728,FALSE,1,yqeW;hypothetical protein,FALSE,
K03595,7,2,sporulation_gene,5065,14828,9,0.4122518355627508,0.6542847346815728,FALSE,1,GTP-binding protein Era,FALSE,
K03609,2,0,sporulation_gene,5065,14828,2,0.4444065313068595,0.6542847346815728,FALSE,1,minD;septum site-determining protein MinD,FALSE,
K03741,2,0,sporulation_gene,5065,14828,2,0.4444065313068595,0.6542847346815728,FALSE,1,arsC;arsenate reductase ArsC,FALSE,
K03980,2,0,sporulation_gene,5065,14828,2,0.4444065313068595,0.6542847346815728,FALSE,1,"Transmembrane virulence factor, MviN family protein",FALSE,
K04759,15,5,sporulation_gene,5065,14828,20,0.4015250392506684,0.6542847346815728,FALSE,1,Ferrous iron transport protein B,FALSE,
K05982,2,0,sporulation_gene,5065,14828,2,0.4444065313068595,0.6542847346815728,FALSE,1,ywqL;endonuclease V,FALSE,
K06397,2,0,sporulation_gene,5065,14828,2,0.4444065313068595,0.6542847346815728,FALSE,2,"spoIIIAH;stage III sporulation protein AH,Stage III sporulation protein AH",FALSE,
K06949,7,2,sporulation_gene,5065,14828,9,0.4122518355627508,0.6542847346815728,FALSE,1,putative EngC-like GTPase,FALSE,
K07217,2,0,sporulation_gene,5065,14828,2,0.4444065313068595,0.6542847346815728,FALSE,2,"yjqC;hypothetical protein,spore coat protein-manganese catalase",FALSE,
K08191,2,0,sporulation_gene,5065,14828,2,0.4444065313068595,0.6542847346815728,FALSE,1,exuT;hexuronate transporter,FALSE,
K08309,2,0,sporulation_gene,5065,14828,2,0.4444065313068595,0.6542847346815728,FALSE,1,putative lytic transglycosylase-like protein,FALSE,
K08884,2,0,sporulation_gene,5065,14828,2,0.4444065313068595,0.6542847346815728,FALSE,2,"yabT;serine/threonine protein kinase,prkD;serine/threonine protein kinase",FALSE,
K09769,2,0,sporulation_gene,5065,14828,2,0.4444065313068595,0.6542847346815728,FALSE,1,ymdB;hypothetical protein,FALSE,
K11749,7,2,sporulation_gene,5065,14828,9,0.4122518355627508,0.6542847346815728,FALSE,1,rasP;zinc metalloprotease RasP,FALSE,
K16203,2,0,sporulation_gene,5065,14828,2,0.4444065313068595,0.6542847346815728,FALSE,1,putative amino acid amidase,FALSE,
K19689,2,0,sporulation_gene,5065,14828,2,0.4444065313068595,0.6542847346815728,FALSE,1,Aminopeptidase,FALSE,
K22299,2,0,sporulation_gene,5065,14828,2,0.4444065313068595,0.6542847346815728,FALSE,1,rghR;HTH-type transcriptional repressor RghR,FALSE,
K15633,48,16,sporulation_gene,5065,14828,64,0.46722612136355224,0.6867928271309178,FALSE,1,"pgm;2,3-bisphosphoglycerate-independent phosphoglycerate mutase",FALSE,
K00794,5,1,sporulation_gene,5065,14828,6,0.47699107403815655,0.6923823559085116,FALSE,1,"ribH;6,7-dimethyl-8-ribityllumazine synthase",FALSE,
K01734,5,1,sporulation_gene,5065,14828,6,0.47699107403815655,0.6923823559085116,FALSE,1,mgsA;methylglyoxal synthase,FALSE,
K05515,5,1,sporulation_gene,5065,14828,6,0.47699107403815655,0.6923823559085116,FALSE,1,putative peptidoglycan glycosyltransferase,FALSE,
K00286,8,2,sporulation_gene,5065,14828,10,0.48823654552450846,0.7043039608575595,FALSE,1,proH;pyrroline-5-carboxylate reductase 1,FALSE,
K00627,8,2,sporulation_gene,5065,14828,10,0.48823654552450846,0.7043039608575595,FALSE,1,acoC;dihydrolipoyllysine-residue acetyltransferase component of acetoin cleaving system,FALSE,
K06881,11,3,sporulation_gene,5065,14828,14,0.49488291928196315,0.7105815023383985,FALSE,1,nrnA;bifunctional oligoribonuclease/PAP phosphatase NrnA,FALSE,
K06901,11,3,sporulation_gene,5065,14828,14,0.49488291928196315,0.7105815023383985,FALSE,1,Xanthine/uracil/thiamine/ascorbate permease family protein,FALSE,
K07095,14,4,sporulation_gene,5065,14828,18,0.4996377025851868,0.7151978824370393,FALSE,1,ysnB;metallophosphoesterase,FALSE,
K09812,20,6,sporulation_gene,5065,14828,26,0.5064960197145992,0.7238996958690196,FALSE,1,ftsE;cell division ATP-binding protein FtsE,FALSE,
K01489,9,2,sporulation_gene,5065,14828,11,0.559036310797808,0.7916840437975056,FALSE,1,Cytidine deaminase (Cytidine aminohydrolase) (CDA),FALSE,
K09022,9,2,sporulation_gene,5065,14828,11,0.559036310797808,0.7916840437975056,FALSE,1,yabJ;enamine/imine deaminase,FALSE,
K00882,3,0,sporulation_gene,5065,14828,3,0.5858816164675227,0.7934169412512078,FALSE,1,Fructose 1-phosphate kinase,FALSE,
K01759,3,0,sporulation_gene,5065,14828,3,0.5858816164675227,0.7934169412512078,FALSE,1,putative glyoxalase,FALSE,
K03293,3,0,sporulation_gene,5065,14828,3,0.5858816164675227,0.7934169412512078,FALSE,1,ycgH;transporter,FALSE,
K03517,3,0,sporulation_gene,5065,14828,3,0.5858816164675227,0.7934169412512078,FALSE,1,nadA;quinolinate synthase A,FALSE,
K03699,3,0,sporulation_gene,5065,14828,3,0.5858816164675227,0.7934169412512078,FALSE,2,"yugS;hypothetical protein,putative membrane protein",FALSE,
K06295,3,0,sporulation_gene,5065,14828,3,0.5858816164675227,0.7934169412512078,FALSE,1,gerKA;spore germination protein KA,FALSE,
K06902,3,0,sporulation_gene,5065,14828,3,0.5858816164675227,0.7934169412512078,FALSE,1,yxiO;MFS transporter,FALSE,
K11105,6,1,sporulation_gene,5065,14828,7,0.5665071218623243,0.7934169412512078,FALSE,1,putative Na(+)/H(+) antiporter,FALSE,
K18979,3,0,sporulation_gene,5065,14828,3,0.5858816164675227,0.7934169412512078,FALSE,1,queG;epoxyqueuosine reductase,FALSE,
K01462,19,5,sporulation_gene,5065,14828,24,0.5982492124979327,0.8078103465270051,FALSE,1,defB;peptide deformylase,FALSE,
K03217,13,3,sporulation_gene,5065,14828,16,0.6115478608407742,0.8209941657819063,FALSE,1,yidC1;membrane protein insertase MisCA,FALSE,
K00860,10,2,sporulation_gene,5065,14828,12,0.6235378573382477,0.8298949419301319,FALSE,1,yisZ;adenylyl-sulfate kinase,FALSE,
K01775,10,2,sporulation_gene,5065,14828,12,0.6235378573382477,0.8298949419301319,FALSE,2,"yncD;alanine racemase 2,Alanine racemase 2",FALSE,
K02343,10,2,sporulation_gene,5065,14828,12,0.6235378573382477,0.8298949419301319,FALSE,1,DNA polymerase III subunits gamma and tau,FALSE,
K03495,7,1,sporulation_gene,5065,14828,8,0.6443531327768995,0.8478811053112459,FALSE,1,gidA;tRNA uridine 5-carboxymethylaminomethyl modification enzyme MnmG,FALSE,
K07507,7,1,sporulation_gene,5065,14828,8,0.6443531327768995,0.8478811053112459,FALSE,1,"putative magnesium transport ATPase, MgtC/SapB family",FALSE,
K07636,20,5,sporulation_gene,5065,14828,25,0.6418228135102769,0.8478811053112459,FALSE,2,"phoR;alkaline phosphatase synthesis sensor protein PhoR,Two-component sensor histidine kinase",FALSE,
K00283,4,0,sporulation_gene,5065,14828,4,0.6913371022690311,0.8690827713233151,FALSE,1,gcvPB;glycine dehydrogenase subunit 2,FALSE,
K00605,4,0,sporulation_gene,5065,14828,4,0.6913371022690311,0.8690827713233151,FALSE,1,gcvT;aminomethyltransferase,FALSE,
K00901,4,0,sporulation_gene,5065,14828,4,0.6913371022690311,0.8690827713233151,FALSE,1,putative diacylglycerol kinase,FALSE,
K00991,4,0,sporulation_gene,5065,14828,4,0.6913371022690311,0.8690827713233151,FALSE,1,2-C-methyl-D-erythritol 4-phosphate cytidylyltransferase,FALSE,
K03664,21,5,sporulation_gene,5065,14828,26,0.6824208516489803,0.8690827713233151,FALSE,1,smpB;SsrA-binding protein,FALSE,
K03885,4,0,sporulation_gene,5065,14828,4,0.6913371022690311,0.8690827713233151,FALSE,2,"yumB;NADH dehydrogenase-like protein YumB,yutJ;NADH dehydrogenase-like protein YutJ",FALSE,
K07447,14,3,sporulation_gene,5065,14828,17,0.6631710322871375,0.8690827713233151,FALSE,1,putative Holliday junction resolvase,FALSE,
K14155,14,3,sporulation_gene,5065,14828,17,0.6631710322871375,0.8690827713233151,FALSE,1,patB;cystathionine beta-lyase,FALSE,
K01835,18,4,sporulation_gene,5065,14828,22,0.6941958444679461,0.8691481664564985,FALSE,1,pgcA;phosphoglucomutase,FALSE,
K03526,8,1,sporulation_gene,5065,14828,9,0.7106677891237987,0.8850005041501461,FALSE,1,ispG;4-hydroxy-3-methylbut-2-en-1-yl diphosphate synthase,FALSE,
K00806,12,2,sporulation_gene,5065,14828,14,0.7320545310740745,0.9079821887420764,FALSE,1,Undecaprenyl pyrophosphate synthetase,FALSE,
K01921,12,2,sporulation_gene,5065,14828,14,0.7320545310740745,0.9079821887420764,FALSE,1,D-alanine--D-alanine ligase (D-alanylalanine synthetase) (D-Ala-D-Ala ligase),FALSE,
K00820,5,0,sporulation_gene,5065,14828,5,0.769942239631762,0.919378329843068,FALSE,1,Glucosamine--fructose-6-phosphate aminotransferase [isomerizing],FALSE,
K00940,5,0,sporulation_gene,5065,14828,5,0.769942239631762,0.919378329843068,FALSE,1,ndk;nucleoside diphosphate kinase,FALSE,
K01585,5,0,sporulation_gene,5065,14828,5,0.769942239631762,0.919378329843068,FALSE,1,putative arginine decarboxylase,FALSE,
K02313,5,0,sporulation_gene,5065,14828,5,0.769942239631762,0.919378329843068,FALSE,1,dnaA;chromosomal replication initiator protein DnaA,FALSE,
K03312,5,0,sporulation_gene,5065,14828,5,0.769942239631762,0.919378329843068,FALSE,1,Sodium/glutamate symporter,FALSE,
K03979,9,1,sporulation_gene,5065,14828,10,0.7662756000236216,0.919378329843068,FALSE,1,obg;GTPase ObgE,FALSE,
K07571,5,0,sporulation_gene,5065,14828,5,0.769942239631762,0.919378329843068,FALSE,1,yabR;hypothetical protein,FALSE,
K01736,14,2,sporulation_gene,5065,14828,16,0.8142570229978987,0.9596792696652531,FALSE,1,Chorismate synthase (5-enolpyruvylshikimate-3-phosphate phospholyase),FALSE,
K02528,6,0,sporulation_gene,5065,14828,6,0.8285324727504831,0.9596792696652531,FALSE,1,ksgA;ribosomal RNA small subunit methyltransferase A,FALSE,
K02770,6,0,sporulation_gene,5065,14828,6,0.8285324727504831,0.9596792696652531,FALSE,1,"PTS system, fructose-specific IIABC component",FALSE,
K05592,10,1,sporulation_gene,5065,14828,11,0.8123287754071357,0.9596792696652531,FALSE,2,"deaD;ATP-dependent RNA helicase DbpA,putative ATP-dependent RNA helicase",FALSE,
K06180,32,7,sporulation_gene,5065,14828,39,0.8127123179443632,0.9596792696652531,FALSE,2,"yhcT;RNA pseudouridine synthase YhcT,yjbO;RNA pseudouridine synthase YjbO",FALSE,
K12132,18,3,sporulation_gene,5065,14828,21,0.8211098326767798,0.9596792696652531,FALSE,1,prkC;serine/threonine protein kinase,FALSE,
K00876,15,2,sporulation_gene,5065,14828,17,0.8466325924359192,0.973774087460454,FALSE,1,putative uridine kinase,FALSE,
K06131,11,1,sporulation_gene,5065,14828,12,0.850086959020913,0.973774087460454,FALSE,2,"clsA;cardiolipin synthase,ywjE;cardiolipin synthetase",FALSE,
K00059,27,5,sporulation_gene,5065,14828,32,0.860559400205935,0.9845562595952138,FALSE,4,"fabG;3-oxoacyl-[acyl-carrier-protein] reductase FabG,ymfI;oxidoreductase,ytkK;oxidoreductase,3-oxoacyl-[acyl-carrier protein] reductase (3-ketoacyl-acyl carrier protein reductase)",FALSE,
K06217,16,2,sporulation_gene,5065,14828,18,0.8739801427684211,0.9925764702101018,FALSE,1,PhoH-like protein,FALSE,
K07090,7,0,sporulation_gene,5065,14828,7,0.8722033645651762,0.9925764702101018,FALSE,3,"yjnA;hypothetical protein,putative membrane protein, DUF81 family,putative membrane protein, DUF81 family",FALSE,
K00965,24,4,sporulation_gene,5065,14828,28,0.8762344437807672,0.9927095100882105,FALSE,1,putative galactose-1-phosphate uridylyltransferase,FALSE,
K00033,30,3,sporulation_gene,5065,14828,33,0.9821633543250297,1,FALSE,1,yqeC;6-phosphogluconate dehydrogenase YqeC,FALSE,
K00134,88,8,sporulation_gene,5065,14828,96,0.9999822337516583,1,FALSE,1,gapB;glyceraldehyde-3-phosphate dehydrogenase 2,FALSE,
K00177,25,0,sporulation_gene,5065,14828,25,0.9993583207009911,1,FALSE,1,putative flavodoxin/ferredoxin oxidoreductase gamma subunit,FALSE,
K00425,12,0,sporulation_gene,5065,14828,12,0.9706170677647641,1,FALSE,1,ythA;cytochrome bd menaquinol oxidase subunit I,FALSE,
K00426,12,0,sporulation_gene,5065,14828,12,0.9706170677647641,1,FALSE,1,ythB;cytochrome bd menaquinol oxidase subunit II,FALSE,
K00791,13,1,sporulation_gene,5065,14828,14,0.9055767398398116,1,FALSE,1,miaA;tRNA dimethylallyltransferase,FALSE,
K00919,8,0,sporulation_gene,5065,14828,8,0.9047533976777874,1,FALSE,1,ispE;4-diphosphocytidyl-2-c-methyl-d-erythritol kinase,FALSE,
K00927,88,8,sporulation_gene,5065,14828,96,0.9999822337516583,1,FALSE,1,pgk;phosphoglycerate kinase,FALSE,
K00928,105,14,sporulation_gene,5065,14828,119,0.9998265659170773,1,FALSE,2,"dapG;aspartokinase 1,Aspartokinase 1 (Aspartokinase I) (1spartate kinase I)",FALSE,
K00963,12,0,sporulation_gene,5065,14828,12,0.9706170677647641,1,FALSE,2,"ytdA;UTP--glucose-1-phosphate uridylyltransferase,gtaB;UTP--glucose-1-phosphate uridylyltransferase",FALSE,
K01126,29,4,sporulation_gene,5065,14828,33,0.9479922747217526,1,FALSE,1,Glycerophosphoryl diester phosphodiesterase,FALSE,
K01142,12,0,sporulation_gene,5065,14828,12,0.9706170677647641,1,FALSE,1,exoA;exodeoxyribonuclease,FALSE,
K01187,40,6,sporulation_gene,5065,14828,46,0.9675101420396849,1,FALSE,1,"yugT;oligo-1,6-glucosidase 3",FALSE,
K01586,60,5,sporulation_gene,5065,14828,65,0.9997528624594725,1,FALSE,1,lysA;diaminopimelate decarboxylase,FALSE,
K01647,55,10,sporulation_gene,5065,14828,65,0.9627795233222258,1,FALSE,1,mmgD;2-methylcitrate synthase,FALSE,
K01714,50,10,sporulation_gene,5065,14828,60,0.9262239883589257,1,FALSE,1,dapA;4-hydroxy-tetrahydrodipicolinate synthase,FALSE,
K01776,11,0,sporulation_gene,5065,14828,11,0.9605728920361098,1,FALSE,1,racE;glutamate racemase,FALSE,
K01893,30,2,sporulation_gene,5065,14828,32,0.9942725411849103,1,FALSE,1,Asparaginyl-tRNA synthetase (Asparagine--tRNA ligase) (AsnRS),FALSE,
K02112,18,2,sporulation_gene,5065,14828,20,0.9160105786151795,1,FALSE,1,ATP synthase subunit beta (ATPase subunit beta) (ATP synthase F1 sector subunit beta),FALSE,
K02335,44,5,sporulation_gene,5065,14828,49,0.992997440978628,1,FALSE,1,DNA polymerase I (POLI),FALSE,
K02428,22,1,sporulation_gene,5065,14828,23,0.9897497441350465,1,FALSE,1,ysnA;non-canonical purine NTP pyrophosphatase,FALSE,
K03086,40,8,sporulation_gene,5065,14828,48,0.8948284573545563,1,FALSE,1,sigA;RNA polymerase sigma factor RpoD,FALSE,
K03183,15,0,sporulation_gene,5065,14828,15,0.9878395132208462,1,FALSE,1,menH;demethylmenaquinone methyltransferase,FALSE,
K03305,8,0,sporulation_gene,5065,14828,8,0.9047533976777874,1,FALSE,1,dtpT;transporter,FALSE,
K03650,13,1,sporulation_gene,5065,14828,14,0.9055767398398116,1,FALSE,1,thdF;tRNA modification GTPase MnmE,FALSE,
K03696,36,5,sporulation_gene,5065,14828,41,0.9685054339065557,1,FALSE,1,clpC;negative regulator of genetic competence ClpC/MecB,FALSE,
K05606,18,0,sporulation_gene,5065,14828,18,0.9949680124721949,1,FALSE,1,yqjC;hypothetical protein,FALSE,
K05810,10,0,sporulation_gene,5065,14828,10,0.9470961541607485,1,FALSE,1,conserved hypothetical protein,FALSE,
K07001,11,0,sporulation_gene,5065,14828,11,0.9605728920361098,1,FALSE,2,"ylbK;NTE family protein YlbK,yqhO;hypothetical protein",FALSE,
K07114,21,1,sporulation_gene,5065,14828,22,0.9867746862253403,1,FALSE,1,yabS;hypothetical protein,FALSE,
K07240,16,0,sporulation_gene,5065,14828,16,0.9909380576184925,1,FALSE,1,ywrA;transporter,FALSE,
K09861,10,0,sporulation_gene,5065,14828,10,0.9470961541607485,1,FALSE,1,"conserved hypothetical protein, UPF0246 family",FALSE,
K15580,30,4,sporulation_gene,5065,14828,34,0.9567002220466361,1,FALSE,1,oppA;oligopeptide ABC transporter binding lipoprotein,FALSE,
K15581,8,0,sporulation_gene,5065,14828,8,0.9047533976777874,1,FALSE,1,oppB;oligopeptide transport system permease protein OppB,FALSE,
K15582,12,0,sporulation_gene,5065,14828,12,0.9706170677647641,1,FALSE,1,oppC;oligopeptide transport system permease protein OppC,FALSE,
K15583,12,0,sporulation_gene,5065,14828,12,0.9706170677647641,1,FALSE,1,oppD;oligopeptide transport ATP-binding protein OppD,FALSE,
K20534,15,0,sporulation_gene,5065,14828,15,0.9878395132208462,1,FALSE,1,ykoT;glycosyltransferase YkoT,FALSE,
K00558,702,377,other,5065,14828,1079,4.264683921181549e-13,5.741871540257477e-12,TRUE,NA,NA,TRUE,K00558
C110,10,24,other,5065,14828,34,5.7140421355466145e-9,7.271705676606583e-8,TRUE,NA,NA,TRUE,C110
K00874,18,27,other,5065,14828,45,2.0757403386256188e-7,2.5373194402410525e-6,TRUE,NA,NA,TRUE,K00874
K17318,3,12,other,5065,14828,15,1.1456496223079065e-6,1.3822188300312276e-5,TRUE,NA,NA,TRUE,K17318
K02890,26,30,other,5065,14828,56,1.7922510690682055e-6,2.03048932093215e-5,TRUE,NA,NA,TRUE,K02890
K02904,26,30,other,5065,14828,56,1.7922510690682055e-6,2.03048932093215e-5,TRUE,NA,NA,TRUE,K02904
K02965,26,30,other,5065,14828,56,1.7922510690682055e-6,2.03048932093215e-5,TRUE,NA,NA,TRUE,K02965
K01625,12,20,other,5065,14828,32,1.9968401980869916e-6,2.2350175229190544e-5,TRUE,NA,NA,TRUE,K01625
K02886,28,30,other,5065,14828,58,4.833279123242333e-6,5.161053224703596e-5,TRUE,NA,NA,TRUE,K02886
K02982,28,30,other,5065,14828,58,4.833279123242333e-6,5.161053224703596e-5,TRUE,NA,NA,TRUE,K02982
K02874,22,26,other,5065,14828,48,5.493769702376288e-6,5.6707911705639685e-5,TRUE,NA,NA,TRUE,K02874
K02895,22,26,other,5065,14828,48,5.493769702376288e-6,5.6707911705639685e-5,TRUE,NA,NA,TRUE,K02895
K02961,22,26,other,5065,14828,48,5.493769702376288e-6,5.6707911705639685e-5,TRUE,NA,NA,TRUE,K02961
K02931,24,26,other,5065,14828,50,1.5281319231102285e-5,1.5430810397493503e-4,TRUE,NA,NA,TRUE,K02931
K17398,15,19,other,5065,14828,34,3.765474132782057e-5,3.7614252358650867e-4,TRUE,NA,NA,TRUE,K17398
K00942,47,37,other,5065,14828,84,6.521914994721503e-5,6.44559471286838e-4,TRUE,NA,NA,TRUE,K00942
K02892,28,26,other,5065,14828,54,9.110395160532133e-5,8.909007478036159e-4,TRUE,NA,NA,TRUE,K02892
A28B,0,1,other,5065,14828,1,0,0,TRUE,NA,NA,FALSE,
K00001,0,1,other,5065,14828,1,0,0,TRUE,NA,NA,FALSE,
K00130,0,1,other,5065,14828,1,0,0,TRUE,NA,NA,FALSE,
K00171,0,4,other,5065,14828,4,0,0,TRUE,NA,NA,FALSE,
K00198,0,2,other,5065,14828,2,0,0,TRUE,NA,NA,FALSE,
K00335,0,1,other,5065,14828,1,0,0,TRUE,NA,NA,FALSE,
K00336,0,3,other,5065,14828,3,0,0,TRUE,NA,NA,FALSE,
K00948,0,1,other,5065,14828,1,0,0,TRUE,NA,NA,FALSE,
K01026,0,3,other,5065,14828,3,0,0,TRUE,NA,NA,FALSE,
K02107,0,1,other,5065,14828,1,0,0,TRUE,NA,NA,FALSE,
K02203,0,1,other,5065,14828,1,0,0,TRUE,NA,NA,FALSE,
K02387,0,2,other,5065,14828,2,0,0,TRUE,NA,NA,FALSE,
K02388,0,2,other,5065,14828,2,0,0,TRUE,NA,NA,FALSE,
K02400,0,2,other,5065,14828,2,0,0,TRUE,NA,NA,FALSE,
K02411,0,2,other,5065,14828,2,0,0,TRUE,NA,NA,FALSE,
K02416,0,2,other,5065,14828,2,0,0,TRUE,NA,NA,FALSE,
K02422,0,2,other,5065,14828,2,0,0,TRUE,NA,NA,FALSE,
K02795,0,2,other,5065,14828,2,0,0,TRUE,NA,NA,FALSE,
K02800,0,1,other,5065,14828,1,0,0,TRUE,NA,NA,FALSE,
K02977,0,2,other,5065,14828,2,0,0,TRUE,NA,NA,FALSE,
K05936,0,4,other,5065,14828,4,0,0,TRUE,NA,NA,FALSE,
K09692,0,1,other,5065,14828,1,0,0,TRUE,NA,NA,FALSE,
K09696,0,1,other,5065,14828,1,0,0,TRUE,NA,NA,FALSE,
K09697,0,1,other,5065,14828,1,0,0,TRUE,NA,NA,FALSE,
K10439,0,3,other,5065,14828,3,0,0,TRUE,NA,NA,FALSE,
K11051,0,1,other,5065,14828,1,0,0,TRUE,NA,NA,FALSE,
K13889,0,1,other,5065,14828,1,0,0,TRUE,NA,NA,FALSE,
K14534,0,4,other,5065,14828,4,0,0,TRUE,NA,NA,FALSE,
K15023,0,1,other,5065,14828,1,0,0,TRUE,NA,NA,FALSE,
K15024,0,2,other,5065,14828,2,0,0,TRUE,NA,NA,FALSE,
K16927,0,1,other,5065,14828,1,0,0,TRUE,NA,NA,FALSE,
K17073,0,1,other,5065,14828,1,0,0,TRUE,NA,NA,FALSE,
K17202,0,1,other,5065,14828,1,0,0,TRUE,NA,NA,FALSE,
K17203,0,1,other,5065,14828,1,0,0,TRUE,NA,NA,FALSE,
K17204,0,1,other,5065,14828,1,0,0,TRUE,NA,NA,FALSE,
K19506,0,1,other,5065,14828,1,0,0,TRUE,NA,NA,FALSE,
K19507,0,1,other,5065,14828,1,0,0,TRUE,NA,NA,FALSE,
K19508,0,1,other,5065,14828,1,0,0,TRUE,NA,NA,FALSE,
K19509,0,2,other,5065,14828,2,0,0,TRUE,NA,NA,FALSE,
K22477,0,1,other,5065,14828,1,0,0,TRUE,NA,NA,FALSE,
M81,0,1,other,5065,14828,1,0,0,TRUE,NA,NA,FALSE,
K21636,165,91,other,5065,14828,256,1.1931633784842818e-4,0.0011427306995998947,FALSE,NA,NA,FALSE,
K16786,4,9,other,5065,14828,13,1.48191428184846e-4,0.0014047942528951217,FALSE,NA,NA,FALSE,
K01778,12,15,other,5065,14828,27,2.0184823804511145e-4,0.001894111243877864,FALSE,NA,NA,FALSE,
K02907,14,16,other,5065,14828,30,2.705826293642628e-4,0.0025004041814677613,FALSE,NA,NA,FALSE,
M17,1,5,other,5065,14828,6,2.7184157408852947e-4,0.0025004041814677613,FALSE,NA,NA,FALSE,
K02878,13,15,other,5065,14828,28,3.59908670731175e-4,0.0032779917167574664,FALSE,NA,NA,FALSE,
K02026,5,9,other,5065,14828,14,3.997142277068614e-4,0.0036051894906764495,FALSE,NA,NA,FALSE,
K02045,2,6,other,5065,14828,8,4.3010089500019434e-4,0.003841958956299813,FALSE,NA,NA,FALSE,
K16785,4,8,other,5065,14828,12,4.524923808684911e-4,0.00392864880211989,FALSE,NA,NA,FALSE,
K16787,4,8,other,5065,14828,12,4.524923808684911e-4,0.00392864880211989,FALSE,NA,NA,FALSE,
K10112,60,40,other,5065,14828,100,4.704419985952019e-4,0.004008255075122395,FALSE,NA,NA,FALSE,
K02954,22,20,other,5065,14828,42,5.39656987867472e-4,0.004516588664224158,FALSE,NA,NA,FALSE,
A24A,7,10,other,5065,14828,17,7.358376548240243e-4,0.006024151517042319,FALSE,NA,NA,FALSE,
K02881,16,16,other,5065,14828,32,7.457238153496949e-4,0.006024151517042319,FALSE,NA,NA,FALSE,
K02933,16,16,other,5065,14828,32,7.457238153496949e-4,0.006024151517042319,FALSE,NA,NA,FALSE,
K02988,16,16,other,5065,14828,32,7.457238153496949e-4,0.006024151517042319,FALSE,NA,NA,FALSE,
K02994,20,18,other,5065,14828,38,9.828270239851855e-4,0.007803814575061858,FALSE,NA,NA,FALSE,
K01952,9,11,other,5065,14828,20,0.0011086588715217525,0.00865499236675385,FALSE,NA,NA,FALSE,
A36,2,5,other,5065,14828,7,0.0014879727735408511,0.010970846877932148,FALSE,NA,NA,FALSE,
K03737,70,42,other,5065,14828,112,0.0017052452749125296,0.012376350471826093,FALSE,NA,NA,FALSE,
K01939,26,20,other,5065,14828,46,0.0023510394286521867,0.01693112890866575,FALSE,NA,NA,FALSE,
K00014,5,7,other,5065,14828,12,0.003144219944776545,0.022297559761048934,FALSE,NA,NA,FALSE,
K02876,16,14,other,5065,14828,30,0.003307510212336303,0.023277855964094134,FALSE,NA,NA,FALSE,
K02389,1,3,other,5065,14828,4,0.004198876307835944,0.028682030073379355,FALSE,NA,NA,FALSE,
K02390,1,3,other,5065,14828,4,0.004198876307835944,0.028682030073379355,FALSE,NA,NA,FALSE,
K02906,28,20,other,5065,14828,48,0.004400794234666741,0.029841882073032136,FALSE,NA,NA,FALSE,
K01958,3,5,other,5065,14828,8,0.00466158840916281,0.030284025399386367,FALSE,NA,NA,FALSE,
K01649,7,8,other,5065,14828,15,0.004774134781315781,0.030377885012618913,FALSE,NA,NA,FALSE,
K03616,7,8,other,5065,14828,15,0.004774134781315781,0.030377885012618913,FALSE,NA,NA,FALSE,
M18,7,8,other,5065,14828,15,0.004774134781315781,0.030377885012618913,FALSE,NA,NA,FALSE,
A25,2,4,other,5065,14828,6,0.005051525598497291,0.03047316416236353,FALSE,NA,NA,FALSE,
K02006,2,4,other,5065,14828,6,0.005051525598497291,0.03047316416236353,FALSE,NA,NA,FALSE,
K02008,2,4,other,5065,14828,6,0.005051525598497291,0.03047316416236353,FALSE,NA,NA,FALSE,
K05934,2,4,other,5065,14828,6,0.005051525598497291,0.03047316416236353,FALSE,NA,NA,FALSE,
K10440,2,4,other,5065,14828,6,0.005051525598497291,0.03047316416236353,FALSE,NA,NA,FALSE,
K02025,9,9,other,5065,14828,18,0.006216893296432875,0.03702239661785988,FALSE,NA,NA,FALSE,
K00170,8,8,other,5065,14828,16,0.008464368784169632,0.04976834557274423,FALSE,NA,NA,FALSE,
K01990,37,23,other,5065,14828,60,0.00939426268449706,0.054888490779231254,FALSE,NA,NA,FALSE,
K02003,59,33,other,5065,14828,92,0.009599792811375346,0.055738797011048107,FALSE,NA,NA,FALSE,
K01733,4,5,other,5065,14828,9,0.01097147363772456,0.06253066876960808,FALSE,NA,NA,FALSE,
K17320,4,5,other,5065,14828,9,0.01097147363772456,0.06253066876960808,FALSE,NA,NA,FALSE,
K02406,7,7,other,5065,14828,14,0.011543382695904186,0.0649927425726969,FALSE,NA,NA,FALSE,
K02926,14,11,other,5065,14828,25,0.012418788714381202,0.0690841599740128,FALSE,NA,NA,FALSE,
K11069,14,11,other,5065,14828,25,0.012418788714381202,0.0690841599740128,FALSE,NA,NA,FALSE,
K00873,32,20,other,5065,14828,52,0.012911178051889082,0.07139574053693427,FALSE,NA,NA,FALSE,
C82A,9,8,other,5065,14828,17,0.013967508911582927,0.07632832811094435,FALSE,NA,NA,FALSE,
K00595,1,2,other,5065,14828,3,0.01649854795789351,0.07884974376379608,FALSE,NA,NA,FALSE,
K00620,1,2,other,5065,14828,3,0.01649854795789351,0.07884974376379608,FALSE,NA,NA,FALSE,
K00956,6,6,other,5065,14828,12,0.01576649575572883,0.07884974376379608,FALSE,NA,NA,FALSE,
K01591,6,6,other,5065,14828,12,0.01576649575572883,0.07884974376379608,FALSE,NA,NA,FALSE,
K02032,1,2,other,5065,14828,3,0.01649854795789351,0.07884974376379608,FALSE,NA,NA,FALSE,
K02038,2,3,other,5065,14828,5,0.0167205592265531,0.07884974376379608,FALSE,NA,NA,FALSE,
K02188,1,2,other,5065,14828,3,0.01649854795789351,0.07884974376379608,FALSE,NA,NA,FALSE,
K02189,1,2,other,5065,14828,3,0.01649854795789351,0.07884974376379608,FALSE,NA,NA,FALSE,
K02408,1,2,other,5065,14828,3,0.01649854795789351,0.07884974376379608,FALSE,NA,NA,FALSE,
K02409,1,2,other,5065,14828,3,0.01649854795789351,0.07884974376379608,FALSE,NA,NA,FALSE,
K02413,1,2,other,5065,14828,3,0.01649854795789351,0.07884974376379608,FALSE,NA,NA,FALSE,
K03518,2,3,other,5065,14828,5,0.0167205592265531,0.07884974376379608,FALSE,NA,NA,FALSE,
K03613,6,6,other,5065,14828,12,0.01576649575572883,0.07884974376379608,FALSE,NA,NA,FALSE,
K03615,6,6,other,5065,14828,12,0.01576649575572883,0.07884974376379608,FALSE,NA,NA,FALSE,
K10441,1,2,other,5065,14828,3,0.01649854795789351,0.07884974376379608,FALSE,NA,NA,FALSE,
K14138,1,2,other,5065,14828,3,0.01649854795789351,0.07884974376379608,FALSE,NA,NA,FALSE,
K16926,1,2,other,5065,14828,3,0.01649854795789351,0.07884974376379608,FALSE,NA,NA,FALSE,
S15,1,2,other,5065,14828,3,0.01649854795789351,0.07884974376379608,FALSE,NA,NA,FALSE,
T05,1,2,other,5065,14828,3,0.01649854795789351,0.07884974376379608,FALSE,NA,NA,FALSE,
K00651,12,9,other,5065,14828,21,0.02332077644513947,0.10699376573649852,FALSE,NA,NA,FALSE,
K02227,12,9,other,5065,14828,21,0.02332077644513947,0.10699376573649852,FALSE,NA,NA,FALSE,
K02946,26,16,other,5065,14828,42,0.023379692620569645,0.10699376573649852,FALSE,NA,NA,FALSE,
K03614,7,6,other,5065,14828,13,0.026745990083816094,0.12120499896519585,FALSE,NA,NA,FALSE,
K00290,4,4,other,5065,14828,8,0.029458439747097612,0.12908910625025322,FALSE,NA,NA,FALSE,
K01666,4,4,other,5065,14828,8,0.029458439747097612,0.12908910625025322,FALSE,NA,NA,FALSE,
K02007,4,4,other,5065,14828,8,0.029458439747097612,0.12908910625025322,FALSE,NA,NA,FALSE,
K02031,4,4,other,5065,14828,8,0.029458439747097612,0.12908910625025322,FALSE,NA,NA,FALSE,
K02033,4,4,other,5065,14828,8,0.029458439747097612,0.12908910625025322,FALSE,NA,NA,FALSE,
K17319,4,4,other,5065,14828,8,0.029458439747097612,0.12908910625025322,FALSE,NA,NA,FALSE,
K03612,6,5,other,5065,14828,11,0.0373402580345096,0.16209859679467017,FALSE,NA,NA,FALSE,
K00194,3,3,other,5065,14828,6,0.04005862648266479,0.1714952258174912,FALSE,NA,NA,FALSE,
K00197,3,3,other,5065,14828,6,0.04005862648266479,0.1714952258174912,FALSE,NA,NA,FALSE,
K02037,3,3,other,5065,14828,6,0.04005862648266479,0.1714952258174912,FALSE,NA,NA,FALSE,
C56,18,11,other,5065,14828,29,0.04431815361242472,0.18761779226525183,FALSE,NA,NA,FALSE,
K01610,10,7,other,5065,14828,17,0.04443047825441916,0.18761779226525183,FALSE,NA,NA,FALSE,
K02986,12,8,other,5065,14828,20,0.0455165364406703,0.19133421879358695,FALSE,NA,NA,FALSE,
K00027,2,2,other,5065,14828,4,0.05339756290806618,0.20755789096901037,FALSE,NA,NA,FALSE,
K00549,2,2,other,5065,14828,4,0.05339756290806618,0.20755789096901037,FALSE,NA,NA,FALSE,
K00945,5,4,other,5065,14828,9,0.0525671473838141,0.20755789096901037,FALSE,NA,NA,FALSE,
K01624,48,24,other,5065,14828,72,0.0505868191750792,0.20755789096901037,FALSE,NA,NA,FALSE,
K02009,2,2,other,5065,14828,4,0.05339756290806618,0.20755789096901037,FALSE,NA,NA,FALSE,
K02046,2,2,other,5065,14828,4,0.05339756290806618,0.20755789096901037,FALSE,NA,NA,FALSE,
K02047,2,2,other,5065,14828,4,0.05339756290806618,0.20755789096901037,FALSE,NA,NA,FALSE,
K02410,2,2,other,5065,14828,4,0.05339756290806618,0.20755789096901037,FALSE,NA,NA,FALSE,
K02884,5,4,other,5065,14828,9,0.0525671473838141,0.20755789096901037,FALSE,NA,NA,FALSE,
K05895,2,2,other,5065,14828,4,0.05339756290806618,0.20755789096901037,FALSE,NA,NA,FALSE,
K06042,2,2,other,5065,14828,4,0.05339756290806618,0.20755789096901037,FALSE,NA,NA,FALSE,
K20459,2,2,other,5065,14828,4,0.05339756290806618,0.20755789096901037,FALSE,NA,NA,FALSE,
K23163,2,2,other,5065,14828,4,0.05339756290806618,0.20755789096901037,FALSE,NA,NA,FALSE,
K03617,7,5,other,5065,14828,12,0.05891402031329025,0.22804635362936101,FALSE,NA,NA,FALSE,
C15,1,1,other,5065,14828,2,0.06481781896710644,0.22895723886099575,FALSE,NA,NA,FALSE,
K00394,1,1,other,5065,14828,2,0.06481781896710644,0.22895723886099575,FALSE,NA,NA,FALSE,
K00395,1,1,other,5065,14828,2,0.06481781896710644,0.22895723886099575,FALSE,NA,NA,FALSE,
K00854,15,9,other,5065,14828,24,0.06094788812800636,0.22895723886099575,FALSE,NA,NA,FALSE,
K02121,1,1,other,5065,14828,2,0.06481781896710644,0.22895723886099575,FALSE,NA,NA,FALSE,
K02417,1,1,other,5065,14828,2,0.06481781896710644,0.22895723886099575,FALSE,NA,NA,FALSE,
K02492,1,1,other,5065,14828,2,0.06481781896710644,0.22895723886099575,FALSE,NA,NA,FALSE,
K09693,1,1,other,5065,14828,2,0.06481781896710644,0.22895723886099575,FALSE,NA,NA,FALSE,
K11070,13,8,other,5065,14828,21,0.062163356437318365,0.22895723886099575,FALSE,NA,NA,FALSE,
K11071,13,8,other,5065,14828,21,0.062163356437318365,0.22895723886099575,FALSE,NA,NA,FALSE,
K17074,1,1,other,5065,14828,2,0.06481781896710644,0.22895723886099575,FALSE,NA,NA,FALSE,
K17076,1,1,other,5065,14828,2,0.06481781896710644,0.22895723886099575,FALSE,NA,NA,FALSE,
K20460,1,1,other,5065,14828,2,0.06481781896710644,0.22895723886099575,FALSE,NA,NA,FALSE,
M24A,11,7,other,5065,14828,18,0.06260036123656809,0.22895723886099575,FALSE,NA,NA,FALSE,
M28E,1,1,other,5065,14828,2,0.06481781896710644,0.22895723886099575,FALSE,NA,NA,FALSE,
K02871,22,12,other,5065,14828,34,0.06908312929842554,0.24218198912542388,FALSE,NA,NA,FALSE,
K01626,4,3,other,5065,14828,7,0.0748562515783666,0.2566105450786073,FALSE,NA,NA,FALSE,
K02034,4,3,other,5065,14828,7,0.0748562515783666,0.2566105450786073,FALSE,NA,NA,FALSE,
K02035,4,3,other,5065,14828,7,0.0748562515783666,0.2566105450786073,FALSE,NA,NA,FALSE,
K02036,4,3,other,5065,14828,7,0.0748562515783666,0.2566105450786073,FALSE,NA,NA,FALSE,
K17828,4,3,other,5065,14828,7,0.0748562515783666,0.2566105450786073,FALSE,NA,NA,FALSE,
K02950,32,16,other,5065,14828,48,0.08111539689821004,0.2770448666119012,FALSE,NA,NA,FALSE,
K00821,6,4,other,5065,14828,10,0.08357772209775637,0.27929389866480453,FALSE,NA,NA,FALSE,
K02968,6,4,other,5065,14828,10,0.08357772209775637,0.27929389866480453,FALSE,NA,NA,FALSE,
K02990,6,4,other,5065,14828,10,0.08357772209775637,0.27929389866480453,FALSE,NA,NA,FALSE,
K03394,6,4,other,5065,14828,10,0.08357772209775637,0.27929389866480453,FALSE,NA,NA,FALSE,
K00003,10,6,other,5065,14828,16,0.08643087298765392,0.28491513404073776,FALSE,NA,NA,FALSE,
K10206,10,6,other,5065,14828,16,0.08643087298765392,0.28491513404073776,FALSE,NA,NA,FALSE,
K00382,24,12,other,5065,14828,36,0.1034984450243121,0.33975284603387257,FALSE,NA,NA,FALSE,
K01805,3,2,other,5065,14828,5,0.10841306843033585,0.34491691976637673,FALSE,NA,NA,FALSE,
K02556,3,2,other,5065,14828,5,0.10841306843033585,0.34491691976637673,FALSE,NA,NA,FALSE,
K02911,3,2,other,5065,14828,5,0.10841306843033585,0.34491691976637673,FALSE,NA,NA,FALSE,
K02970,3,2,other,5065,14828,5,0.10841306843033585,0.34491691976637673,FALSE,NA,NA,FALSE,
K10540,3,2,other,5065,14828,5,0.10841306843033585,0.34491691976637673,FALSE,NA,NA,FALSE,
M29,3,2,other,5065,14828,5,0.10841306843033585,0.34491691976637673,FALSE,NA,NA,FALSE,
N06,3,2,other,5065,14828,5,0.10841306843033585,0.34491691976637673,FALSE,NA,NA,FALSE,
K11072,13,7,other,5065,14828,20,0.11093521427206987,0.3505401838733092,FALSE,NA,NA,FALSE,
M50B,13,7,other,5065,14828,20,0.11093521427206987,0.3505401838733092,FALSE,NA,NA,FALSE,
A08,9,5,other,5065,14828,14,0.11989013278867329,0.37071636358751364,FALSE,NA,NA,FALSE,
K00891,5,3,other,5065,14828,8,0.12025406340963542,0.37071636358751364,FALSE,NA,NA,FALSE,
K01755,9,5,other,5065,14828,14,0.11989013278867329,0.37071636358751364,FALSE,NA,NA,FALSE,
K02557,5,3,other,5065,14828,8,0.12025406340963542,0.37071636358751364,FALSE,NA,NA,FALSE,
K02879,5,3,other,5065,14828,8,0.12025406340963542,0.37071636358751364,FALSE,NA,NA,FALSE,
S55,7,4,other,5065,14828,11,0.12210894215046199,0.37071636358751364,FALSE,NA,NA,FALSE,
K04069,18,9,other,5065,14828,27,0.12460124270445039,0.3770506660339883,FALSE,NA,NA,FALSE,
K02863,16,8,other,5065,14828,24,0.13255447553450053,0.3998152849725682,FALSE,NA,NA,FALSE,
K02030,26,12,other,5065,14828,38,0.14653070942871674,0.43911944857831564,FALSE,NA,NA,FALSE,
C75,2,1,other,5065,14828,3,0.16145636098553232,0.43986205089606895,FALSE,NA,NA,FALSE,
K00611,2,1,other,5065,14828,3,0.16145636098553232,0.43986205089606895,FALSE,NA,NA,FALSE,
K00766,2,1,other,5065,14828,3,0.16145636098553232,0.43986205089606895,FALSE,NA,NA,FALSE,
K01609,2,1,other,5065,14828,3,0.16145636098553232,0.43986205089606895,FALSE,NA,NA,FALSE,
K01693,2,1,other,5065,14828,3,0.16145636098553232,0.43986205089606895,FALSE,NA,NA,FALSE,
K01696,2,1,other,5065,14828,3,0.16145636098553232,0.43986205089606895,FALSE,NA,NA,FALSE,
K02117,2,1,other,5065,14828,3,0.16145636098553232,0.43986205089606895,FALSE,NA,NA,FALSE,
K02118,2,1,other,5065,14828,3,0.16145636098553232,0.43986205089606895,FALSE,NA,NA,FALSE,
K02119,2,1,other,5065,14828,3,0.16145636098553232,0.43986205089606895,FALSE,NA,NA,FALSE,
K02120,2,1,other,5065,14828,3,0.16145636098553232,0.43986205089606895,FALSE,NA,NA,FALSE,
K02122,2,1,other,5065,14828,3,0.16145636098553232,0.43986205089606895,FALSE,NA,NA,FALSE,
K02123,2,1,other,5065,14828,3,0.16145636098553232,0.43986205089606895,FALSE,NA,NA,FALSE,
K02897,2,1,other,5065,14828,3,0.16145636098553232,0.43986205089606895,FALSE,NA,NA,FALSE,
K02948,12,6,other,5065,14828,18,0.1497052871600502,0.43986205089606895,FALSE,NA,NA,FALSE,
K02952,12,6,other,5065,14828,18,0.1497052871600502,0.43986205089606895,FALSE,NA,NA,FALSE,
K03523,12,6,other,5065,14828,18,0.1497052871600502,0.43986205089606895,FALSE,NA,NA,FALSE,
K07590,2,1,other,5065,14828,3,0.16145636098553232,0.43986205089606895,FALSE,NA,NA,FALSE,
K10118,2,1,other,5065,14828,3,0.16145636098553232,0.43986205089606895,FALSE,NA,NA,FALSE,
K10119,2,1,other,5065,14828,3,0.16145636098553232,0.43986205089606895,FALSE,NA,NA,FALSE,
K20108,2,1,other,5065,14828,3,0.16145636098553232,0.43986205089606895,FALSE,NA,NA,FALSE,
K20461,2,1,other,5065,14828,3,0.16145636098553232,0.43986205089606895,FALSE,NA,NA,FALSE,
S66,2,1,other,5065,14828,3,0.16145636098553232,0.43986205089606895,FALSE,NA,NA,FALSE,
K00169,8,4,other,5065,14828,12,0.16724817203415585,0.450358121216611,FALSE,NA,NA,FALSE,
K02071,8,4,other,5065,14828,12,0.16724817203415585,0.450358121216611,FALSE,NA,NA,FALSE,
K02072,8,4,other,5065,14828,12,0.16724817203415585,0.450358121216611,FALSE,NA,NA,FALSE,
K02073,8,4,other,5065,14828,12,0.16724817203415585,0.450358121216611,FALSE,NA,NA,FALSE,
K00016,6,3,other,5065,14828,9,0.174403596230293,0.4587067517909731,FALSE,NA,NA,FALSE,
K00145,4,2,other,5065,14828,6,0.17676751037800686,0.4587067517909731,FALSE,NA,NA,FALSE,
K00147,6,3,other,5065,14828,9,0.174403596230293,0.4587067517909731,FALSE,NA,NA,FALSE,
K00548,4,2,other,5065,14828,6,0.17676751037800686,0.4587067517909731,FALSE,NA,NA,FALSE,
K00930,4,2,other,5065,14828,6,0.17676751037800686,0.4587067517909731,FALSE,NA,NA,FALSE,
K02233,4,2,other,5065,14828,6,0.17676751037800686,0.4587067517909731,FALSE,NA,NA,FALSE,
K02919,4,2,other,5065,14828,6,0.17676751037800686,0.4587067517909731,FALSE,NA,NA,FALSE,
K03786,4,2,other,5065,14828,6,0.17676751037800686,0.4587067517909731,FALSE,NA,NA,FALSE,
K07404,6,3,other,5065,14828,9,0.174403596230293,0.4587067517909731,FALSE,NA,NA,FALSE,
A24B,1,0,other,5065,14828,1,0.254612175136983,0.47201218171409565,FALSE,NA,NA,FALSE,
C118,1,0,other,5065,14828,1,0.254612175136983,0.47201218171409565,FALSE,NA,NA,FALSE,
C50,1,0,other,5065,14828,1,0.254612175136983,0.47201218171409565,FALSE,NA,NA,FALSE,
K00196,1,0,other,5065,14828,1,0.254612175136983,0.47201218171409565,FALSE,NA,NA,FALSE,
K00207,1,0,other,5065,14828,1,0.254612175136983,0.47201218171409565,FALSE,NA,NA,FALSE,
K00330,1,0,other,5065,14828,1,0.254612175136983,0.47201218171409565,FALSE,NA,NA,FALSE,
K00331,1,0,other,5065,14828,1,0.254612175136983,0.47201218171409565,FALSE,NA,NA,FALSE,
K00337,1,0,other,5065,14828,1,0.254612175136983,0.47201218171409565,FALSE,NA,NA,FALSE,
K00338,1,0,other,5065,14828,1,0.254612175136983,0.47201218171409565,FALSE,NA,NA,FALSE,
K00339,1,0,other,5065,14828,1,0.254612175136983,0.47201218171409565,FALSE,NA,NA,FALSE,
K00340,1,0,other,5065,14828,1,0.254612175136983,0.47201218171409565,FALSE,NA,NA,FALSE,
K00362,1,0,other,5065,14828,1,0.254612175136983,0.47201218171409565,FALSE,NA,NA,FALSE,
K00363,1,0,other,5065,14828,1,0.254612175136983,0.47201218171409565,FALSE,NA,NA,FALSE,
K00380,1,0,other,5065,14828,1,0.254612175136983,0.47201218171409565,FALSE,NA,NA,FALSE,
K00656,22,9,other,5065,14828,31,0.24779646048550982,0.47201218171409565,FALSE,NA,NA,FALSE,
K00674,1,0,other,5065,14828,1,0.254612175136983,0.47201218171409565,FALSE,NA,NA,FALSE,
K00937,9,4,other,5065,14828,13,0.2177241435224787,0.47201218171409565,FALSE,NA,NA,FALSE,
K00955,1,0,other,5065,14828,1,0.254612175136983,0.47201218171409565,FALSE,NA,NA,FALSE,
K01476,1,0,other,5065,14828,1,0.254612175136983,0.47201218171409565,FALSE,NA,NA,FALSE,
K01479,1,0,other,5065,14828,1,0.254612175136983,0.47201218171409565,FALSE,NA,NA,FALSE,
K01496,1,0,other,5065,14828,1,0.254612175136983,0.47201218171409565,FALSE,NA,NA,FALSE,
K01589,1,0,other,5065,14828,1,0.254612175136983,0.47201218171409565,FALSE,NA,NA,FALSE,
K01599,1,0,other,5065,14828,1,0.254612175136983,0.47201218171409565,FALSE,NA,NA,FALSE,
K01637,1,0,other,5065,14828,1,0.254612175136983,0.47201218171409565,FALSE,NA,NA,FALSE,
K01638,1,0,other,5065,14828,1,0.254612175136983,0.47201218171409565,FALSE,NA,NA,FALSE,
K01738,11,5,other,5065,14828,16,0.20194565699215175,0.47201218171409565,FALSE,NA,NA,FALSE,
K01739,1,0,other,5065,14828,1,0.254612175136983,0.47201218171409565,FALSE,NA,NA,FALSE,
K01814,7,3,other,5065,14828,10,0.23495417898531717,0.47201218171409565,FALSE,NA,NA,FALSE,
K01821,1,0,other,5065,14828,1,0.254612175136983,0.47201218171409565,FALSE,NA,NA,FALSE,
K01885,24,10,other,5065,14828,34,0.2292972191169424,0.47201218171409565,FALSE,NA,NA,FALSE,
K01940,5,2,other,5065,14828,7,0.2532009544777372,0.47201218171409565,FALSE,NA,NA,FALSE,
K01966,1,0,other,5065,14828,1,0.254612175136983,0.47201218171409565,FALSE,NA,NA,FALSE,
K02001,1,0,other,5065,14828,1,0.254612175136983,0.47201218171409565,FALSE,NA,NA,FALSE,
K02017,1,0,other,5065,14828,1,0.254612175136983,0.47201218171409565,FALSE,NA,NA,FALSE,
K02018,1,0,other,5065,14828,1,0.254612175136983,0.47201218171409565,FALSE,NA,NA,FALSE,
K02027,7,3,other,5065,14828,10,0.23495417898531717,0.47201218171409565,FALSE,NA,NA,FALSE,
K02028,14,6,other,5065,14828,20,0.2288587633489342,0.47201218171409565,FALSE,NA,NA,FALSE,
K02029,18,8,other,5065,14828,26,0.1955061159046634,0.47201218171409565,FALSE,NA,NA,FALSE,
K02068,1,0,other,5065,14828,1,0.254612175136983,0.47201218171409565,FALSE,NA,NA,FALSE,
K02069,1,0,other,5065,14828,1,0.254612175136983,0.47201218171409565,FALSE,NA,NA,FALSE,
K02074,1,0,other,5065,14828,1,0.254612175136983,0.47201218171409565,FALSE,NA,NA,FALSE,
K02075,1,0,other,5065,14828,1,0.254612175136983,0.47201218171409565,FALSE,NA,NA,FALSE,
K02077,1,0,other,5065,14828,1,0.254612175136983,0.47201218171409565,FALSE,NA,NA,FALSE,
K02303,1,0,other,5065,14828,1,0.254612175136983,0.47201218171409565,FALSE,NA,NA,FALSE,
K02396,1,0,other,5065,14828,1,0.254612175136983,0.47201218171409565,FALSE,NA,NA,FALSE,
K02397,1,0,other,5065,14828,1,0.254612175136983,0.47201218171409565,FALSE,NA,NA,FALSE,
K02401,1,0,other,5065,14828,1,0.254612175136983,0.47201218171409565,FALSE,NA,NA,FALSE,
K02500,7,3,other,5065,14828,10,0.23495417898531717,0.47201218171409565,FALSE,NA,NA,FALSE,
K02549,1,0,other,5065,14828,1,0.254612175136983,0.47201218171409565,FALSE,NA,NA,FALSE,
K02750,1,0,other,5065,14828,1,0.254612175136983,0.47201218171409565,FALSE,NA,NA,FALSE,
K02757,1,0,other,5065,14828,1,0.254612175136983,0.47201218171409565,FALSE,NA,NA,FALSE,
K02769,1,0,other,5065,14828,1,0.254612175136983,0.47201218171409565,FALSE,NA,NA,FALSE,
K02788,1,0,other,5065,14828,1,0.254612175136983,0.47201218171409565,FALSE,NA,NA,FALSE,
K02791,1,0,other,5065,14828,1,0.254612175136983,0.47201218171409565,FALSE,NA,NA,FALSE,
K02812,1,0,other,5065,14828,1,0.254612175136983,0.47201218171409565,FALSE,NA,NA,FALSE,
K02813,1,0,other,5065,14828,1,0.254612175136983,0.47201218171409565,FALSE,NA,NA,FALSE,
K02814,1,0,other,5065,14828,1,0.254612175136983,0.47201218171409565,FALSE,NA,NA,FALSE,
K02815,1,0,other,5065,14828,1,0.254612175136983,0.47201218171409565,FALSE,NA,NA,FALSE,
K02819,1,0,other,5065,14828,1,0.254612175136983,0.47201218171409565,FALSE,NA,NA,FALSE,
K02821,1,0,other,5065,14828,1,0.254612175136983,0.47201218171409565,FALSE,NA,NA,FALSE,
K02822,1,0,other,5065,14828,1,0.254612175136983,0.47201218171409565,FALSE,NA,NA,FALSE,
K02935,12,5,other,5065,14828,17,0.24891720664191558,0.47201218171409565,FALSE,NA,NA,FALSE,
K02963,5,2,other,5065,14828,7,0.2532009544777372,0.47201218171409565,FALSE,NA,NA,FALSE,
K02992,30,12,other,5065,14828,42,0.2555674137806137,0.47201218171409565,FALSE,NA,NA,FALSE,
K02996,24,10,other,5065,14828,34,0.2292972191169424,0.47201218171409565,FALSE,NA,NA,FALSE,
K03179,1,0,other,5065,14828,1,0.254612175136983,0.47201218171409565,FALSE,NA,NA,FALSE,
K03181,1,0,other,5065,14828,1,0.254612175136983,0.47201218171409565,FALSE,NA,NA,FALSE,
K03385,1,0,other,5065,14828,1,0.254612175136983,0.47201218171409565,FALSE,NA,NA,FALSE,
K03475,1,0,other,5065,14828,1,0.254612175136983,0.47201218171409565,FALSE,NA,NA,FALSE,
K04070,1,0,other,5065,14828,1,0.254612175136983,0.47201218171409565,FALSE,NA,NA,FALSE,
K04486,7,3,other,5065,14828,10,0.23495417898531717,0.47201218171409565,FALSE,NA,NA,FALSE,
K08289,1,0,other,5065,14828,1,0.254612175136983,0.47201218171409565,FALSE,NA,NA,FALSE,
K09691,1,0,other,5065,14828,1,0.254612175136983,0.47201218171409565,FALSE,NA,NA,FALSE,
K11003,1,0,other,5065,14828,1,0.254612175136983,0.47201218171409565,FALSE,NA,NA,FALSE,
K11073,1,0,other,5065,14828,1,0.254612175136983,0.47201218171409565,FALSE,NA,NA,FALSE,
K11075,1,0,other,5065,14828,1,0.254612175136983,0.47201218171409565,FALSE,NA,NA,FALSE,
K11076,1,0,other,5065,14828,1,0.254612175136983,0.47201218171409565,FALSE,NA,NA,FALSE,
K11959,1,0,other,5065,14828,1,0.254612175136983,0.47201218171409565,FALSE,NA,NA,FALSE,
K11960,1,0,other,5065,14828,1,0.254612175136983,0.47201218171409565,FALSE,NA,NA,FALSE,
K11961,1,0,other,5065,14828,1,0.254612175136983,0.47201218171409565,FALSE,NA,NA,FALSE,
K11962,1,0,other,5065,14828,1,0.254612175136983,0.47201218171409565,FALSE,NA,NA,FALSE,
K11963,1,0,other,5065,14828,1,0.254612175136983,0.47201218171409565,FALSE,NA,NA,FALSE,
K12532,1,0,other,5065,14828,1,0.254612175136983,0.47201218171409565,FALSE,NA,NA,FALSE,
K13378,1,0,other,5065,14828,1,0.254612175136983,0.47201218171409565,FALSE,NA,NA,FALSE,
K13829,1,0,other,5065,14828,1,0.254612175136983,0.47201218171409565,FALSE,NA,NA,FALSE,
K13893,1,0,other,5065,14828,1,0.254612175136983,0.47201218171409565,FALSE,NA,NA,FALSE,
K13894,1,0,other,5065,14828,1,0.254612175136983,0.47201218171409565,FALSE,NA,NA,FALSE,
K14267,1,0,other,5065,14828,1,0.254612175136983,0.47201218171409565,FALSE,NA,NA,FALSE,
K15552,1,0,other,5065,14828,1,0.254612175136983,0.47201218171409565,FALSE,NA,NA,FALSE,
K15553,1,0,other,5065,14828,1,0.254612175136983,0.47201218171409565,FALSE,NA,NA,FALSE,
K16092,1,0,other,5065,14828,1,0.254612175136983,0.47201218171409565,FALSE,NA,NA,FALSE,
K16924,1,0,other,5065,14828,1,0.254612175136983,0.47201218171409565,FALSE,NA,NA,FALSE,
K16925,1,0,other,5065,14828,1,0.254612175136983,0.47201218171409565,FALSE,NA,NA,FALSE,
K16960,1,0,other,5065,14828,1,0.254612175136983,0.47201218171409565,FALSE,NA,NA,FALSE,
K17992,1,0,other,5065,14828,1,0.254612175136983,0.47201218171409565,FALSE,NA,NA,FALSE,
K18330,1,0,other,5065,14828,1,0.254612175136983,0.47201218171409565,FALSE,NA,NA,FALSE,
K18331,1,0,other,5065,14828,1,0.254612175136983,0.47201218171409565,FALSE,NA,NA,FALSE,
K19226,1,0,other,5065,14828,1,0.254612175136983,0.47201218171409565,FALSE,NA,NA,FALSE,
K19227,1,0,other,5065,14828,1,0.254612175136983,0.47201218171409565,FALSE,NA,NA,FALSE,
K22226,1,0,other,5065,14828,1,0.254612175136983,0.47201218171409565,FALSE,NA,NA,FALSE,
M09B,1,0,other,5065,14828,1,0.254612175136983,0.47201218171409565,FALSE,NA,NA,FALSE,
M28F,1,0,other,5065,14828,1,0.254612175136983,0.47201218171409565,FALSE,NA,NA,FALSE,
M50A,1,0,other,5065,14828,1,0.254612175136983,0.47201218171409565,FALSE,NA,NA,FALSE,
S37,1,0,other,5065,14828,1,0.254612175136983,0.47201218171409565,FALSE,NA,NA,FALSE,
S45,1,0,other,5065,14828,1,0.254612175136983,0.47201218171409565,FALSE,NA,NA,FALSE,
T02,1,0,other,5065,14828,1,0.254612175136983,0.47201218171409565,FALSE,NA,NA,FALSE,
T08,1,0,other,5065,14828,1,0.254612175136983,0.47201218171409565,FALSE,NA,NA,FALSE,
K00525,20,8,other,5065,14828,28,0.2685164160412125,0.47691349098957236,FALSE,NA,NA,FALSE,
K01011,3,1,other,5065,14828,4,0.2695151590629984,0.47691349098957236,FALSE,NA,NA,FALSE,
K01695,3,1,other,5065,14828,4,0.2695151590629984,0.47691349098957236,FALSE,NA,NA,FALSE,
K01817,3,1,other,5065,14828,4,0.2695151590629984,0.47691349098957236,FALSE,NA,NA,FALSE,
K01989,3,1,other,5065,14828,4,0.2695151590629984,0.47691349098957236,FALSE,NA,NA,FALSE,
K02012,3,1,other,5065,14828,4,0.2695151590629984,0.47691349098957236,FALSE,NA,NA,FALSE,
K02124,3,1,other,5065,14828,4,0.2695151590629984,0.47691349098957236,FALSE,NA,NA,FALSE,
K02760,3,1,other,5065,14828,4,0.2695151590629984,0.47691349098957236,FALSE,NA,NA,FALSE,
K02864,20,8,other,5065,14828,28,0.2685164160412125,0.47691349098957236,FALSE,NA,NA,FALSE,
K02902,3,1,other,5065,14828,4,0.2695151590629984,0.47691349098957236,FALSE,NA,NA,FALSE,
K02914,3,1,other,5065,14828,4,0.2695151590629984,0.47691349098957236,FALSE,NA,NA,FALSE,
K03778,3,1,other,5065,14828,4,0.2695151590629984,0.47691349098957236,FALSE,NA,NA,FALSE,
P01,3,1,other,5065,14828,4,0.2695151590629984,0.47691349098957236,FALSE,NA,NA,FALSE,
K01933,10,4,other,5065,14828,14,0.2720763717079258,0.4805303218947967,FALSE,NA,NA,FALSE,
K00297,8,3,other,5065,14828,11,0.2994371714623775,0.5238740721064948,FALSE,NA,NA,FALSE,
K00609,8,3,other,5065,14828,11,0.2994371714623775,0.5238740721064948,FALSE,NA,NA,FALSE,
K01783,16,6,other,5065,14828,22,0.31868791341093755,0.5554616727181257,FALSE,NA,NA,FALSE,
K01812,16,6,other,5065,14828,22,0.31868791341093755,0.5554616727181257,FALSE,NA,NA,FALSE,
K02959,11,4,other,5065,14828,15,0.3288007510666564,0.5720147897770108,FALSE,NA,NA,FALSE,
K00610,6,2,other,5065,14828,8,0.33296908911859846,0.5771050070730932,FALSE,NA,NA,FALSE,
K00058,9,3,other,5065,14828,12,0.3655316711764883,0.6279921476204433,FALSE,NA,NA,FALSE,
K00971,9,3,other,5065,14828,12,0.3655316711764883,0.6279921476204433,FALSE,NA,NA,FALSE,
K00929,4,1,other,5065,14828,5,0.37691655281810676,0.6343396332754007,FALSE,NA,NA,FALSE,
K01845,4,1,other,5065,14828,5,0.37691655281810676,0.6343396332754007,FALSE,NA,NA,FALSE,
K01895,4,1,other,5065,14828,5,0.37691655281810676,0.6343396332754007,FALSE,NA,NA,FALSE,
K02502,4,1,other,5065,14828,5,0.37691655281810676,0.6343396332754007,FALSE,NA,NA,FALSE,
K02888,4,1,other,5065,14828,5,0.37691655281810676,0.6343396332754007,FALSE,NA,NA,FALSE,
K02939,4,1,other,5065,14828,5,0.37691655281810676,0.6343396332754007,FALSE,NA,NA,FALSE,
K11175,4,1,other,5065,14828,5,0.37691655281810676,0.6343396332754007,FALSE,NA,NA,FALSE,
K02040,12,4,other,5065,14828,16,0.38646215746415835,0.6457254393600775,FALSE,NA,NA,FALSE,
M24B,12,4,other,5065,14828,16,0.38646215746415835,0.6457254393600775,FALSE,NA,NA,FALSE,
C96,2,0,other,5065,14828,2,0.4444065313068595,0.6542847346815728,FALSE,NA,NA,FALSE,
K00008,2,0,other,5065,14828,2,0.4444065313068595,0.6542847346815728,FALSE,NA,NA,FALSE,
K00030,2,0,other,5065,14828,2,0.4444065313068595,0.6542847346815728,FALSE,NA,NA,FALSE,
K00101,2,0,other,5065,14828,2,0.4444065313068595,0.6542847346815728,FALSE,NA,NA,FALSE,
K00108,2,0,other,5065,14828,2,0.4444065313068595,0.6542847346815728,FALSE,NA,NA,FALSE,
K00254,2,0,other,5065,14828,2,0.4444065313068595,0.6542847346815728,FALSE,NA,NA,FALSE,
K00341,2,0,other,5065,14828,2,0.4444065313068595,0.6542847346815728,FALSE,NA,NA,FALSE,
K00342,2,0,other,5065,14828,2,0.4444065313068595,0.6542847346815728,FALSE,NA,NA,FALSE,
K00343,2,0,other,5065,14828,2,0.4444065313068595,0.6542847346815728,FALSE,NA,NA,FALSE,
K00412,2,0,other,5065,14828,2,0.4444065313068595,0.6542847346815728,FALSE,NA,NA,FALSE,
K00568,2,0,other,5065,14828,2,0.4444065313068595,0.6542847346815728,FALSE,NA,NA,FALSE,
K00762,10,3,other,5065,14828,13,0.4312239056893814,0.6542847346815728,FALSE,NA,NA,FALSE,
K00764,2,0,other,5065,14828,2,0.4444065313068595,0.6542847346815728,FALSE,NA,NA,FALSE,
K01195,2,0,other,5065,14828,2,0.4444065313068595,0.6542847346815728,FALSE,NA,NA,FALSE,
K01628,2,0,other,5065,14828,2,0.4444065313068595,0.6542847346815728,FALSE,NA,NA,FALSE,
K01905,2,0,other,5065,14828,2,0.4444065313068595,0.6542847346815728,FALSE,NA,NA,FALSE,
K01911,2,0,other,5065,14828,2,0.4444065313068595,0.6542847346815728,FALSE,NA,NA,FALSE,
K01938,7,2,other,5065,14828,9,0.4122518355627508,0.6542847346815728,FALSE,NA,NA,FALSE,
K02000,2,0,other,5065,14828,2,0.4444065313068595,0.6542847346815728,FALSE,NA,NA,FALSE,
K02004,73,25,other,5065,14828,98,0.44201331469720023,0.6542847346815728,FALSE,NA,NA,FALSE,
K02010,2,0,other,5065,14828,2,0.4444065313068595,0.6542847346815728,FALSE,NA,NA,FALSE,
K02020,2,0,other,5065,14828,2,0.4444065313068595,0.6542847346815728,FALSE,NA,NA,FALSE,
K02567,2,0,other,5065,14828,2,0.4444065313068595,0.6542847346815728,FALSE,NA,NA,FALSE,
K02786,2,0,other,5065,14828,2,0.4444065313068595,0.6542847346815728,FALSE,NA,NA,FALSE,
K04072,7,2,other,5065,14828,9,0.4122518355627508,0.6542847346815728,FALSE,NA,NA,FALSE,
K04517,2,0,other,5065,14828,2,0.4444065313068595,0.6542847346815728,FALSE,NA,NA,FALSE,
K04518,2,0,other,5065,14828,2,0.4444065313068595,0.6542847346815728,FALSE,NA,NA,FALSE,
K06209,2,0,other,5065,14828,2,0.4444065313068595,0.6542847346815728,FALSE,NA,NA,FALSE,
K09969,2,0,other,5065,14828,2,0.4444065313068595,0.6542847346815728,FALSE,NA,NA,FALSE,
K10018,2,0,other,5065,14828,2,0.4444065313068595,0.6542847346815728,FALSE,NA,NA,FALSE,
K10020,2,0,other,5065,14828,2,0.4444065313068595,0.6542847346815728,FALSE,NA,NA,FALSE,
K10108,2,0,other,5065,14828,2,0.4444065313068595,0.6542847346815728,FALSE,NA,NA,FALSE,
K10109,2,0,other,5065,14828,2,0.4444065313068595,0.6542847346815728,FALSE,NA,NA,FALSE,
K10110,2,0,other,5065,14828,2,0.4444065313068595,0.6542847346815728,FALSE,NA,NA,FALSE,
K10117,7,2,other,5065,14828,9,0.4122518355627508,0.6542847346815728,FALSE,NA,NA,FALSE,
K13788,2,0,other,5065,14828,2,0.4444065313068595,0.6542847346815728,FALSE,NA,NA,FALSE,
K14187,2,0,other,5065,14828,2,0.4444065313068595,0.6542847346815728,FALSE,NA,NA,FALSE,
K17077,2,0,other,5065,14828,2,0.4444065313068595,0.6542847346815728,FALSE,NA,NA,FALSE,
K18332,2,0,other,5065,14828,2,0.4444065313068595,0.6542847346815728,FALSE,NA,NA,FALSE,
K23059,2,0,other,5065,14828,2,0.4444065313068595,0.6542847346815728,FALSE,NA,NA,FALSE,
M28D,2,0,other,5065,14828,2,0.4444065313068595,0.6542847346815728,FALSE,NA,NA,FALSE,
M55,2,0,other,5065,14828,2,0.4444065313068595,0.6542847346815728,FALSE,NA,NA,FALSE,
M61,2,0,other,5065,14828,2,0.4444065313068595,0.6542847346815728,FALSE,NA,NA,FALSE,
M82,2,0,other,5065,14828,2,0.4444065313068595,0.6542847346815728,FALSE,NA,NA,FALSE,
K02899,5,1,other,5065,14828,6,0.47699107403815655,0.6923823559085116,FALSE,NA,NA,FALSE,
K02913,5,1,other,5065,14828,6,0.47699107403815655,0.6923823559085116,FALSE,NA,NA,FALSE,
K03785,5,1,other,5065,14828,6,0.47699107403815655,0.6923823559085116,FALSE,NA,NA,FALSE,
K05832,5,1,other,5065,14828,6,0.47699107403815655,0.6923823559085116,FALSE,NA,NA,FALSE,
K08678,5,1,other,5065,14828,6,0.47699107403815655,0.6923823559085116,FALSE,NA,NA,FALSE,
K19221,8,2,other,5065,14828,10,0.48823654552450846,0.7043039608575595,FALSE,NA,NA,FALSE,
M19,8,2,other,5065,14828,10,0.48823654552450846,0.7043039608575595,FALSE,NA,NA,FALSE,
K00939,11,3,other,5065,14828,14,0.49488291928196315,0.7105815023383985,FALSE,NA,NA,FALSE,
K02956,14,4,other,5065,14828,18,0.4996377025851868,0.7151978824370393,FALSE,NA,NA,FALSE,
K01784,39,12,other,5065,14828,51,0.5516913142366582,0.78728299681391,FALSE,NA,NA,FALSE,
K00831,12,3,other,5065,14828,15,0.5552764349966204,0.791183754772792,FALSE,NA,NA,FALSE,
K01588,9,2,other,5065,14828,11,0.559036310797808,0.7916840437975056,FALSE,NA,NA,FALSE,
K01951,9,2,other,5065,14828,11,0.559036310797808,0.7916840437975056,FALSE,NA,NA,FALSE,
K00226,3,0,other,5065,14828,3,0.5858816164675227,0.7934169412512078,FALSE,NA,NA,FALSE,
K00370,3,0,other,5065,14828,3,0.5858816164675227,0.7934169412512078,FALSE,NA,NA,FALSE,
K00526,3,0,other,5065,14828,3,0.5858816164675227,0.7934169412512078,FALSE,NA,NA,FALSE,
K00789,64,20,other,5065,14828,84,0.580406957572728,0.7934169412512078,FALSE,NA,NA,FALSE,
K01251,3,0,other,5065,14828,3,0.5858816164675227,0.7934169412512078,FALSE,NA,NA,FALSE,
K01652,34,10,other,5065,14828,44,0.5854877982177065,0.7934169412512078,FALSE,NA,NA,FALSE,
K02011,3,0,other,5065,14828,3,0.5858816164675227,0.7934169412512078,FALSE,NA,NA,FALSE,
K02190,3,0,other,5065,14828,3,0.5858816164675227,0.7934169412512078,FALSE,NA,NA,FALSE,
K02548,3,0,other,5065,14828,3,0.5858816164675227,0.7934169412512078,FALSE,NA,NA,FALSE,
K03340,3,0,other,5065,14828,3,0.5858816164675227,0.7934169412512078,FALSE,NA,NA,FALSE,
K03856,3,0,other,5065,14828,3,0.5858816164675227,0.7934169412512078,FALSE,NA,NA,FALSE,
K05833,6,1,other,5065,14828,7,0.5665071218623243,0.7934169412512078,FALSE,NA,NA,FALSE,
K09011,3,0,other,5065,14828,3,0.5858816164675227,0.7934169412512078,FALSE,NA,NA,FALSE,
K10541,3,0,other,5065,14828,3,0.5858816164675227,0.7934169412512078,FALSE,NA,NA,FALSE,
K10542,3,0,other,5065,14828,3,0.5858816164675227,0.7934169412512078,FALSE,NA,NA,FALSE,
K11381,3,0,other,5065,14828,3,0.5858816164675227,0.7934169412512078,FALSE,NA,NA,FALSE,
K13990,3,0,other,5065,14828,3,0.5858816164675227,0.7934169412512078,FALSE,NA,NA,FALSE,
K23060,3,0,other,5065,14828,3,0.5858816164675227,0.7934169412512078,FALSE,NA,NA,FALSE,
M32,3,0,other,5065,14828,3,0.5858816164675227,0.7934169412512078,FALSE,NA,NA,FALSE,
M54,3,0,other,5065,14828,3,0.5858816164675227,0.7934169412512078,FALSE,NA,NA,FALSE,
M96,3,0,other,5065,14828,3,0.5858816164675227,0.7934169412512078,FALSE,NA,NA,FALSE,
K01653,22,6,other,5065,14828,28,0.5942269887180827,0.8035471215707406,FALSE,NA,NA,FALSE,
K02867,16,4,other,5065,14828,20,0.6037288504133789,0.8140262729086052,FALSE,NA,NA,FALSE,
K00602,13,3,other,5065,14828,16,0.6115478608407742,0.8209941657819063,FALSE,NA,NA,FALSE,
K02015,13,3,other,5065,14828,16,0.6115478608407742,0.8209941657819063,FALSE,NA,NA,FALSE,
K01735,10,2,other,5065,14828,12,0.6235378573382477,0.8298949419301319,FALSE,NA,NA,FALSE,
K01886,10,2,other,5065,14828,12,0.6235378573382477,0.8298949419301319,FALSE,NA,NA,FALSE,
K01999,10,2,other,5065,14828,12,0.6235378573382477,0.8298949419301319,FALSE,NA,NA,FALSE,
K00943,7,1,other,5065,14828,8,0.6443531327768995,0.8478811053112459,FALSE,NA,NA,FALSE,
K02551,7,1,other,5065,14828,8,0.6443531327768995,0.8478811053112459,FALSE,NA,NA,FALSE,
K02916,7,1,other,5065,14828,8,0.6443531327768995,0.8478811053112459,FALSE,NA,NA,FALSE,
M95,7,1,other,5065,14828,8,0.6443531327768995,0.8478811053112459,FALSE,NA,NA,FALSE,
U69,42,12,other,5065,14828,54,0.6436115268992214,0.8478811053112459,FALSE,NA,NA,FALSE,
A26,4,0,other,5065,14828,4,0.6913371022690311,0.8690827713233151,FALSE,NA,NA,FALSE,
K00281,4,0,other,5065,14828,4,0.6913371022690311,0.8690827713233151,FALSE,NA,NA,FALSE,
K00401,4,0,other,5065,14828,4,0.6913371022690311,0.8690827713233151,FALSE,NA,NA,FALSE,
K00402,4,0,other,5065,14828,4,0.6913371022690311,0.8690827713233151,FALSE,NA,NA,FALSE,
K01007,4,0,other,5065,14828,4,0.6913371022690311,0.8690827713233151,FALSE,NA,NA,FALSE,
K01079,4,0,other,5065,14828,4,0.6913371022690311,0.8690827713233151,FALSE,NA,NA,FALSE,
K01596,4,0,other,5065,14828,4,0.6913371022690311,0.8690827713233151,FALSE,NA,NA,FALSE,
K01607,4,0,other,5065,14828,4,0.6913371022690311,0.8690827713233151,FALSE,NA,NA,FALSE,
K01712,4,0,other,5065,14828,4,0.6913371022690311,0.8690827713233151,FALSE,NA,NA,FALSE,
K01995,4,0,other,5065,14828,4,0.6913371022690311,0.8690827713233151,FALSE,NA,NA,FALSE,
K01996,4,0,other,5065,14828,4,0.6913371022690311,0.8690827713233151,FALSE,NA,NA,FALSE,
K01997,4,0,other,5065,14828,4,0.6913371022690311,0.8690827713233151,FALSE,NA,NA,FALSE,
K01998,4,0,other,5065,14828,4,0.6913371022690311,0.8690827713233151,FALSE,NA,NA,FALSE,
K02407,4,0,other,5065,14828,4,0.6913371022690311,0.8690827713233151,FALSE,NA,NA,FALSE,
K02437,4,0,other,5065,14828,4,0.6913371022690311,0.8690827713233151,FALSE,NA,NA,FALSE,
K03388,4,0,other,5065,14828,4,0.6913371022690311,0.8690827713233151,FALSE,NA,NA,FALSE,
K05776,4,0,other,5065,14828,4,0.6913371022690311,0.8690827713233151,FALSE,NA,NA,FALSE,
K06001,4,0,other,5065,14828,4,0.6913371022690311,0.8690827713233151,FALSE,NA,NA,FALSE,
K09816,4,0,other,5065,14828,4,0.6913371022690311,0.8690827713233151,FALSE,NA,NA,FALSE,
K09882,4,0,other,5065,14828,4,0.6913371022690311,0.8690827713233151,FALSE,NA,NA,FALSE,
K10010,4,0,other,5065,14828,4,0.6913371022690311,0.8690827713233151,FALSE,NA,NA,FALSE,
K12368,4,0,other,5065,14828,4,0.6913371022690311,0.8690827713233151,FALSE,NA,NA,FALSE,
M75,4,0,other,5065,14828,4,0.6913371022690311,0.8690827713233151,FALSE,NA,NA,FALSE,
M90,4,0,other,5065,14828,4,0.6913371022690311,0.8690827713233151,FALSE,NA,NA,FALSE,
S41A,27,7,other,5065,14828,34,0.6658554856485037,0.8690827713233151,FALSE,NA,NA,FALSE,
K00845,18,4,other,5065,14828,22,0.6941958444679461,0.8691481664564985,FALSE,NA,NA,FALSE,
K00925,18,4,other,5065,14828,22,0.6941958444679461,0.8691481664564985,FALSE,NA,NA,FALSE,
K01945,8,1,other,5065,14828,9,0.7106677891237987,0.8850005041501461,FALSE,NA,NA,FALSE,
K02887,8,1,other,5065,14828,9,0.7106677891237987,0.8850005041501461,FALSE,NA,NA,FALSE,
S51,8,1,other,5065,14828,9,0.7106677891237987,0.8850005041501461,FALSE,NA,NA,FALSE,
K00625,12,2,other,5065,14828,14,0.7320545310740745,0.9079821887420764,FALSE,NA,NA,FALSE,
K00615,96,28,other,5065,14828,124,0.7339843200412673,0.9091619110911164,FALSE,NA,NA,FALSE,
K02967,26,6,other,5065,14828,32,0.7418573853916939,0.9176904274685534,FALSE,NA,NA,FALSE,
M26,36,9,other,5065,14828,45,0.7434917333554862,0.9184891227224026,FALSE,NA,NA,FALSE,
A32,5,0,other,5065,14828,5,0.769942239631762,0.919378329843068,FALSE,NA,NA,FALSE,
K00350,5,0,other,5065,14828,5,0.769942239631762,0.919378329843068,FALSE,NA,NA,FALSE,
K00351,5,0,other,5065,14828,5,0.769942239631762,0.919378329843068,FALSE,NA,NA,FALSE,
K01089,5,0,other,5065,14828,5,0.769942239631762,0.919378329843068,FALSE,NA,NA,FALSE,
K01678,5,0,other,5065,14828,5,0.769942239631762,0.919378329843068,FALSE,NA,NA,FALSE,
K01745,5,0,other,5065,14828,5,0.769942239631762,0.919378329843068,FALSE,NA,NA,FALSE,
K01810,20,4,other,5065,14828,24,0.7693487932319776,0.919378329843068,FALSE,NA,NA,FALSE,
K01818,5,0,other,5065,14828,5,0.769942239631762,0.919378329843068,FALSE,NA,NA,FALSE,
K01902,5,0,other,5065,14828,5,0.769942239631762,0.919378329843068,FALSE,NA,NA,FALSE,
K01903,5,0,other,5065,14828,5,0.769942239631762,0.919378329843068,FALSE,NA,NA,FALSE,
K02110,9,1,other,5065,14828,10,0.7662756000236216,0.919378329843068,FALSE,NA,NA,FALSE,
K02114,9,1,other,5065,14828,10,0.7662756000236216,0.919378329843068,FALSE,NA,NA,FALSE,
K02230,5,0,other,5065,14828,5,0.769942239631762,0.919378329843068,FALSE,NA,NA,FALSE,
K02361,5,0,other,5065,14828,5,0.769942239631762,0.919378329843068,FALSE,NA,NA,FALSE,
K09810,5,0,other,5065,14828,5,0.769942239631762,0.919378329843068,FALSE,NA,NA,FALSE,
K09817,5,0,other,5065,14828,5,0.769942239631762,0.919378329843068,FALSE,NA,NA,FALSE,
K11755,5,0,other,5065,14828,5,0.769942239631762,0.919378329843068,FALSE,NA,NA,FALSE,
M28A,5,0,other,5065,14828,5,0.769942239631762,0.919378329843068,FALSE,NA,NA,FALSE,
S13,5,0,other,5065,14828,5,0.769942239631762,0.919378329843068,FALSE,NA,NA,FALSE,
K02013,13,2,other,5065,14828,15,0.776249055093438,0.925719348115281,FALSE,NA,NA,FALSE,
K01520,252,77,other,5065,14828,329,0.7870189045824156,0.9373596953295694,FALSE,NA,NA,FALSE,
K02945,17,3,other,5065,14828,20,0.7886753194136527,0.9381297973563166,FALSE,NA,NA,FALSE,
K00031,88,24,other,5065,14828,112,0.8077128541780179,0.959546344669282,FALSE,NA,NA,FALSE,
K00088,22,4,other,5065,14828,26,0.8295182492370272,0.9596792696652531,FALSE,NA,NA,FALSE,
K00348,6,0,other,5065,14828,6,0.8285324727504831,0.9596792696652531,FALSE,NA,NA,FALSE,
K00349,6,0,other,5065,14828,6,0.8285324727504831,0.9596792696652531,FALSE,NA,NA,FALSE,
K00616,6,0,other,5065,14828,6,0.8285324727504831,0.9596792696652531,FALSE,NA,NA,FALSE,
K01491,32,7,other,5065,14828,39,0.8127123179443632,0.9596792696652531,FALSE,NA,NA,FALSE,
K01754,6,0,other,5065,14828,6,0.8285324727504831,0.9596792696652531,FALSE,NA,NA,FALSE,
K01834,6,0,other,5065,14828,6,0.8285324727504831,0.9596792696652531,FALSE,NA,NA,FALSE,
K02016,14,2,other,5065,14828,16,0.8142570229978987,0.9596792696652531,FALSE,NA,NA,FALSE,
K02231,6,0,other,5065,14828,6,0.8285324727504831,0.9596792696652531,FALSE,NA,NA,FALSE,
K02424,6,0,other,5065,14828,6,0.8285324727504831,0.9596792696652531,FALSE,NA,NA,FALSE,
K06861,6,0,other,5065,14828,6,0.8285324727504831,0.9596792696652531,FALSE,NA,NA,FALSE,
K07091,6,0,other,5065,14828,6,0.8285324727504831,0.9596792696652531,FALSE,NA,NA,FALSE,
K10036,6,0,other,5065,14828,6,0.8285324727504831,0.9596792696652531,FALSE,NA,NA,FALSE,
M01,6,0,other,5065,14828,6,0.8285324727504831,0.9596792696652531,FALSE,NA,NA,FALSE,
M49,6,0,other,5065,14828,6,0.8285324727504831,0.9596792696652531,FALSE,NA,NA,FALSE,
K00013,11,1,other,5065,14828,12,0.850086959020913,0.973774087460454,FALSE,NA,NA,FALSE,
K00765,11,1,other,5065,14828,12,0.850086959020913,0.973774087460454,FALSE,NA,NA,FALSE,
K00850,11,1,other,5065,14828,12,0.850086959020913,0.973774087460454,FALSE,NA,NA,FALSE,
K02108,11,1,other,5065,14828,12,0.850086959020913,0.973774087460454,FALSE,NA,NA,FALSE,
K02109,11,1,other,5065,14828,12,0.850086959020913,0.973774087460454,FALSE,NA,NA,FALSE,
K02113,11,1,other,5065,14828,12,0.850086959020913,0.973774087460454,FALSE,NA,NA,FALSE,
C25,7,0,other,5065,14828,7,0.8722033645651762,0.9925764702101018,FALSE,NA,NA,FALSE,
K01704,16,2,other,5065,14828,18,0.8739801427684211,0.9925764702101018,FALSE,NA,NA,FALSE,
K02777,7,0,other,5065,14828,7,0.8722033645651762,0.9925764702101018,FALSE,NA,NA,FALSE,
K11720,7,0,other,5065,14828,7,0.8722033645651762,0.9925764702101018,FALSE,NA,NA,FALSE,
K00053,24,4,other,5065,14828,28,0.8762344437807672,0.9927095100882105,FALSE,NA,NA,FALSE,
K01923,12,1,other,5065,14828,13,0.8807878528732778,0.9966527592195797,FALSE,NA,NA,FALSE,
C10,30,0,other,5065,14828,30,0.9998526937540069,1,FALSE,NA,NA,FALSE,
C69,10,0,other,5065,14828,10,0.9470961541607485,1,FALSE,NA,NA,FALSE,
I39,1092,3,other,5065,14828,1095,1,1,FALSE,NA,NA,FALSE,
K00024,42,7,other,5065,14828,49,0.9547252381182032,1,FALSE,NA,NA,FALSE,
K00036,24,3,other,5065,14828,27,0.940005324355977,1,FALSE,NA,NA,FALSE,
K00052,22,0,other,5065,14828,22,0.998448733564158,1,FALSE,NA,NA,FALSE,
K00172,8,0,other,5065,14828,8,0.9047533976777874,1,FALSE,NA,NA,FALSE,
K00174,36,0,other,5065,14828,36,0.999974819870195,1,FALSE,NA,NA,FALSE,
K00175,24,0,other,5065,14828,24,0.9991387783037011,1,FALSE,NA,NA,FALSE,
K00176,20,0,other,5065,14828,20,0.9972059902015094,1,FALSE,NA,NA,FALSE,
K00239,40,5,other,5065,14828,45,0.9848850190143872,1,FALSE,NA,NA,FALSE,
K00240,30,5,other,5065,14828,35,0.9125736998282734,1,FALSE,NA,NA,FALSE,
K00241,40,0,other,5065,14828,40,0.9999922470662328,1,FALSE,NA,NA,FALSE,
K00244,16,0,other,5065,14828,16,0.9909380576184925,1,FALSE,NA,NA,FALSE,
K00346,10,0,other,5065,14828,10,0.9470961541607485,1,FALSE,NA,NA,FALSE,
K00347,8,0,other,5065,14828,8,0.9047533976777874,1,FALSE,NA,NA,FALSE,
K00399,8,0,other,5065,14828,8,0.9047533976777874,1,FALSE,NA,NA,FALSE,
K00560,60,4,other,5065,14828,64,0.999929562205411,1,FALSE,NA,NA,FALSE,
K00798,24,0,other,5065,14828,24,0.9991387783037011,1,FALSE,NA,NA,FALSE,
K00800,8,0,other,5065,14828,8,0.9047533976777874,1,FALSE,NA,NA,FALSE,
K00817,10,0,other,5065,14828,10,0.9470961541607485,1,FALSE,NA,NA,FALSE,
K00826,39,6,other,5065,14828,45,0.9615665689370398,1,FALSE,NA,NA,FALSE,
K00847,16,0,other,5065,14828,16,0.9909380576184925,1,FALSE,NA,NA,FALSE,
K00849,45,6,other,5065,14828,51,0.9864676744249048,1,FALSE,NA,NA,FALSE,
K00957,76,8,other,5065,14828,84,0.9997886722915652,1,FALSE,NA,NA,FALSE,
K01006,26,4,other,5065,14828,30,0.9115756888118061,1,FALSE,NA,NA,FALSE,
K01057,24,3,other,5065,14828,27,0.940005324355977,1,FALSE,NA,NA,FALSE,
K01190,111,9,other,5065,14828,120,0.9999996092610884,1,FALSE,NA,NA,FALSE,
K01243,18,2,other,5065,14828,20,0.9160105786151795,1,FALSE,NA,NA,FALSE,
K01494,14,0,other,5065,14828,14,0.9836817661210476,1,FALSE,NA,NA,FALSE,
K01676,60,0,other,5065,14828,60,0.9999999786347791,1,FALSE,NA,NA,FALSE,
K01679,9,0,other,5065,14828,9,0.9290140987470359,1,FALSE,NA,NA,FALSE,
K01681,105,10,other,5065,14828,115,0.9999955945497165,1,FALSE,NA,NA,FALSE,
K01682,8,0,other,5065,14828,8,0.9047533976777874,1,FALSE,NA,NA,FALSE,
K01687,16,0,other,5065,14828,16,0.9909380576184925,1,FALSE,NA,NA,FALSE,
K01689,39,6,other,5065,14828,45,0.9615665689370398,1,FALSE,NA,NA,FALSE,
K01698,8,0,other,5065,14828,8,0.9047533976777874,1,FALSE,NA,NA,FALSE,
K01703,20,2,other,5065,14828,22,0.9448559635686941,1,FALSE,NA,NA,FALSE,
K01719,8,0,other,5065,14828,8,0.9047533976777874,1,FALSE,NA,NA,FALSE,
K01756,46,4,other,5065,14828,50,0.998320773827301,1,FALSE,NA,NA,FALSE,
K01785,42,4,other,5065,14828,46,0.9960369162158662,1,FALSE,NA,NA,FALSE,
K01807,15,0,other,5065,14828,15,0.9878395132208462,1,FALSE,NA,NA,FALSE,
K01808,52,8,other,5065,14828,60,0.9825752042510729,1,FALSE,NA,NA,FALSE,
K01809,8,0,other,5065,14828,8,0.9047533976777874,1,FALSE,NA,NA,FALSE,
K01847,8,0,other,5065,14828,8,0.9047533976777874,1,FALSE,NA,NA,FALSE,
K01955,32,3,other,5065,14828,35,0.9883331220110674,1,FALSE,NA,NA,FALSE,
K01960,30,0,other,5065,14828,30,0.9998526937540069,1,FALSE,NA,NA,FALSE,
K01992,47,6,other,5065,14828,53,0.9906110617675881,1,FALSE,NA,NA,FALSE,
K02065,18,0,other,5065,14828,18,0.9949680124721949,1,FALSE,NA,NA,FALSE,
K02066,18,0,other,5065,14828,18,0.9949680124721949,1,FALSE,NA,NA,FALSE,
K02067,9,0,other,5065,14828,9,0.9290140987470359,1,FALSE,NA,NA,FALSE,
K02111,13,0,other,5065,14828,13,0.978102835672388,1,FALSE,NA,NA,FALSE,
K02115,12,0,other,5065,14828,12,0.9706170677647641,1,FALSE,NA,NA,FALSE,
K02909,17,2,other,5065,14828,19,0.8969102897349505,1,FALSE,NA,NA,FALSE,
K04041,42,3,other,5065,14828,45,0.9987508659861584,1,FALSE,NA,NA,FALSE,
K04516,10,0,other,5065,14828,10,0.9470961541607485,1,FALSE,NA,NA,FALSE,
K07173,18,2,other,5065,14828,20,0.9160105786151795,1,FALSE,NA,NA,FALSE,
K09808,14,0,other,5065,14828,14,0.9836817661210476,1,FALSE,NA,NA,FALSE,
K09815,8,0,other,5065,14828,8,0.9047533976777874,1,FALSE,NA,NA,FALSE,
K10009,8,0,other,5065,14828,8,0.9047533976777874,1,FALSE,NA,NA,FALSE,
K10111,8,0,other,5065,14828,8,0.9047533976777874,1,FALSE,NA,NA,FALSE,
K12340,20,0,other,5065,14828,20,0.9972059902015094,1,FALSE,NA,NA,FALSE,
K12524,10,0,other,5065,14828,10,0.9470961541607485,1,FALSE,NA,NA,FALSE,
K15634,9,0,other,5065,14828,9,0.9290140987470359,1,FALSE,NA,NA,FALSE,
K15635,9,0,other,5065,14828,9,0.9290140987470359,1,FALSE,NA,NA,FALSE,
M06,34,0,other,5065,14828,34,0.9999546258006113,1,FALSE,NA,NA,FALSE,
M64,8,0,other,5065,14828,8,0.9047533976777874,1,FALSE,NA,NA,FALSE,
M93,14,0,other,5065,14828,14,0.9836817661210476,1,FALSE,NA,NA,FALSE,
M97,14,0,other,5065,14828,14,0.9836817661210476,1,FALSE,NA,NA,FALSE,
S41B,9,0,other,5065,14828,9,0.9290140987470359,1,FALSE,NA,NA,FALSE,
S46,9,0,other,5065,14828,9,0.9290140987470359,1,FALSE,NA,NA,FALSE,
