protein_id,protein_length,taxid,genome_name,footprint,superkingdom,clade,phylum,class,order,family,genus,species,subspecies,species group,seq,protClstr.x,aa.x,perc.id_protClstr.x,protClstr_rep.x,protClstr.y,aa.y,perc.id_protClstr.y,protClstr_rep.y,protClstr,aa,perc.id_protClstr,protClstr_rep
BAF59384.1,256,370438,Pelotomaculum_thermopropionicum_SI,1-256,Bacteria,Terrabacteria group,Firmicutes,Clostridia,Eubacteriales,Desulfotomaculaceae,Pelotomaculum,Pelotomaculum thermopropionicum,NA,NA,MAKKGVRLLIADDNREFCELLKEFINQQEDFNLVGVAYNGLEAIQMIKDNNPDVVVLDIIMPHLDGIGVLEKLVTGNSGSRPKIIMLTAFGQESVTQKAVELGADYYILKPFDFNVLATRIRQLAEGVNVSQYITPVKPKNLDVAVTNIIHEMGVPAHIKGYHYLRDAILMVINEVNLLGAVTKELYPMIAQKFQTTPSRVERAIRHAIELAWDRGNVEMMTKFFGYTINLERGKPTNSEFIAMVADKLRIEAKVS,1,256,73.83,FALSE,1,256,73.83,FALSE,1,256,73.83,FALSE
AEG15482.1,254,760568,Desulfofundulus_kuznetsovii_DSM_6115,1-254,Bacteria,Terrabacteria group,Firmicutes,Clostridia,Eubacteriales,Peptococcaceae,Desulfofundulus,Desulfofundulus kuznetsovii,NA,NA,MVKKTVKVLIADDNREFCELLKEFINQQEDFELTGIAYNGLEALEQIKQQKPDVVVLDIIMPHLDGIGVLEKLGSVSPRPKVIMLTAFGQESVTQRAVELGADYYILKPFDFSVLATRIRQLADGVNVSQYISPAKTKNLDVAVTNIIHEMGVPAHIKGYHYLRDAILAVINEVNLLGAVTKELYPMIAQKYQTTPSRVERAIRHAIELAWDRGNVEMMTKFFGYTINLQRGKPTNSEFIAMVADKLRLEAKVS,1,254,77.16999999999999,FALSE,1,254,77.16999999999999,FALSE,1,254,77.16999999999999,FALSE
AEJ41435.1,256,1051632,Sulfobacillus_acidophilus_TPY,1-256,Bacteria,Terrabacteria group,Firmicutes,Clostridia,Eubacteriales,Clostridiales Family XVII. Incertae Sedis,Sulfobacillus,Sulfobacillus acidophilus,NA,NA,MLIADDNREFCELLKEAIRQEDGLEVVGMAGHGMEVLEFLSHQIPDVIVLDIIMPHLDGIGVLERLSQMEWDQRPRVVVLTAFGQETMTQKALELGADYYILKPFNLKVLASRIKQLAGTPAAERKGALPSGKLALVPVKHLDVEVTNIIHEIGIPAHIKGYLYLREAILMVINRVDLLSGVTKELYPAIASKYKTTPSRVERAIRHAIEVAWSRGNVDVINGIFGHTVNRDRGKPTNSEFIAMVADKLRMQMKAS,26,256,100,TRUE,26,256,100,TRUE,26,256,100,TRUE
WP_011025615.1,260,273068,Caldanaerobacter_subterraneus_sub_tengcongensis_MB4,1-260,Bacteria,Terrabacteria group,Firmicutes,Clostridia,Thermoanaerobacterales,Thermoanaerobacteraceae,Caldanaerobacter,Caldanaerobacter subterraneus,Caldanaerobacter subterraneus subsp. tengcongensis,NA,MIKKIRIAIADDNKEFANILAEYLSAQQNIEVVGVANDGNQAIEIIKNQSPDLLILDIIMPYLDGIGVLEKINEEQLKKPKILILSAVGQEKITQRAIALGADYYVLKPFDLAMLSKRILELMEPDLDIVSRTVFHVVKAKKDYDLEAMITEIIHEVGVPAHIKGYMYLRDAISLVISNMEYLNSVTKMLYPKIAEKYNTTPSRVERAIRHAIEVAWSRGRTEVLNELFGYTINDEKGKPTNSEFIALIADKLRLGMKAG,11,260,100,TRUE,11,260,100,TRUE,11,260,100,TRUE
WP_035109624.1,272,212717,Clostridium_tetani_E88_Massachusetts_sub_E88,1-272,Bacteria,Terrabacteria group,Firmicutes,Clostridia,Eubacteriales,Clostridiaceae,Clostridium,Clostridium tetani,NA,NA,MENSKISIVIADDNKEFCNILKDYLSNQKDIEVVGIGKDGVEAIKLIEEKKPDLVVLDIIMPHLDGLGVLEKLNSIATDYMPRVIILSAVGQDKITQRAINLGADYYVVKPFDMEIFVKRIRQMFNNTISGESVRINNIPATQSMTLQNTNKEESFDLETEITNVIHEIGVPAHIKGYMYLREAITMVVKDMELLSAVTKELYPSIAKKYNTTASRVERAIRHAIEVAWSRGQVETINKIFGYTIHNDKGKPTNSEFIAMVADKLRLKNKVS,4,272,77.94000000000001,FALSE,4,272,77.94000000000001,FALSE,4,272,77.94000000000001,FALSE
NP_833885.1,264,226900,Bacillus_cereus_ATCC_14579,1-264,Bacteria,Terrabacteria group,Firmicutes,Bacilli,Bacillales,Bacillaceae,Bacillus,Bacillus cereus,NA,Bacillus cereus group,MEKIKVCLVDDNKELVSMLESYVAAQDDMEVIGTAYNGQECLNLLTDKQPDVLVLDIIMPHLDGLAVLEKMRHIERLKQPSVIMLTAFGQEDVTKKAVDLGASYFILKPFDMENLTSHIRQVSGKANAMIKRPLPSFRSATTVDGKPKNLDASITSIIHEIGVPAHIKGYMYLREAISMVYNDIELLGSITKVLYPDIAKKYNTTASRVERAIRHAIEVAWSRGNIDSISSLFGYTVSMSKAKPTNSEFIAMVADKLRLEHKAS,0,264,99.24000000000001,FALSE,0,264,99.24000000000001,FALSE,0,264,99.24000000000001,FALSE
NP_846624.1,264,198094,Bacillus_anthracis_Ames,1-264,Bacteria,Terrabacteria group,Firmicutes,Bacilli,Bacillales,Bacillaceae,Bacillus,Bacillus anthracis,NA,Bacillus cereus group,MEKIKVCLVDDNKELVSMLESYVAAQDDMEVIGTAYNGQECLNLLKDKQPDVLVLDIIMPHLDGLAVLEKMRHIERLRQPSVIMLTAFGQEDVTKKAVDLGASYFILKPFDMENLTSHIRQVSGKANATIKRPLPSFRSATTVDGKPKNLDASITSIIHEIGVPAHIKGYMYLREAISMVYNDIELLGSITKVLYPDIAKKYNTTASRVERAIRHAIEVAWSRGNIDSISSLFGYTVSMSKAKPTNSEFIAMVADKLRLEHKAS,0,264,98.11,FALSE,0,264,98.11,FALSE,0,264,98.11,FALSE
WP_003183361.1,266,279010,Bacillus_licheniformis_DSM_13_ATCC_14580,1-266,Bacteria,Terrabacteria group,Firmicutes,Bacilli,Bacillales,Bacillaceae,Bacillus,Bacillus licheniformis,NA,Bacillus subtilis group,MEKIKVCVADDNRELVGLLSEYIEGQSDMEVLGVAYNGQECLSLFKDKEPDVLVLDIIMPHLDGLAVLERLRESQLKKQPNVIMLTAFGQEDVTKKAVDLGASYFILKPFDMENLVGHIRQVSGNGSQLTHRAPSSQSSVLRPQPESPKKNLDASITTIIHEIGVPAHIKGYLYLREAISMVYNDIELLGSITKVLYPDIAKKFNTTASRVERAIRHAIEVAWSRGNIDSISSLFGYTVSMSKAKPTNSEFIAMVADKLRLEHKAS,0,266,80.08,FALSE,0,266,80.08,FALSE,0,266,80.08,FALSE
NP_348690.1,281,272562,Clostridium_acetobutylicum_ATCC_824,1-281,Bacteria,Terrabacteria group,Firmicutes,Clostridia,Eubacteriales,Clostridiaceae,Clostridium,Clostridium acetobutylicum,NA,NA,MESRKISVLIADDNKEFCNILNDYLLNQSDMIVVGIAKDGVEALKLIENKKPDLVVLDIIMPRLDGLGVLEKLNNKDAENLPRIIVLSAVGQDKITQRAITLGADYYVVKPFDMDVFTNRIREMFNNTISNSEQKRSYQVEEKEASFAGTIANDVYSDNIGNKAVDLESEITSIIHQIGVPAHIKGYMYLREAITMVVNNMELLSAVTKELYPSIAKKYNTTASRVERAIRHAIEVAWSRGQVETINKLFGYTINNGKGKPTNSEFIAMIADKLRLKNKVS,4,281,100,TRUE,4,281,100,TRUE,4,281,100,TRUE
NP_390302.1,267,224308,Bacillus_subtilis_sub_subtilis_168,1-267,Bacteria,Terrabacteria group,Firmicutes,Bacilli,Bacillales,Bacillaceae,Bacillus,Bacillus subtilis,Bacillus subtilis subsp. subtilis,Bacillus subtilis group,MEKIKVCVADDNRELVSLLSEYIEGQEDMEVIGVAYNGQECLSLFKEKDPDVLVLDIIMPHLDGLAVLERLRESDLKKQPNVIMLTAFGQEDVTKKAVDLGASYFILKPFDMENLVGHIRQVSGNASSVTHRAPSSQSSIIRSSQPEPKKKNLDASITSIIHEIGVPAHIKGYLYLREAISMVYNDIELLGSITKVLYPDIAKKFNTTASRVERAIRHAIEVAWSRGNIDSISSLFGYTVSMTKAKPTNSEFIAMVADKLRLEHKAS,0,267,81.27,TRUE,0,267,81.27,FALSE,0,267,81.27,TRUE
YP_001087707.1,274,272563,Clostridioides_difficile_630,1-274,Bacteria,Terrabacteria group,Firmicutes,Clostridia,Eubacteriales,Peptostreptococcaceae,Clostridioides,Clostridioides difficile,NA,NA,MGGFLVEKIKIVLADDNKDFCQVLKEYLSNEDDIDILGIAKDGIEALDLVKKTQPDLLILDVIMPHLDGLGVIEKLNTMDIPKMPKIIVLSAVGQDKITQSAINLGADYYIVKPFDFVVFINRIRELVSNRVTQVEPKPRPVQETQMTRSDFVKNVGNIETEITNIIHEIGVPAHIKGYLYLREAIKMVIDNVELLGAVTKELYPSIAKKFNTTPSRVERAIRHAIEVAWSRGKVDTINQLFGYTVHNTKGKPTNSEFIAMIADKLRLEHSMVK,5,274,89.78,TRUE,5,274,89.78,FALSE,5,274,89.78,TRUE
WP_011231869.1,259,235909,Geobacillus_kaustophilus_HTA426,1-259,Bacteria,Terrabacteria group,Firmicutes,Bacilli,Bacillales,Bacillaceae,Geobacillus,Geobacillus kaustophilus,NA,Geobacillus thermoleovorans group,MSIKVCIADDNRELVTLLDEYISSQPDMEVIGTAYNGQDCLHMLEEKRPDILLLDIIMPHLDGLAVLEKVRAGCEHQPSVIMLTAFGQEDVTKKAVELGASYFILKPFDMENLVHHIRQIHGKTAPMVRKTGSAYQARDNKPKNLDASITSIIHEIGVPAHIKGYLYLREAIAMVYHDIELLGSITKVLYPDIAKKYNTTASRVERAIRHAIEVAWSRGNLESISSLFGYTVSVSKAKPTNSEFIAMVADKLRLEHKAS,0,259,79.54,FALSE,0,259,79.54,FALSE,0,259,79.54,FALSE
WP_011195960.1,259,292459,Symbiobacterium_thermophilum_IAM_14863_IAM14863,1-259,Bacteria,Terrabacteria group,Firmicutes,Clostridia,Eubacteriales,Symbiobacteriaceae,Symbiobacterium,Symbiobacterium thermophilum,NA,NA,MSAHKVRLLVCDDNRDFCALLQEYFALQPDMEVVGVAHNGLDAVAAIQEQQPDVVLLDIIMPYMDGIGVLEQLARTKLSARPRILMLSAFGQEAIARRVMAMGADYYVVKPVDLEILAARVRQLAWGDALADSPRVPPASHAAGHTLDEVHALLRALGIPPHLKGYRYLGDAILLVLEQPELLGAVTKGLYPAVARSHGTTASRVERAIRHAVGMAWDRGLEPLRKLFRRGAEGRRTKPSNSEFIAAVVDRLRAGSAAG,24,259,100,TRUE,24,259,100,TRUE,24,259,100,TRUE
WP_043712978.1,252,292459,Symbiobacterium_thermophilum_IAM_14863_IAM14863,1-252,Bacteria,Terrabacteria group,Firmicutes,Clostridia,Eubacteriales,Symbiobacteriaceae,Symbiobacterium,Symbiobacterium thermophilum,NA,NA,MVEGRTTVLIANDNHEERQRLMDKFDGMSEFTVVGEARHGLEAVELVRTLRPDLLILDDVLPHLDGLGVLAELGPEGRPHVLLLLSCASDLLVQHYYEKGASYCLLRPVQPDLVAERALLVCGHPAASQTSSAGRTVPSPRTIAELLRRSGVPAHLQGYRFLKDAVQYVLSTNKTTCGMTKELYPHIARLHGTQPNRVERSIRHAIEVAWGRADINDLQRLFGSTVHHVRGKPTNAEFVAMLADHLRGAVGS,27,252,100,TRUE,27,252,100,TRUE,27,252,100,TRUE
WP_011460261.1,272,138119,Desulfitobacterium_hafniense_Y51,1-272,Bacteria,Terrabacteria group,Firmicutes,Clostridia,Eubacteriales,Desulfitobacteriaceae,Desulfitobacterium,Desulfitobacterium hafniense,NA,NA,MQKPIRVLLADDNREFVEVLKEYIVRQPDMQLVGIAYHGNEALDLIYREQPDLVILDIIMPHLDGLGVLEKLQDDIKKPRVIILTAFGQENMTQRAVQLGADYFILKPFDLETLGKRIRQLQGLIPLVKYESPGNGAATASPIAATSSSSAIGANTRNLEVEVTRMIHQMGVPAHVKGYQYLRDAIVCVVQEVSLLGAVTKELYPMIAEKYNTTPSRVERAIRHAIELAWDRGNIEFMNRFFGYTINVDRGKPTNSEFIAMVADKLRMAKML,12,272,75.74000000000001,FALSE,12,272,75.74000000000001,FALSE,12,272,75.74000000000001,FALSE
WP_015944338.1,264,138119,Desulfitobacterium_hafniense_Y51,1-264,Bacteria,Terrabacteria group,Firmicutes,Clostridia,Eubacteriales,Desulfitobacteriaceae,Desulfitobacterium,Desulfitobacterium hafniense,NA,NA,MGRKIKIVVADDNRNLCQMLQDFLQSQDDLEVIGIAYNGVEAWDLIQSQEPDLVIIDLVMPSLDGLGVLERINGRTTASRPKVIMLTAFGQESLTHQAMILGVDYFILKPFDLEILGKRIRSLTQSAPSSSTPMTSAVNAVTNAGTSVNLGAEVTNMMHQIGIPAHVKGYQYIRDAILMVVEDVSLLGAVTKELYPAIAKKYDTAPSRVERGIRHAIELAWERGHTETLKRIFGYSMNIERQKPTNSEFVALLADKLRVMSKVS,8,264,82.58,FALSE,8,264,82.58,FALSE,8,264,82.58,FALSE
WP_012686044.1,262,358681,Brevibacillus_brevis_NBRC_100599_NBRC_100599_47,1-262,Bacteria,Terrabacteria group,Firmicutes,Bacilli,Bacillales,Paenibacillaceae,Brevibacillus,Brevibacillus brevis,NA,NA,MSKIEVLLADDNREFVNLLEEYISSQYDMNVVGVAYNGNEVVRLLQERVPDVLILDIIMPHLDGLAVLEQIQAMRLSPQPKIIMLTAFGQEEITKKAVELGAAYYILKPFDMEVLAQRIRQIITTKPASSFVSSAKPQATLQIRGRNLDASITSIIHEIGVPAHIKGYLYLREAITMVYNDVELLGSITKVLYPDIAKKFNTTAIRVERAIRHAIEVAWSRGNLDSISSLFGYTISNTKAKPTNSEFIAMVADKLRIEAKIS,2,262,72.9,FALSE,2,262,72.9,FALSE,2,262,72.9,FALSE
WP_012657068.1,223,458233,Macrococcus_caseolyticus_JCSC5402,1-223,Bacteria,Terrabacteria group,Firmicutes,Bacilli,Bacillales,Staphylococcaceae,Macrococcus,Macrococcus caseolyticus,NA,NA,MVLKVAIIDDSRELALSIKSHLEQYDMKVVGMCHNGKDAVHMIETCDFDLLLLDLILPYIDGIGLLEKYIPRSHDYKIICLSAFGKDSILSEAMSLGVDYFILKPINFDNFISRIYQICNMDFVNHTDQLLNNLGFNNKHKGTRYLKDALDIVNSHPTEKIQLTIKLYPEIAELHQVKPANVERSIRHAIEKAWSNGLEQIFNEQGRYVKPTIGELIKFLKDG,18,223,100,TRUE,18,223,100,TRUE,18,223,100,TRUE
WP_010898921.1,267,272558,Bacillus_halodurans_C-125,1-267,Bacteria,Terrabacteria group,Firmicutes,Bacilli,Bacillales,Bacillaceae,Halalkalibacterium (ex Joshi et al. 2022),Halalkalibacterium halodurans,NA,NA,MQKVKVCIADDNRELVNLLNDYVSAQDDMEVVGVAFNGQECLSIVEERQPDVLILDIIMPHLDGLAVLEKLPYMNLQTKPNIIMLTAFGQEDVTKKAVDLGASYYVLKPFDMEILINNIREVSGQKRSFVQNTASNHSSFAQPKKPEANVFNLDASITNIIHEIGVPAHIKGYMYLREAITMVYNDIELLGSITKVLYPDIAKKFNTTSSRVERAIRHAIEVAWSRGNIDSISNLFGYTVSVSKAKPTNSEFIAMVADKLRIEHKVS,0,267,73.03,FALSE,0,267,73.03,FALSE,0,267,73.03,FALSE
WP_011066269.1,260,221109,Oceanobacillus_iheyensis_HTE831,1-260,Bacteria,Terrabacteria group,Firmicutes,Bacilli,Bacillales,Bacillaceae,Oceanobacillus,Oceanobacillus iheyensis,NA,NA,MEKISVCLVDDNKELIEMMEDYFSEQHDIEVIGTAFNGRDCISMLEEKNPDVLILDIIMPHIDGLAVLNSIKSMNLTPKPNVIMLTAFGQEEVMKKAVDLGASYFILKPFDLSNLADQIRQVQGTTVTSSPTVSKTAKVEKKKQDLEANITNIIHEIGVPAHIKGYMYLREAITMVYNDIELLGSITKVLYPDIAKKFNTTASRVERAIRHAIEVAWSRGNIDSISALFGYTINISKAKPTNSEFIAMVADRLRLEHKVS,0,260,73.46000000000001,FALSE,0,260,73.46000000000001,FALSE,0,260,73.46000000000001,FALSE
WP_011344870.1,263,246194,Carboxydothermus_hydrogenoformans_Z-2901,1-263,Bacteria,Terrabacteria group,Firmicutes,Clostridia,Thermoanaerobacterales,Thermoanaerobacteraceae,Carboxydothermus,Carboxydothermus hydrogenoformans,NA,NA,MDPIRIVIIDDNREFCELLKEFINQQEDFFLAGIAHNGVDGLEVIAQQKPDIVVLDIIMPHLDGIGVLEKLTEFEDRPKVILLTAFGQESITQKAVELGADYYILKPFDFSVLAARIRQLAQGTVASKPITASNTTSVLSSQLPKTKNLELLVTNIIHEMGVPAHIKGYHYLRDAILMVTKEVNLLGAITKELYPMIAQKYHTTPSRVERATRHAIELAWDRGNIELINKYFGYTIDVERGKPTNSEFIAIIADRLRLEAKVS,1,263,100,TRUE,1,263,100,TRUE,1,263,100,TRUE
YP_430357.1,256,264732,Moorella_thermoacetica_ATCC_39073,1-256,Bacteria,Terrabacteria group,Firmicutes,Clostridia,Thermoanaerobacterales,Thermoanaerobacteraceae,Moorella,Moorella thermoacetica,NA,NA,MEAIKVLIADDNREFCEVLEEYFNEQEDFVLSGVAHNGQETLELIQEQEPDIVILDIIMPHLDGIGVLEKLQVLNFEPRPKIVILTALGQESMTMRSVELGADYYILKPFDLEVLGNRLRQLANGHPLPTAPSQVSRAGRNMDVEVTKIIHQMGVPAHIKGYQYLREAILMVIDDVSLLGAVTKELYPLIARKYMTTPSRVERAIRHAIELAWDRGNVEMMNKFFGYTINVERGKPTNSEFIAMVADKLRIGAKIN,6,256,73.44000000000001,FALSE,6,256,73.44000000000001,FALSE,6,256,73.44000000000001,FALSE
WP_003451549.1,276,195103,Clostridium_perfringens_ATCC_13124,1-276,Bacteria,Terrabacteria group,Firmicutes,Clostridia,Eubacteriales,Clostridiaceae,Clostridium,Clostridium perfringens,NA,NA,MKESKISVLIADDNKEFCNILNDYLLSQRDIVVTGIAKDGLEALKLIEEKQPDLVVLDIIMPHLDGLGVLERINSLGLEKTPRVIVLSAVGQDKITQRAITLGADYYVVKPFDMDVFTERIRQMFNSTISEEPTNSKPTISVVEGSKSEDSSSDDNKEPMDLEVEITSIIHEIGVPAHIKGYMYLREAITMVVNDMELLSAITKELYPSIAKKYNTTASRVERAIRHAIEVAWGRGQIDAINKIFGHTIHNDKGKPTNSEFIAMVADKLRLKNKVS,4,276,77.54,FALSE,4,276,77.54,FALSE,4,276,77.54,FALSE
WP_011640024.1,268,335541,Syntrophomonas_wolfei_sub_wolfei_Goettingen_G311,1-268,Bacteria,Terrabacteria group,Firmicutes,Clostridia,Eubacteriales,Syntrophomonadaceae,Syntrophomonas,Syntrophomonas wolfei,Syntrophomonas wolfei subsp. wolfei,NA,MFSEANRIKILIADDNREFCGILRDYFNNDSDFEIVGICNNGTEVLEIIEKTPIEVLILDLIMPYMDGIGVLERINELNIEPRPRIIILTAFGQENITQKAVQLGADYYILKPFNLQVLGDRVKQLVRDVPPRVENRSTGSSVVSSRPGAGKDMEIEVTKVIHEIGVPAHVKGYQYLRDAIMLVVAEINYLGAVTKELYPTIAQKYDTTPSRVERAIRHAIELAWDRGDLDKINKFFGYTVSGEKGKPTNSEFIAIIADRLRLENKVS,15,268,100,TRUE,15,268,100,TRUE,15,268,100,TRUE
WP_003511566.1,269,203119,Hungateiclostridium_thermocellum_ATCC_27405,1-269,Bacteria,Terrabacteria group,Firmicutes,Clostridia,Eubacteriales,Oscillospiraceae,Acetivibrio,Acetivibrio thermocellus,NA,NA,MKGEISVLIADDNVEFAKLLKEYMNQYEDIEVLELAKDGLQAIEMIISKKPDVVVLDIIMPNLDGLGVLERLSTMQLEYRPIFIMLSAIGQDVFVQRAVNLGAEYYIIKPFDVEVLVTRIRQLYREKTTSVFSNKPIIKNSELLSSNVDKNYDLEVEVTNLMHEVGIPPHMAGYQYLREAVIQTVKNSKVFTSVTKNLYPAVAEKYNTTPQKVERAIRNAIESAWARGNPDTVDALFGYTINYSKGKPTNSECIAMMADKIRITMGLRP,40,269,100,TRUE,40,269,100,TRUE,40,269,100,TRUE
WP_003518718.1,269,203119,Hungateiclostridium_thermocellum_ATCC_27405,1-269,Bacteria,Terrabacteria group,Firmicutes,Clostridia,Eubacteriales,Oscillospiraceae,Acetivibrio,Acetivibrio thermocellus,NA,NA,MTSNKIRVVIADDNREFGDILYEYLNNQEDIEVVGVARDGIEAYELIVEKLPDIAILDIIMPHLDGLGVLEKIGATAISKRPLFIILSAVGQDKITQRALALGAEYYVVKPFDMEVLISRIRQLKNVNQPNVIRQDGLSGEVKSSYHPPQPKNLEAEVTNIMHEIGVPAHIKGYQYLRDAIIMVVKDLDVINSITKQLYPTIAKEYNTTPSRVERAIRHAIEVAWSRGQIDTIDSLFGYTINVGKGKPTNSEFIAMVADKLRLEMKMAT,10,269,75.46000000000001,FALSE,10,269,75.46000000000001,FALSE,10,269,75.46000000000001,FALSE
WP_011917421.1,267,351627,Caldicellulosiruptor_saccharolyticus_DSM_8903,1-267,Bacteria,Terrabacteria group,Firmicutes,Clostridia,Thermoanaerobacterales,Thermoanaerobacterales Family III. Incertae Sedis,Caldicellulosiruptor,Caldicellulosiruptor saccharolyticus,NA,NA,MEKLRVVIADDNRQFNMLLTEVFNSQPDFMVVGNSYDGVETLKVVEEQKPDLLMLDIIMPYLDGIGVIENLSTMKTKPNIIVISAVGQENISQKAVNMGALYYFVKPFDLNVMIERVRQLVFNLPVKKELPEVIINQSSTKNSISQVDLESEVSEILKELGIPAHVRGYQFLRDAIIEATLDADLINGITKALYPLIAEKYNTTPTRVERAIRHAIEISSTRGRVDALYKYFGYSTSQERGKPTNAEFIALISDKLRLKLKKSSKAK,53,267,100,TRUE,53,267,100,TRUE,53,267,100,TRUE
WP_012063641.1,265,293826,Alkaliphilus_metalliredigens_QYMF,1-265,Bacteria,Terrabacteria group,Firmicutes,Clostridia,Eubacteriales,Clostridiaceae,Alkaliphilus,Alkaliphilus metalliredigens,NA,NA,MKNNIKVLIADDNKDFCDILKEYLQRQADIEVVGIAKDGLEAVELIQEMTPDLVVLDIIMPHLDGLGVLERLNKLNLESFPKVIILSAVGQDKITQRAINLGADYYVIKPFDFEVFIERIREMTSGISLPTENRRYNMSGQTPLVTNNRSLEAEITNIIHEIGVPAHIKGYLYLREAITMVVEDVGLLSAVTKELYPSIGKRFNTTSSRVERAIRHAIEVAWSRGKVDTINNLFGYTVHNDKGKPTNSEFIAMVADKLRLEQRIG,4,265,68.3,FALSE,4,265,68.3,FALSE,4,265,68.3,FALSE
WP_012302698.1,256,477974,Candidatus_Desulforudis_audaxviator_MP104C,1-256,Bacteria,Terrabacteria group,Firmicutes,Clostridia,Eubacteriales,Peptococcaceae,Candidatus Desulforudis,Candidatus Desulforudis audaxviator,NA,NA,MPKETIRILIADDNREFCETLKDFIQQQDDFELLGIAHNGLEAVDRIDQGKPDVVVLDIIMPHLDGIGVLEKLATSHSGHRPKIIMLTAFGQQNVTQRAVELGADYFILKPFDFSVLATRIRQLANGVCVTPYVAVVKEKNMDVAVTNIIHEMGVPAHIKGYHYLRDAILMVIEEISLLGAVTKELYPMIAQKYNTTASRVERAIRHAIELAWDRGNVEMMNKFFGYTINLERGKPTNSEFIAMIADKLRIESKVS,1,256,73.44000000000001,FALSE,1,256,73.44000000000001,FALSE,1,256,73.44000000000001,FALSE
WP_012200511.1,266,357809,Lachnoclostridium_phytofermentans_ISDg,1-266,Bacteria,Terrabacteria group,Firmicutes,Clostridia,Eubacteriales,Lachnospiraceae,Lachnoclostridium,Lachnoclostridium phytofermentans,NA,NA,MGKISVVIVDDNIRMLNLLEEVLKNDNDVEVIGRAENGLEALEVIKDKNPDVVLLDLIMPKLDGLGVMEKIKKSSEFKKAPSFIVITAIGQERVTENAFELGASYYILKPFDNNTVLSRIKQLKADYHIKLVDNHKLNTFDNPAAYKEKNLESDVTNIIHEIGVPAHIKGYQYLRDAIMMSVDDTEMLNSITKQLYPSIAKRHKTTPSRVERAIRHAIEVAWSRGKMDTIDDLFGYTVSNGKGKPTNSEFVALIADKIRLEYKLRM,9,266,78.95,FALSE,9,266,78.95,FALSE,9,266,78.95,FALSE
WP_012574606.1,259,491915,Anoxybacillus_flavithermus_WK1,1-259,Bacteria,Terrabacteria group,Firmicutes,Bacilli,Bacillales,Bacillaceae,Anoxybacillus,Anoxybacillus flavithermus,NA,NA,MSTIKVCIADDNRELVHLLEEYITSQGDMEVIGVAYNGQDCLQLLRDRDPDVLVLDIIMPHLDGLAVLEKLRIIKQPLPNVIMLTAFGQEDVTKKAVELGASYFILKPFDIEHLVNQIRRVCGKKPAVLKRPLLAPIRDGKPKNLDASITNIIHEIGVPAHIKGYLYLREAIAMVYNDVELLGSITKVLYPDIAKKYNTTASRVERAIRHAIEVAWSRGNLESISSLFGHTVSMSKAKPTNSEFIAMVADRLRLEHKAS,0,259,80.31,FALSE,0,259,80.31,FALSE,0,259,80.31,FALSE
WP_012281629.1,260,498761,Heliobacterium_modesticaldum_Ice1_ATCC_51547,1-260,Bacteria,Terrabacteria group,Firmicutes,Clostridia,Eubacteriales,Heliobacteriaceae,Heliomicrobium,Heliomicrobium modesticaldum,NA,NA,MLKNIRLIIADDNKEFCDILRDYISQQEDMELVGVANNGQEALKLIQQEEPDLIILDIIMPHMDGIGVLEGMVGMALAKRPRTIILTAFGQESMTQRAVQLGADYFILKPFDLEILGNRIRQLTNGSAPASTPQPSPSPIIRPRNMDVEVTNIIHQMGVPAHIKGYQYLRDAILMVINEVSLLGAVTKELYPMIAQKYTTTPSRVERAIRHAIELAWDRGNVEMMSKFFGYTINLERGKPTNSEFIAMVADKLRLGQKVG,6,260,100,TRUE,6,260,100,TRUE,6,260,100,TRUE
WP_012448131.1,280,457570,Natranaerobius_thermophilus_JWNM-WN-LF,1-280,Bacteria,Terrabacteria group,Firmicutes,Clostridia,Natranaerobiales,Natranaerobiaceae,Natranaerobius,Natranaerobius thermophilus,NA,NA,MLIDILIVDDNKEFCEILKDYLAEHDDFNVVGTAHNGEEAIEKIKQSPPDILLLDIIMPILDGIGVLEYLQKEDFENKPKTIMLTAFGHEKITQRAVSLGADYYILKPFSMDILADRIKQLYSGFGMSKPEIDNLAATDDSKEMVLQDSQNIGNSINPENNKVDLEAEITDIIHELGVPAHIKGYLYLRKAIMMVIEDPDLLNSVTKILYPKIAETFETTPSRVERAIRHAIEVAWNRNDIETIKNLFGYTINTEKGKPTNSEFIAIVADKLRLKTKQRA,41,280,100,TRUE,41,280,100,TRUE,41,280,100,TRUE
WP_012635604.1,262,373903,Halothermothrix_orenii_H_168_DSM_9562,1-262,Bacteria,Terrabacteria group,Firmicutes,Clostridia,Halanaerobiales,Halanaerobiaceae,Halothermothrix,Halothermothrix orenii,NA,NA,MEDNVRILLVDDNKEFCQLLEEYLEEQEKFEVVGTAHNGVDALELLKSKEPDVLVLDLIMPHLDGIGVMEEMNRSRIGGDVKTIILTTFGQEEVTQRVVELGANYYIMKPFDLDKLVERINQLMTPPSGSSGGYAISQNNSRNSGVDLNVRITEILHQLGVPAHIKGYLYLREAIELVIKNVELLGAVTKELYPSVAERYNTTPSRVERAIRHAIEVCWDRGNVSVLNKYFGSTVSSNSGKPTNSQFIAKIADKLRLEIMAS,7,262,65.64999999999999,FALSE,7,262,65.64999999999999,FALSE,7,262,65.64999999999999,FALSE
WP_012743490.1,262,515619,Eubacterium_rectale_ATCC_33656,1-262,Bacteria,Terrabacteria group,Firmicutes,Clostridia,Eubacteriales,Lachnospiraceae,NA,[Eubacterium] rectale,NA,NA,MENQRELTVLLIEDDKFACEEIRNYIDQLDDMRLLGITDDSNKALDMVKYCVPDAIILDLELHEGGGNGLFFLSKLHDLALEKLPYILITTQNTSNVTLEAARQLGADFIITKYERDYSAQKPVELLRMMRNAIQKHSSPDTTVPTLTPAEQNRKLTIRIHRELDAVGISPKAIGYEYLTEAIIIATKEAVPNLPKLIADNHHGKTPASIERAMQNAINKAWSNGNPEDLARNYTAVINYERGVPTLTEFIYHYANKFRNEL,23,262,100,TRUE,23,262,100,TRUE,23,262,100,TRUE
WP_015925347.1,281,394503,Ruminiclostridium_cellulolyticum_H10_ATCC_35319,1-281,Bacteria,Terrabacteria group,Firmicutes,Clostridia,Eubacteriales,Oscillospiraceae,Ruminiclostridium,Ruminiclostridium cellulolyticum,NA,NA,MSSKKIEVLIADDNREFGDILCEYLSNQEDIEVVGLARDGFEAVDLILQNTPDIAILDIIMPHLDGLGVLEKIASSNLEKKPLFIVLSAVGQDKITQRALSLGAEYYIVKPFDMDVLVSRIRQLKDNTYLSSASTSTSMNSSISQHKSDTFITEKKPAHINNTSRSLEVEVTNVMHEIGVPAHIKGYQYLRDAIMMVVKDLDVINSITKLLYPSIAKEYNTTPSRVERAIRHAIEVAWSRGQVEAIDALFGYTVNIGKGKPTNSEFIAMIADKLRLELKVS,10,281,100,TRUE,10,281,100,TRUE,10,281,100,TRUE
WP_015925844.1,251,394503,Ruminiclostridium_cellulolyticum_H10_ATCC_35319,1-251,Bacteria,Terrabacteria group,Firmicutes,Clostridia,Eubacteriales,Oscillospiraceae,Ruminiclostridium,Ruminiclostridium cellulolyticum,NA,NA,MSKIRILIADDNLLAAQTLRDNLNEYDDFEVTNIAQDGFEAIELIEKDSPDVVLLDIIMPKLDGIGVLEYAGTLTKESRPVFIVFSAISQEIYISRAMNLGANYYIIKPFDESVIATRVRQLYSDSERAQIGKSQYTYKIRNNYKQKNQSDNELKLLATKYMRECGLKAHMTGYSYIRDIITAAFDYYCKTGSLPKGVYRTIAEKNGVPVQKVERAIRNCIEKGIDGSEEGKKPTNSQVLCQIIDKIRKNN,33,251,100,TRUE,33,251,100,TRUE,33,251,100,TRUE
WP_042317062.1,256,485916,Desulfofarcimen_acetoxidans_DSM_771,1-256,Bacteria,Terrabacteria group,Firmicutes,Clostridia,Eubacteriales,Peptococcaceae,Desulfofarcimen,Desulfofarcimen acetoxidans,NA,NA,MMRKAIKLLIADDNREFCELMKDFFSKQDDLEICGIAYNGLEAIDIIKEHKPDIAILDIIMPHLDGIGVLEKLASGIVSKRPKVIMLTAFGQESVTQRAVELGADYYVLKPFDFSVLATRVRQLSDGITVNQYISVSKPKNLDVAVTNIIHEMGVPAHIKGYHYLRDAILMVINEVNLLGAVTKELYPMIAEKYHTTPSRVERAIRHAIELAWDRGNVEMMTKYFGYTINLDRGKPTNSEFIAMVADKLRIEAKVS,1,256,71.88,FALSE,1,256,71.88,FALSE,1,256,71.88,FALSE
WP_015739371.1,257,429009,Ammonifex_degensii_KC4,1-257,Bacteria,Terrabacteria group,Firmicutes,Clostridia,Thermoanaerobacterales,Thermoanaerobacteraceae,Ammonifex,Ammonifex degensii,NA,NA,MSESIRILLVDDNRELIEALKEFFSSQPDFELVGVAYNGQEALELIEKSRPDVVVLDLIMPHLDGIGVLEKFSGETNSYKPKFVILTALGQESVAQKAAELGASYYVVKPFSFSVLANRIRQLKADYQAPVAAPRASSPRSLDVAVTNIIHELGVPAHVKGYHYLRDAIIMVVNDVNLLGGITKELYPAIAAKYNTTPSRVERAIRHAIELAWDRGSVEAFTKFFGYTINRAKGKPTNSEFIAMVADRLRLECNKVS,30,257,100,TRUE,30,257,100,TRUE,30,257,100,TRUE
WP_012995164.1,260,580331,Thermoanaerobacter_italicus_Ab9,1-260,Bacteria,Terrabacteria group,Firmicutes,Clostridia,Thermoanaerobacterales,Thermoanaerobacteraceae,Thermoanaerobacter,Thermoanaerobacter italicus,NA,NA,MVKKVRVGIADDNKEFATILAEYLSTQENIEVVGVANDGNQAIELIKDHSPDLLILDIIMPYLDGIGVLEKINEEQLKKPKILVLSAVGQEKITQRAIALGADYYILKPFDLAMLSKRISEIMEPELDVVSKTVFPVVKAKKNYDLEAMITEIIHEVGVPAHIKGYMYLRDAISLVISNMEYLNSVTKMLYPKIAEKYNTTPSRVERAIRHAIEVAWSRGKTEVLNELFGYTINDEKGKPTNSEFIALIADKLRLGMKAG,11,260,92.31,FALSE,11,260,92.31,FALSE,11,260,92.31,FALSE
YP_001254374.1,273,413999,Clostridium_botulinum_A_ATCC_3502,1-273,Bacteria,Terrabacteria group,Firmicutes,Clostridia,Eubacteriales,Clostridiaceae,Clostridium,Clostridium botulinum,NA,NA,MEETKINVIIADDNKEFCNILSDYLLNQRDIMVTGIANDGVEALKLVEEKKPDLIILDIIMPHLDGLGVLEKLNSIDITPMPRVIVLSAVGQDKITQRAINLGADYYVVKPFDMDVFTKRIRQMFNNTISSEEVRRPVVMPETCSQEKISLSKNEPADLEQEITDIIHEIGVPAHIKGYMYLREAITMVVNDMELLSAVTKELYPSIAKKYNTTASRVERAIRHAIEVAWSRGQVETINNIFGYTINNGKGKPTNSEFIAMVADKLRLKNRVC,4,273,79.49000000000001,FALSE,4,273,79.49000000000001,FALSE,4,273,79.49000000000001,FALSE
WP_041433299.1,257,643648,Syntrophothermus_lipocalidus_DSM_12680,1-257,Bacteria,Terrabacteria group,Firmicutes,Clostridia,Eubacteriales,Syntrophomonadaceae,Syntrophothermus,Syntrophothermus lipocalidus,NA,NA,MLDNPINVVLADDNKEFCGILKDFFTSVSDFNVVDVCSNGLEVLEVLEQKPVDVLLLDLIMPHMDGIGVLEKMRDFKGRQRPKVIILTAFGQENITQRAVQLGADYYILKPFNLQVLGERVRQVARNRSDSVPKPVPVTKRDLEIEITRIIHEIGVPAHVKGYQYLRDAIILVVDEISYLGAITKELYPAIAMKYGTTPSRVERAIRHAIELAWDRGDIEKLNKLFGYTVNGDRGKPTNSEFIAIIADRLRLETKVS,15,257,71.98,FALSE,15,257,71.98,FALSE,15,257,71.98,FALSE
WP_041304884.1,264,562970,Kyrpidia_tusciae_DSM_2912,1-264,Bacteria,Terrabacteria group,Firmicutes,Bacilli,Bacillales,Alicyclobacillaceae,Kyrpidia,Kyrpidia tusciae,NA,NA,MTPIRVLIGDDNKEFAQLLQDYIDSLPDMQVIGLAFNGREVVDCIETLQPDVVILDIIMPVLDGIGVLEKVAPLERENMPKFIMLTAFGQEGITKRAVDLGAAYYILKPFDMEILANRIRQVSTGSAPGASSGAQSMGGGGWQGQGKRSVDSDITQIIHEIGVPAHIKGYQYLREAISMVYQDVEILGSITKVLYPRIAEKYNTTPSRVERAIRHAIEVAWGRGNVDAIGSVFGYTVNMGKSKPTNSEFIAMVADRLRLNARTG,13,264,100,TRUE,13,264,100,TRUE,13,264,100,TRUE
WP_013120552.1,256,635013,Thermincola_potens_JR,1-256,Bacteria,Terrabacteria group,Firmicutes,Clostridia,Eubacteriales,Thermincolaceae,Thermincola,Thermincola potens,NA,NA,MVLFKTINIVIADDNREFCELLKEFISQEEDFNLVGVANNGVEAVEIITREKPDVVVLDIIMPHLDGIGVLEKLASSGMSPKPKVIMLTAFGQETVTQRAIELGADYYILKPFDFSVLATRIRQLAEGETVPTYTPPVKTKKLDVAVTNIIHEMGVPAHIKGYQYLRDAILMVVEEVNLLGAVTKELYPMIAQKYSTTPSRVERAIRHAIELAWDRGNVEMMNRFFGYTINLERGKPTNSEFIAMVADKLRISKVS,1,256,73.44000000000001,FALSE,1,256,73.44000000000001,FALSE,1,256,73.44000000000001,FALSE
WP_013276089.1,261,555079,Thermosediminibacter_oceani_DSM_16646,1-261,Bacteria,Terrabacteria group,Firmicutes,Clostridia,Thermosediminibacterales,Thermosediminibacteraceae,Thermosediminibacter,Thermosediminibacter oceani,NA,NA,MNDKKRILLVDDNKEFCDLLEEYFSGEDDMEVVGKAYNGLEALEKVQELNPDLVVLDIIMPNLDGLGVIEKLANSDKRPKIIVLSAVGQDKITQKAINLGADYYVVKPFDLKILVERIRELVTSNTGQKKTRTANNTPDKRKDSNLEMEITNIIHEIGIPAHIKGYFYLREAIAMVVNNVELLGAVTKVLYPTIANKYNTTPSRVERAIRHAIEVAWNRGCIETINNLFGYTIPKDKGKPTNSEFIAMISDKLRMEQKAIS,17,261,71.64999999999999,FALSE,17,261,71.64999999999999,FALSE,17,261,71.64999999999999,FALSE
WP_013278677.1,262,574087,Acetohalobium_arabaticum_DSM_5501,1-262,Bacteria,Terrabacteria group,Firmicutes,Clostridia,Halanaerobiales,Halobacteroidaceae,Acetohalobium,Acetohalobium arabaticum,NA,NA,MEKDNTKVLLVDDNKEFCQLVREFIEEQENMEVIGVGNNGLEALDLIEEKDPDVVILDIIMPHLDGIGVLEELKEDGKINDLKVIMLTAFGQEELTQKVVELGANYYILKPFDLEKLVDRIEQLMTPVGQQGGVTATANATTDKSQNLDVRITDIMHEIGVPAHIKGYLYLREAIGMVVEEVELLGAITKELYPLVARKFNTTPSRVERAIRHAIEVAWERGNTEAINKLFGHSVSTESGKPTNSQFIAKIADKLRLEIKAS,7,262,73.66,FALSE,7,262,73.66,FALSE,7,262,73.66,FALSE
WP_013371763.1,267,886882,Paenibacillus_polymyxa_SC2,1-267,Bacteria,Terrabacteria group,Firmicutes,Bacilli,Bacillales,Paenibacillaceae,Paenibacillus,Paenibacillus polymyxa,NA,NA,MQKIEVLLADDNREFTNLLAEYISDQEDMEVTGIAFNGEEVLQRIAESRNIPDVLILDIIMPHLDGLGVLERLREMNLTPQPKIIMLTAFGQENITQRAVQLGASYYILKPFDMEVLANRIRQLVGPQLVSNSPVTVSSMRSNVVPMGKTKNLDASITAIIHEIGVPAHIKGYQYLREAITMVYNNIEILGAITKTLYPAIAEKFKTTASRVERAIRHAIEVAWTRGNIDSISHLFGYTINISKSKPTNSEFIAMVADKLRIENKVS,2,267,83.14999999999999,FALSE,2,267,83.14999999999999,FALSE,2,267,83.14999999999999,FALSE
WP_013405893.1,261,656519,Halanaerobium_hydrogeniformans,1-261,Bacteria,Terrabacteria group,Firmicutes,Clostridia,Halanaerobiales,Halanaerobiaceae,Halanaerobium,NA,NA,NA,MEKIGVFIVDDNKEFCQLLAEFLEMNEDFNVGGIAHNGEEALELLEENEIPDVLIIDLIMPHLDGMGVLEELNGDDRVSEMKIIALTAFGHDQMMKKVIQLGVDYYIMKPFDLDKLAMRIRQLMEPEIESQKSVKYQGKKEKATKQDVTALITAILHEMAIPAHIKGYHYIRHAVELVIEDMDILGAVTKKLYPMVAEEFDSTSSRVERSIRHAIEVVWDRGNQKALEKYFANNMQEENNKPTNSQFIARIADKIKVENKV,20,261,100,TRUE,20,261,100,TRUE,20,261,100,TRUE
WP_013484656.1,261,663278,Ethanoligenens_harbinense_YUAN-3,1-261,Bacteria,Terrabacteria group,Firmicutes,Clostridia,Eubacteriales,Oscillospiraceae,Ethanoligenens,Ethanoligenens harbinense,NA,NA,MDKKLKVLVADNSAEMGQVCAATLRTYGMDVVTIAKDGQEVLDSLQGEVPEVVLMNAFMTRIDAIGVLKAVRRMNLSHRPVMIVMSTDNNGAISAQVMEAGADYFFPMPFDHDLLAERINQLAGGEKELHTASAKPLTASYDSSQDVEMIVTKIFHQIGVPAHIKGYHYLREAIMMAIHNIDIINSITKQLYPSVAKKYGTTSSRVERAIRHAIEVAWDRGDVDILNSYFGYTIHNSRGKPTNSEFIAMIADKLRLQLHIS,19,261,100,TRUE,19,261,100,TRUE,19,261,100,TRUE
WP_013656777.1,275,642492,Cellulosilyticum_lentocellum_DSM_5427,1-275,Bacteria,Terrabacteria group,Firmicutes,Clostridia,Eubacteriales,Lachnospiraceae,Cellulosilyticum,Cellulosilyticum lentocellum,NA,NA,MFDQKMKILIADDNKDFSDILMEFINRQEDMEVVNVAGNGEEACKLIQEVVPDIVILDVIMPYLDGIGVLERVDSMQLEKRPLFVMLSAVGQDKITERALALGAEYYIVKPFDMETLVNRIRQLKNMALSSSNASKNSTSTLTSSRQLLPKSKGMPTAHSLETEVTSVIHEIGVPAHIKGYQYLRDAIIMVINDMEILNSITKQLYPNIAKQYNTTPSRVERAIRHAIEVAWSRGKMDTIDKLFGYTVNNGKGKPTNSEFIALIADRLRLEMQVG,10,275,66.55,FALSE,10,275,66.55,FALSE,10,275,66.55,FALSE
WP_013497237.1,192,697329,Ruminococcus_albus_7_DSM_20455,1-192,Bacteria,Terrabacteria group,Firmicutes,Clostridia,Eubacteriales,Oscillospiraceae,Ruminococcus,Ruminococcus albus,NA,NA,MNMVMIEEKEELLSVKLAERLKKDGFFVVAHGTVLEIMNYIFEVKGTGGQPRHNGLRYELPAEYGEDTLYSYIKMTVSTPLERKVEDMTVDTVLSLGISRALRGYSYLAASITMCVACPDKLYSLNKDVYPEIARKYNVDVSCIERSIRHAICKAYSEDPEPMKKLFRRPIRRPKCQELIAECADIIRRIFY,21,192,100,TRUE,21,192,100,TRUE,21,192,100,TRUE
WP_013495575.1,270,644966,Thermaerobacter_marianensis_DSM_12885,1-270,Bacteria,Terrabacteria group,Firmicutes,Clostridia,Eubacteriales,Clostridiales Family XVII. Incertae Sedis,Thermaerobacter,Thermaerobacter marianensis,NA,NA,MVQAATAVAEPTPAASATPIRVLIADDNREFCELLADYLERQPDMELVGIAHDGQEVVERIQSAAPDVVLLDVIMPHLDGIGVLETLATMNLPRRPQVVMLTAFGQEAVSRRVAELGASYFVLKPFDLDVLADRIRQVAGSSTRAVRRAAAPTRDRNLEVEVTNLLHQIGIPAHIKGYFYLREAILRVVHRVELLGAVTKELYPAIAVKYDTTPSRVERAIRHAIEVAWNRGNMDVVNRLFGHTVHADRGKPTNSEFIAMVADRLRMDMK,36,270,100,TRUE,36,270,100,TRUE,36,270,100,TRUE
WP_013625039.1,270,645991,Syntrophobotulus_glycolicus_DSM_8271,1-270,Bacteria,Terrabacteria group,Firmicutes,Clostridia,Eubacteriales,Desulfitobacteriaceae,Syntrophobotulus,Syntrophobotulus glycolicus,NA,NA,MQQPIRVLLADDNRDFIEILREYVNNQEDMILSGVAYNGNDALEMIRTEEPDVVVLDIIMPHLDGLGVMEKFDLVPKRPRVIILTSFGQENMTHRAVQLGADYYILKPFDIDTLGKRIRQLVGYYDTVPLSSPIPAMTRSVFSSDSSLQTPLKAVNIDVEVTKMIQQMGVPAHVKGYQYLRDSIVAVIKEVALLGAVTKELYPMIAGKYNTTPSRVERAIRHAIELAWDRGNIEFMNKFFGYTINLDRGKPTNSEFIAMVADKLRIAEKV,12,270,68.14999999999999,FALSE,12,270,68.14999999999999,FALSE,12,270,68.14999999999999,FALSE
WP_013625248.1,264,645991,Syntrophobotulus_glycolicus_DSM_8271,1-264,Bacteria,Terrabacteria group,Firmicutes,Clostridia,Eubacteriales,Desulfitobacteriaceae,Syntrophobotulus,Syntrophobotulus glycolicus,NA,NA,MTNKVKIIVAEDNKNLCQILQDYIQRDDNFELVGMAYNGLEAWEQIQKQDPDLVIMDLVMPNLDGLEVLERINGRASINRPKIIMLTAFGHETLTHQAMVMGVDYFILKPFDLEILGKRIRTLTQDIEVTNTPPLQVCTSIATAGKAINLNVEVTTMMHQLGIPAHVKGYQYIRDAIMMVIEDVSLLGAVTKELYPAIAKKYNTAPSRVERGIRHAIELAWERGHMETLKRIFGYSMNIERQKPTNSEFIALLADKLRVMSKVG,8,264,76.52,FALSE,8,264,76.52,FALSE,8,264,76.52,FALSE
WP_013778454.1,263,1209989,Tepidanaerobacter_acetatoxydans_Re1,1-263,Bacteria,Terrabacteria group,Firmicutes,Clostridia,Thermosediminibacterales,Tepidanaerobacteraceae,Tepidanaerobacter,Tepidanaerobacter acetatoxydans,NA,NA,MSEKQEIRLLIADDNKEFCNLVVEFFENEEDIEIVGVAYDGLEVLEKTEKLEPEVLILDLIMPNLDGLGVIERLSNKPKKPKIIVLSAVGQDKITQKAINLGADYYIVKPFDLNILVDRVRQMVDSNFPSQYQMQKKDTGFSIDKKNNLELLITNIIHEIGIPAHIKGYFYVREAIYMVINNVDLLSAVTKELYPNIANKYNTTPSRVERAIRHAIEVAWNRGCVETLNNLFGYTTTKDRGKPTNSEFIAMISDKLRMELEAS,17,263,100,TRUE,17,263,100,TRUE,17,263,100,TRUE
WP_013781082.1,273,697281,Mahella_australiensis_50-1_BON,1-273,Bacteria,Terrabacteria group,Firmicutes,Clostridia,Thermoanaerobacterales,Thermoanaerobacterales Family IV. Incertae Sedis,Mahella,Mahella australiensis,NA,NA,MEDKIRVLLADDNKDFCDILAEYLNKQEDMEVVGIAYDGMEAIDLAARTDPNLMVLDIIMPHLDGLGVLERLNASDMEHMPKIIMLSAVGQDRITQKAIALGADYYIVKPFDIAMFLKRIREIFTEKNDDTYAKKPVLTSSFISRGDAVMRTDVSLENKITDLMHELGIPAHIKGYQFLREAITMVVSDMGLLSKITKQLYPTIAEKYNTTPSRVERAIRHAIEVAWSRGKPETLNKMFGYTIQVDKGKPTNGEFIAMIADKLRLDSKMIKLT,45,273,100,TRUE,45,273,100,TRUE,45,273,100,TRUE
WP_013843023.1,256,696281,Desulfotomaculum_ruminis_DSM_2154,1-256,Bacteria,Terrabacteria group,Firmicutes,Clostridia,Eubacteriales,Peptococcaceae,Desulforamulus,Desulforamulus ruminis,NA,NA,MIRKAIKVLIADDNREFCELLKEFINQQEDFMLAGIANNGLEALEIIQQQAPDVVVLDIIMPHLDGIGVLEKISSGVVNHKPKVIMLTAFGQESITQRAVELGADYYILKPFDFSVLATRIRQLAEGVAVTQYISTSKPRNLDVAVTNIIHEMGVPAHIKGYHYLREAILSVINEVNLLGAVTKELYPLIAQKYQTTPSRVERAIRHAIELAWDRGNIEMMTKFFGYTINLERGKPTNSEFIAMVADKLRIEAKVS,1,256,75.78,FALSE,1,256,75.78,FALSE,1,256,75.78,FALSE
WP_081462317.1,266,1048834,Alicyclobacillus_acidocaldarius_sub_acidocaldarius_Tc-4-1,1-266,Bacteria,Terrabacteria group,Firmicutes,Bacilli,Bacillales,Alicyclobacillaceae,Alicyclobacillus,Alicyclobacillus acidocaldarius,Alicyclobacillus acidocaldarius subsp. acidocaldarius,NA,MSTRMKILLADDHHEFAELLSEFISGQPDMEVCGIAHNGTEVLHLVRETGPDVLILDIIMPVLDGLGALERLSEVTDHPPKVIMLTAFGQESVTRRAAELGVSYFILKPFDMPVLAERIRQVMFEAPAPVAATSQVVATSMSAPSPSSRRSIDAQITQIIHEIGVPAHIKGYHYLREAIGLVYEDVEILGSITKVLYPKIAQRFKTTPSRVERAIRHSIEVAWGRGNMEAIRRVFGYTVSAAKTKPTNSEFIAMIADRLRMEHRVG,52,266,100,TRUE,52,266,100,TRUE,52,266,100,TRUE
WP_014079908.1,265,585394,Roseburia_hominis_A2-183,1-265,Bacteria,Terrabacteria group,Firmicutes,Clostridia,Eubacteriales,Lachnospiraceae,Roseburia,Roseburia hominis,NA,NA,MEKLNVAIADDNERMLRLLGDIIESDDELNVVGVARDGEEAYHVIKAKEPDVVLLDIVMPKLDGLGVLDRVSQDTSIKKHPAFIMISAIGQEKITEDAFARGADYYIMKPFDNDIVLSRIKNVRRPAAGRGAEVRKVNAYEKAEETKERNLEADVTDIIHEIGVPAHIKGYQYLRDAIVMSVNDMDMLNSITKILYPTIAKKYQTTSSRVERAIRHAIEVAWSRGKMDTIDEMFGYTIHNGKGKPTNSEFIALITDRIRLEYKMH,9,265,67.92,FALSE,9,265,67.92,FALSE,9,265,67.92,FALSE
WP_015254830.1,269,717605,Thermobacillus_composti_KWC4,1-269,Bacteria,Terrabacteria group,Firmicutes,Bacilli,Bacillales,Paenibacillaceae,Thermobacillus,Thermobacillus composti,NA,NA,MQRIEVLLADDNREFTNLLSEYISEQSDMTVTGVAYNGEEVLRLLEESRKAPDVLILDIIMPHLDGLGVLERLRDMDLNPMPKIIMLTAFGQENITQKAVQLGASYYILKPFDMEILANRIRQLVNNPVLSPAASYGSVLPKTTNVVPIGKSKNLDANITSIIHEIGVPAHIKGYQYLREAITMVYNNIEILGAITKTLYPAIAEKFKTTPSRVERAIRHAIEVAWTRGNIDSISHLFGYTINISKSKPTNREFIAMVADKLRIEHKVS,2,269,86.61999999999999,FALSE,2,269,86.61999999999999,FALSE,2,269,86.61999999999999,FALSE
WP_006521728.1,253,767817,Desulfallas_gibsoniae_DSM_7213,1-253,Bacteria,Terrabacteria group,Firmicutes,Clostridia,Eubacteriales,Desulfallaceae,Desulfoscipio,Desulfoscipio gibsoniae,NA,NA,MRKVIKILIADDNREFCELLKEFLQQKEEFSLVGIAQNGLEALELIQDEAPDVLVLDVIMPHLDGIGVLEKLNEFSHRPRIIMLTAFGQENITQRAVELGADYYILKPFDFEVLATRIRQLAGGFKVSPYISVAKPKNLDVAVTNIIHEMGVPAHIKGYHYLRDAILQVIEDVNLLGAVTKELYPMIAHKYQTTPSRVERAIRHAIELAWDRGNIEMMTKFFGYTINLQRGKPTNSEFIAMVADKLRIEAKVS,1,253,73.11999999999999,FALSE,1,253,73.11999999999999,FALSE,1,253,73.11999999999999,FALSE
WP_014183547.1,279,768706,Desulfosporosinus_orientis_DSM_765,1-279,Bacteria,Terrabacteria group,Firmicutes,Clostridia,Eubacteriales,Desulfitobacteriaceae,Desulfosporosinus,Desulfosporosinus orientis,NA,NA,MQRPIRVLLADDNREFVEVVKEYIERQEDMSLIGVAYHGNEALELISREEPHVVLLDIIMPHLDGLGVLEKLQNSSIRPKIIILTAFGQESMTQRAVSLGANYYILKPFDLDILGKRIRQLQDDFSSTLNMASNGNNTPAKNNVTNINPTPPPISNGSIPPASKNLEVEVTRMIHQMGVPAHVKGYQYLRDAIVNVVTDVSLLGAVTKELYPMIASKYQTTPSRVERAIRHAIELAWDRGNVDFMNRFFGYTINVDRGKPTNSEFVAMVADKLRMSIMY,12,279,100,TRUE,12,279,100,TRUE,12,279,100,TRUE
WP_014185683.1,265,768706,Desulfosporosinus_orientis_DSM_765,1-265,Bacteria,Terrabacteria group,Firmicutes,Clostridia,Eubacteriales,Desulfitobacteriaceae,Desulfosporosinus,Desulfosporosinus orientis,NA,NA,MSKKIKILVADDNRNLCQMLQNYLQGQEDLIVIGVANNGLEAWELIQSQEPDLIILDLVMPNLDGLGVLERINSRTSVTRPKIIMLTAFGQESLTHQAMMLGVDYFILKPFDLDILSKRIRSLTQDIPAAPPTQNNSAAPIVTTVGSGLNLHVEVTTMMHQIGIPAHVKGYQYIRDAILMVVEDVSLLGAVTKELYPSIAKKFDTAPSRVERGIRHAIELAWERGHTDTLKRIFGYSMNIERQKPTNSEFIALLADKLRVMSKVS,8,265,100,TRUE,8,265,100,TRUE,8,265,100,TRUE
WP_014017905.1,276,1029718,Candidatus_Arthromitus_SFB-mouse-Japan,1-276,Bacteria,Terrabacteria group,Firmicutes,Clostridia,Eubacteriales,Clostridiaceae,Candidatus Arthromitus,Candidatus Arthromitus sp. SFB-mouse,NA,NA,MENKKIRILIADDNDEFCIILKDYLNNEGNFDVVGVAKNGIEALKLISESKPDLLILDIIMPHLDGLGVLEKLSLNKDSELAPKIIVLSAVGQDKITQNAIKLGVDYYVLKPFDMDIFIRRIKEMFSITLDQKYFVQKPENMINSNNGDSTNSFKQSEPVDLESEITSIIHEIGVPAHIKGYFYLREAISMVVNDIELLSAVTKELYPSIARKYNTTSSRVERAIRHAIEVAWSRGQVESINKIFGYTIHNEKGKPTNSEFIAMVADRLRLKNKVG,4,276,71.74000000000001,FALSE,4,276,71.74000000000001,FALSE,4,276,71.74000000000001,FALSE
WP_014823486.1,263,1002809,Solibacillus_silvestris_StLB046,1-263,Bacteria,Terrabacteria group,Firmicutes,Bacilli,Bacillales,Planococcaceae,Solibacillus,Solibacillus silvestris,NA,NA,MSKVKIAIADDNRELVKMMEVYFTNHPQIEIVATASNGKICIKMLEEHKIDVLLLDIIMPHLDGLAVLEEMYNDERYTQTQVIMLTAFGQEDVMKQAVNYGASYFMLKPFEFEQLVQKILHCAGKKVEQEKRVPVLSTNTPAKMDTRLLDTTITGIIKEIGVPAHIKGYAYLREAIQMVYNDIELLSSVTKILYPEIAKKFGTTPSRVERAIRHAIEVAWNRGSYENISELFGYTVHHMKSKPTNSEFIAMIADKIRIEMVAS,3,263,100,TRUE,3,263,100,TRUE,3,263,100,TRUE
WP_007934073.1,256,1192197,Pelosinus_fermentans_JBW45,1-256,Bacteria,Terrabacteria group,Firmicutes,Negativicutes,Selenomonadales,Sporomusaceae,Pelosinus,Pelosinus fermentans,NA,NA,MIKETIKVAIADDNREFVGIVQEYLTQQVDFQLVGIAYNGEQILSIIEEKSPDVVILDIIMPHLDGIGVLERLNTLSAKRPKIIMLTAFGQESITQRVVELGADYYILKPFNMDVLASRIRQLATTITAQRPVVAQAIKARPIDVEVTNIIREIGIPAHIKGYQYLRDAIMMIITEIDLLGAVTKVLYPMIAEKYATTPSRVERAIRHAIEVAWSRGNMDMINRLFGYTVKLEKGKPTNSEFMAMIADKLRMEMRV,14,256,85.55,FALSE,14,256,85.55,FALSE,14,256,85.55,FALSE
WP_014117428.1,252,693746,Oscillibacter_valericigenes_Sjm18-20,1-252,Bacteria,Terrabacteria group,Firmicutes,Clostridia,Eubacteriales,Oscillospiraceae,Oscillibacter,Oscillibacter valericigenes,NA,NA,MEICRKVIVADANDSYRAMLRETIEQTGEFTVSASVGDGKSALQQVRELTPDLLLLDVVLPELDGFGVLEQIHREELPVRTIMVSSFFTEQVVAEALEKGAAFFMPKPFENSALLERMRSVCRPVQPVSHTKSLKNMVTDIIHEIGVPAHIKGYQYLREAILIAVEDMDVINAVTKVLYPEVARRFSTSPSRVERAIRHAIEVAWDRGDLETLQKFFGYTVSNTKGKPTNSEFIAMIADRLVLEGRNSGGVA,28,252,100,TRUE,28,252,100,TRUE,28,252,100,TRUE
WP_014643699.1,259,866895,Halobacillus_halophilus_DSM_2266_type_strain_DSM_2266,1-259,Bacteria,Terrabacteria group,Firmicutes,Bacilli,Bacillales,Bacillaceae,Halobacillus,Halobacillus halophilus,NA,NA,MEKIKVCLADDNRELVKLLQEYFEDTNDIDVIDASYNGKDCLQMVEEKKPDVLILDIIMPHLDGLAVLGKLKEFDKQPEVIMLTAFGQEEVTKKAVELGAAYFMMKPFDLDHLAEQVRQIKHAGDPINRALGSSYTSTKSKKPDLDTSITHIIHEVGVPAHIKGYQYLREAITMVYRDLELLGSITKVLYPDIATKYNTTASRVERAIRHAIEVAWNRGNIDAISSLFGYTISHTKAKPTNSEFIAMVADRLRLEHKAS,0,259,70.66,FALSE,0,259,70.66,FALSE,0,259,70.66,FALSE
WP_014967539.1,268,1128398,Gottschalkia_acidurici_9a,1-268,Bacteria,Terrabacteria group,Firmicutes,Tissierellia,Tissierellales,Gottschalkiaceae,Gottschalkia,Gottschalkia acidurici,NA,NA,MNNQKIRLLIADDNKDFCNILNEYLSTQEDVEVIGVAKDGLEALELISIKNPDVLILDIIMPHLDGLGVLERLHSTELEKFPKIIILSAVGQDKITQRAINLGADYYVVKPFDFEIFMKRIRQVAGTAPAMIEKRKQVQPATQGLVVSQKNNSLEAKITNIIHEIGVPAHIKGYLYLREAITMVVDNMELLSAVTKELYPNIAKKFNTTPSRVERAIRHAIEVAWSRGKVDTINSLFGYTVHTDKGKPTNSEFVAMVADKLRLEQKIS,5,268,69.03,FALSE,5,268,69.03,FALSE,5,268,69.03,FALSE
WP_025205791.1,264,1131462,Dehalobacter_CF,1-264,Bacteria,Terrabacteria group,Firmicutes,Clostridia,Eubacteriales,Desulfitobacteriaceae,Dehalobacter,NA,NA,NA,MSKKVKIIVAEDNRNLCQILQDYISKDDSFELAGVAYNGLEAWDLIQKHDPDLVIMDLVMPNLDGLEVLERINARTSVRKPKVILLTAFGHETLTHQAMVMGVDYFILKPFDLEILGKRIRTLTQDLEITNPPLLQTCSSVTSVGRGVNINVEVTTMMHQLGIPAHVKGYQYIRDAILMVIEDVSLLGAVTKELYPAIAKKYNTAPSRVERGIRHAIELAWERGHMETLKRIFGYSMNIERQKPTNSEFIALLADKLRVMSKVG,8,264,76.89,FALSE,8,264,76.89,FALSE,8,264,76.89,FALSE
WP_015050705.1,256,1089553,Thermacetogenium_phaeum_DSM_12270,1-256,Bacteria,Terrabacteria group,Firmicutes,Clostridia,Thermoanaerobacterales,Thermoanaerobacteraceae,Thermacetogenium,Thermacetogenium phaeum,NA,NA,MASKVKIMIVDDNREFCEILKEYFDGVEDCEVCGVAYDGVQALEMLQQEMPDVMILDLIMPHLDGIGVLEKLAMDYDDNRPKVIILTAFGQEAMTKRAVELGANYYILKPFDLEVLANRVRQLANNQIEPVRNSSQPRVRNLDVEVTNLIHQMGVPAHVRGYQYIRDAIIMVVEETSLLGAVTKELYPAIAEKYNTTPSRVERAIRHAIELAWDRGNVELMNKFFGYTIDVERGKPTNSEFIAMVADRLRVGAKVS,6,256,67.58,FALSE,6,256,67.58,FALSE,6,256,67.58,FALSE
WP_015009920.1,259,698758,Amphibacillus_xylanus_NBRC_15112,1-259,Bacteria,Terrabacteria group,Firmicutes,Bacilli,Bacillales,Bacillaceae,Amphibacillus,Amphibacillus xylanus,NA,NA,MGKIRVCLVDDNQELVRVMEDYFETQQDIEIVGVANNGRESLDVLTNTSPDVVILDIIMPHMDGLAVLKEMRDLNLKKQPQVIMLTAFGQEDVMKKAADLGASYFILKPFDLEYLADQVRQVYGKPRIERKTAKHPDHKQKKFDLEASITNIIHEVGVPAHIKGYMYLREAIAMIFNNVELLGSITKVLYPDIAKKYNTTPSRVERAIRHAIEVAWSRGNIDSISELFGYTVSSSKAKPTNSEFIAMVADHLRLEYRAS,0,259,72.59,FALSE,0,259,72.59,FALSE,0,259,72.59,FALSE
WP_015311550.1,260,698948,Thermoanaerobacterium_thermosaccharolyticum_M0795,1-260,Bacteria,Terrabacteria group,Firmicutes,Clostridia,Thermoanaerobacterales,Thermoanaerobacterales Family III. Incertae Sedis,Thermoanaerobacterium,Thermoanaerobacterium thermosaccharolyticum,NA,NA,MLKKIKLGICDDNKEFVNIMVDYLSSKENIEIIGTANDGNQAINLIQNNELDLLILDIIMPYLDGIGVLEKLNELKVKRPKIIILSAVGQEKITQRAISLGADYYILKPFDLELLSKRITEIMEYQTDVVSKAIMPVIGEKKSADLETLITQVIHDVGIPAHIKGYLYLRDAITLVISNIEYLNSVTKLLYPKIAEKYETTPSRVERAIRHAIEVAWSRGKVDVLNDLFGYTINDEKGKPTNSEFIALIADKLRLSLKVS,11,260,74.61999999999999,FALSE,11,260,74.61999999999999,FALSE,11,260,74.61999999999999,FALSE
WP_015326268.1,263,748449,Halobacteroides_halobius_DSM_5150,1-263,Bacteria,Terrabacteria group,Firmicutes,Clostridia,Halanaerobiales,Halobacteroidaceae,Halobacteroides,Halobacteroides halobius,NA,NA,MAKDESKIKVFLADDNNDFCNLLQEYLTQQDEFEVVGIANDGTEVLEEIDDIELDVLVLDIIMPHLDGVGVLEELHNKDLINQFKIIMLTAFGQENLTQRVVNLGADYYILKPFDLDKLCKRIKQVTNPVSNSDYVVKGQEPKRKSFNLEERITEIMHQIGVPAHIKGYLYLRKAIEMVINKVELLGAVTKKLYPTVAEEFDTTASRVERAIRHAIEVSWKNGNTRVINKIFGHSITSSSGKPTNSQFIAKIADKIRIELRAS,49,263,100,TRUE,49,263,100,TRUE,49,263,100,TRUE
WP_015358782.1,265,1121335,Thermoclostridium_stercorarium_sub_stercorarium_DSM_8532,1-265,Bacteria,Terrabacteria group,Firmicutes,Clostridia,Eubacteriales,Oscillospiraceae,Thermoclostridium,Thermoclostridium stercorarium,Thermoclostridium stercorarium subsp. stercorarium,NA,MAYPIRVLVADDNVEFGEIVCDYLSNYDDLEVVGRAEDGLEAIKLIDETNPNIVILDIIMPHMDGLAVLEHYHKAPSSTKPKFIILSAVGQDKITQQAVNLGAEYYIVKPFDLEILVERIRQLGKGDNLVSRPETAPKPPKQQQSAKPVSLESRVTQIMRDVGVPAHIKGYQYMRDAVLLVVDDMEMISSVTKRLYPELAKRYKTTPSRVERAIRHAIEVAWTRGQVETIHELFGYTINTKKGKPTNSEFIAMIADKLRLENKVS,56,265,100,TRUE,56,265,100,TRUE,56,265,100,TRUE
WP_015485093.1,282,1121335,Thermoclostridium_stercorarium_sub_stercorarium_DSM_8532,1-282,Bacteria,Terrabacteria group,Firmicutes,Clostridia,Eubacteriales,Oscillospiraceae,Thermoclostridium,Thermoclostridium stercorarium,Thermoclostridium stercorarium subsp. stercorarium,NA,MRIVNKEIDIIIVDNNEEYALEVEKSLKTVPAFRIVGKVYDGETAVKKIIEHKPDVIILDLVMPVKDGIAVLEEIRTISFEPKPVIIVLTAIGNEKIIKKALSLGADYYIIKPFDMDLLPKRIMQIYGDFERAERQYREYGKTVKLPNFESEKNESDETEKNTVREDLELYVRRVLMELGVPAHLSGYGYLQMAIVENSLCERGTIPITKQLYPMIAEAFNTSAGRVERAIRNAIRKVWQEGNRNELSKYFIYSEKRKNHPPTNSEFISTIANKIKLTYLSK,42,282,100,TRUE,42,282,100,TRUE,42,282,100,TRUE
WP_001293875.1,276,1279365,Bacillus_thuringiensis_serovar_kurstaki_HD73,1-276,Bacteria,Terrabacteria group,Firmicutes,Bacilli,Bacillales,Bacillaceae,Bacillus,Bacillus thuringiensis,NA,Bacillus cereus group,MSENRFGKGGKAVEKIKVCLVDDNKELVSMLESYVAAQDDMEVIGTAYNGQECLNLLTDKQPDVLVLDIIMPHLDGLAVLEKMRHIERLKQPSVIMLTAFGQEDVTKKAVDLGASYFILKPFDMENLTSHIRQVSGKANTMIKRPLPSFRSATTVDGKPKNLDASITSIIHEIGVPAHIKGYMYLREAISMVYNDIELLGSITKVLYPDIAKKYNTTASRVERAIRHAIEVAWSRGNIDSISSLFGYTVSMSKAKPTNSEFIAMVADKLRLEHKAS,0,276,100,FALSE,0,276,100,TRUE,0,276,100,FALSE
WP_023467588.1,240,1399115,Exiguobacterium_MH3,1-240,Bacteria,Terrabacteria group,Firmicutes,Bacilli,Bacillales,NA,Exiguobacterium,NA,NA,NA,MIKVGIADDNREMVELIRQHISAQEDMEVVCVAYNGESCLERMKEHEVDVLLLDIIMPHLDGLGVLEELMKKKKNPAVIMLSAFGKDEVSQQAVTLGASYFLLKPFSMDQLVQKIRLVTHQGQAPIVETIDLKVGTTLREVGIAPHIKGFTYLKDAVLMVLEREDLLGLITKELYPTIAKKHQTTASRVERAMRHAIKSAWNEGMQQHELFNGRIEQEKSPKNSEFISYVSSHMNQEQSG,34,240,100,TRUE,34,240,100,TRUE,34,240,100,TRUE
WP_038601860.1,263,1286171,Peptoclostridium_acidaminophilum_DSM_3953,1-263,Bacteria,Terrabacteria group,Firmicutes,Clostridia,Eubacteriales,Peptostreptococcaceae,Peptoclostridium,Peptoclostridium acidaminophilum,NA,NA,MGIINSRVRIAIADDNKEFCQILIDYLSKQEEIEIIGVANDGMEAVELVMQKKPDLLLLDIIMPHLDGFGVIKKLKGSREDYEPKIVVISTVGQESIAQKALQLGAEYYMIKPFHSDMLCERILQIANDELKPQRQYLQHECLSALEENCAGSIEGEIAGILHDMGIPPHIKGYLYLSEAIRLVVYKVGLLGGITKELYPKVAITYSTTPSRVERAIRHAIEVSWNKRDSETVELFFGARAHIQRSKPTNSEFIATVAEKLRR,51,263,100,TRUE,51,263,100,TRUE,51,263,100,TRUE
WP_038561165.1,261,386490,Terribacillus_goriensis_MP602,1-261,Bacteria,Terrabacteria group,Firmicutes,Bacilli,Bacillales,Bacillaceae,Terribacillus,NA,NA,NA,MDKIKAVLVDDNRELVQLMEEYFEDQSDIEVIGTAYNGKDCLDMLEDIQPDVVVLDIIMPHVDGLAVLRTLRERTSAPMPHVIMLTAFGQEEVTKKAVDLGAAYFILKPFDLENLAAQIRQVSGYGGSYESSPIRVKEKKRDKKPNLEASITNIIHEIGVPAHIKGYMYLREAITMVYNDIDLLGSITKVLYPDIAKTYNTTASRVERAIRHAIEVAWNRGNMDSISSLFGYTVSISKAKPTNSEFIAMVADRLRLEHRAS,0,261,74.33,FALSE,0,261,74.33,FALSE,0,261,74.33,FALSE
WP_039809597.1,258,1508404,Jeotgalibacillus_malaysiensis_D5,1-258,Bacteria,Terrabacteria group,Firmicutes,Bacilli,Bacillales,Planococcaceae,Jeotgalibacillus,NA,NA,NA,MDKMKVCIIDDNRELVSTLEAFINNQPDMEVTGTAYNGQEFLDMMEETPVDVCLLDIIMPHIDGLNALEKMKELELEKNPHVIMLTAFGQEDVTSKALELGASYFILKPFDMDNLLQVIRQVMGKKDRPVMSSAKREKSKKPNLDASITSVIHEIGVPAHIKGYMYLREAISMVYHDIELLGSITKILYPDIAKKFNTTSSRVERAIRHAIEVAWNRGNVDAITNMFGYTVSAAKSKPTNSEFIAMVADKLRLEHKAS,0,258,73.64,FALSE,0,258,73.64,FALSE,0,258,73.64,FALSE
WP_010530936.1,260,1472767,Lentibacillus_amyloliquefaciens_LAM0015,1-260,Bacteria,Terrabacteria group,Firmicutes,Bacilli,Bacillales,Bacillaceae,Lentibacillus,NA,NA,NA,NA,NA,NA,NA,NA,NA,NA,NA,NA,NA,NA,NA,NA
WP_033117377.1,256,1297617,Intestinimonas_butyriciproducens_AF211,1-256,Bacteria,Terrabacteria group,Firmicutes,Clostridia,Eubacteriales,NA,Intestinimonas,NA,NA,NA,MESKKRILIADADVVFRDALIEALSEEGDMEVVGTTDDGERAVELVRSCKPDILVMDLILSHMDGLDVLAALDAAGRPKVMVLSALARGGTTELALARGANYCLMKPCKLSSAVERIRQITTPLHGEDEFPDRPSSRPHQSLEASVTSIIHEIGVPAHIKGYQYLREAIIMTVENMDVINAVTKILYPEVAKRFNTTASRVERAIRHAIEVAWDRGDLETLQKYFGYTVSNAKGKPTNSEFIAMIADRLQLQRKEK,16,256,100,TRUE,16,256,100,TRUE,16,256,100,TRUE
WP_055243453.1,269,1712675,Turicibacter_H121,1-269,Bacteria,Terrabacteria group,Firmicutes,Erysipelotrichia,Erysipelotrichales,Turicibacteraceae,Turicibacter,NA,NA,NA,MNKLKVLLADDNKELITVLSEYISLQEDMEVVEVAGNGNEVLSVLRQRDIDILLLDVVMPDLDGVSVLEELKENPTLYKRPRHIIMFTAFNQEKIMMRAAELGASYFIMKPFEINKIVKIIRDINVRFDTTEVSKPVNHLYGNRPAVKEFDLESEITNILHEMGVPAHIKGYLYLRESINMVYNDIELLGSITKVLYPDVAKKYKTTASRVERAIRHAIEVAWNRGNIEAISNIFGYTVSVSKSKPTNSEFIAMIADKLRLEHKNKVAS,39,269,100,TRUE,39,269,100,TRUE,39,269,100,TRUE
WP_068138736.1,258,1555112,Limnochorda_pilosa_HC45,1-258,Bacteria,Terrabacteria group,Firmicutes,Limnochordia,Limnochordales,Limnochordaceae,Limnochorda,NA,NA,NA,MAIRVMVADDNAHFSRLLQRGIEGEPDMEWAGAVEDGRSALAFLPVWQPDVLVLDLVMPHLDGFGVLEQLRRDGDGATGKIKVVVVSAFGQEDLIERAMGLGAHYYCMKPMEMGILLQRIREAVRRPDPVPRRVRDPRLEEHVARMMSDLGVPAHYKGYLYLREAIMQVSEQPELLSRVTKGLYPNVARRFGTTADKVERAIRHAIEATWTRGNLPRLNEIFTYAVDMRTGKPTNSSFIARMADEVSLAARNGRGLGA,31,258,100,TRUE,31,258,100,TRUE,31,258,100,TRUE
WP_082726599.1,265,1555112,Limnochorda_pilosa_HC45,1-265,Bacteria,Terrabacteria group,Firmicutes,Limnochordia,Limnochordales,Limnochordaceae,Limnochorda,NA,NA,NA,MTRVLIADNNLELCEILDRYLSSQPDLSVVGKAYDGEQCLALIAEHEPDVVILDITMPKLDGIAVMERLTTLGVHPRPRVIVLTAMGREDIIQRLTGLGADYFVVKPFDLDVLAERIRQFGPGGAGYAVVKEESAAAQYPAAVDWESQVTQLLHELGVPPHFKGYAYLRDAVVMVLQDEQLLGGTLTKRLYPALAEKYGSSPAGVEAAVRNAIIAGWENGNRELLEQLMGTGRRDRFPTNSMVIANLADYLRFRAPGGRVAGRGR,55,265,100,TRUE,55,265,100,TRUE,55,265,100,TRUE
WP_066047385.1,263,991789,Anaerotignum_propionicum_DSM_1682_X2,1-263,Bacteria,Terrabacteria group,Firmicutes,Clostridia,Eubacteriales,Lachnospiraceae,Anaerotignum,Anaerotignum propionicum,NA,NA,MNQNKIKVLLADDNKDFCDLIANHLSKQDDMTVVAVAVDGIDAMNKIRDTEPDVAIIDGIMPRLDGIGVLERLQKNSDIHQPVTIILSALSQDKVVQKAMDLGVSYYMVKPFDMDALTQRIRQLLQERPMIKSGIPSFSQTQPTLAYDLETKVTNILHEIGVPAHIRGYHYMREAIIMSVNDMDVLNYITKELYPSIAKKCNTTPSRVERAIRHAIEVAWNRGKVDAIDALFGYTVNNHKGKPTNSEFIALIADRLRLEQKAG,50,263,100,TRUE,50,263,100,TRUE,50,263,100,TRUE
WP_066052233.1,270,991789,Anaerotignum_propionicum_DSM_1682_X2,1-270,Bacteria,Terrabacteria group,Firmicutes,Clostridia,Eubacteriales,Lachnospiraceae,Anaerotignum,Anaerotignum propionicum,NA,NA,MNESEKLKVVLADRDGFYLQKLKRCLERKGDMTVVGMTDSGPAVLEMVRKLNADVVLLDILLGDRDGFWVLESLKKLGSDCICILISAMDSDKLVRRAIGLGADYYMAKPIQGELLLERIHQLVDGDNREMQESIGSTKEEASIYVMEGSYHNLEADISATLSRMGISASIKGYHFIRRAIMMAVDNEEVLIGITKGLYPDIGKLFKTSASKVERAIRHAIESAWKKNGQQVYFEVVGYLTPDKPTNGQFIAALTEYFRIRQNEVSKKIS,38,270,100,TRUE,38,270,100,TRUE,38,270,100,TRUE
WP_067209873.1,263,1476,Sporosarcina_psychrophila_DSM_6497,1-263,Bacteria,Terrabacteria group,Firmicutes,Bacilli,Bacillales,Planococcaceae,Sporosarcina,NA,NA,NA,MDKLKVAIADDNKELVRTMMTYFERHPEIEVIWTAHNGKVCLSMLEEKKPDVLLLDIIMPHLDGIAVLETLSGNAQTADVHIIMLTAFGQEDVMTQAASLGASYFMLKPFEFDRLANQIFQVAGTRKPIVPIAQASGEYAPGTVSQKVLDTTITAIIKEIGVPAHIKGYAFIREAIQMVYTDVDLLGSVTKVLYPEIAKKYNTTASRVERAIRHAIEVAWNRGNYDVISKMFGYTVHHLKSKPTNSEFIAMIADKIRLEHMAS,3,263,66.16,FALSE,3,263,66.16,FALSE,3,263,66.16,FALSE
WP_066786694.1,263,241244,Rummeliibacillus_stabekisii_PP9,1-263,Bacteria,Terrabacteria group,Firmicutes,Bacilli,Bacillales,Planococcaceae,Rummeliibacillus,NA,NA,NA,MNKVKVAIVDDNSELVKALEEYLSQQPEIDVISTATNGKQCLKMLESQVPDVLLLDIIMPHLDGLAVLETIHENPQLNSMQVIMLTAFGQEDVMKQAAELGASYFMLKPFEYDRLASKILQVGGKKVEKQKRVSVLQSSTPQKMDQRQLDATITAIIKEIGVPAHIKGYAYLREAIQMVYLDVDLLGSITKILYPDIAKKFDTTPSRVERAIRHAIEVAWNRGNYESISKMFGYTVHHLKSKPTNSEFIAMIADKIRIEMVAV,3,263,73.76,FALSE,3,263,73.76,FALSE,3,263,73.76,FALSE
WP_066400184.1,267,1221500,Fictibacillus_phosphorivorans_G25-29,1-267,Bacteria,Terrabacteria group,Firmicutes,Bacilli,Bacillales,Bacillaceae,Fictibacillus,NA,NA,NA,MQKIKVCLADDNRELISLLREYLSSQDDMEVIGVAYNGQECLSVLENKDPDVLVLDIIMPHLDGLAVLEKIRSSDDLPQPNVIMLTAFGQEDVTKKAVDLGASYFILKPFDMDNLASQIRQICGAEKSTVQRASGNNRNNFQSTINNKPRNLDASITSIIHEIGVPAHIKGYMYLREAISMVYNDIELLGSITKVLYPDIAKKFNTTSSRVERAIRHAIEVAWSRGNIDSISSLFGYTVSMSKAKPTNSEFIAMVADKLRIEHKVMA,0,267,79.03,FALSE,0,267,79.03,FALSE,0,267,79.03,FALSE
WP_006830432.1,265,1185653,Planococcus_antarcticus_DSM_14505,1-265,Bacteria,Terrabacteria group,Firmicutes,Bacilli,Bacillales,Planococcaceae,Planococcus,Planococcus antarcticus,NA,NA,MDKIKIAIADDNRELVGLMKDYLNAQPNMEVVDVAYNGKTCIEMLQNLSVDILLLDIIMPYLDGIAVLDAIKENGDLREIDVIMLSAFGQESIMSQAADYGASYFIMKPFEADRLAVQINHIMNTRNRSDQPNSRLTKEDRITNIVKDIGIPPHLKGYNYLKEAVSLVLEQPEILNKVTKVLYPRIATKFDTTSTRVERSIRHAIEQVWNRHETVDHISKIFGYSVAHLESKPTNSEFIAMVADSLQLEMRDKSNLQNFKKLSNR,48,265,100,TRUE,48,265,100,TRUE,48,265,100,TRUE
WP_009260125.1,248,292800,Flavonifractor_plautii_YL31,1-248,Bacteria,Terrabacteria group,Firmicutes,Clostridia,Eubacteriales,Oscillospiraceae,Flavonifractor,NA,NA,NA,MADASEEFRRVFTGALEEESGLELAAETGDGQETVRLAKELSPDIVVMDFVLARMDGLEVLSELAALPGRPRVLVLSSFARGNMAELAAAHGADYYMMKPCKLSAVMERIRQLAGQPQSGGEEPGRLSGESQNLESTVTSIIHEIGVPAHIKGYQYLREAIIIAVGDMDVINAVTKILYPEVAKRFGTTASRVERAIRHAIEVAWDRGDLETLQKYFGYTVSNAKGKPTNSEFIAMIADKLQLERKQK,16,248,68.14999999999999,FALSE,16,248,68.14999999999999,FALSE,16,248,68.14999999999999,FALSE
WP_003249276.1,259,1426,Parageobacillus_thermoglucosidasius_NCIMB_11955,1-259,Bacteria,Terrabacteria group,Firmicutes,Bacilli,Bacillales,Bacillaceae,Parageobacillus,NA,NA,NA,MKIKVCIADDNRELVNLLEEYISSQSDMEVIGTAYNGQDCLYMLEEKQPDVLLLDIIMPHLDGLAVLEKIRAKREKQPSVIMLTAFGQEDVTKKAVELGASYFILKPFDMENLVYHIRQVHGKTAPMVKKAASAYQTRDNRPKNLDASITSIIHEIGVPAHIKGYLYLREAIAMVYNDIELLGAITKVLYPDIAKKYNTTASRVERAIRHAIEVAWSRGNLESISSLFGYTVSVSKAKPTNSEFIAMVADKLRLEHKAS,0,259,82.63,FALSE,0,259,82.63,FALSE,0,259,82.63,FALSE
WP_069973695.1,268,1424294,Geosporobacter_ferrireducens_IRF9,1-268,Bacteria,Terrabacteria group,Firmicutes,Clostridia,Eubacteriales,Clostridiaceae,Geosporobacter,NA,NA,NA,MKSISVLIADDNKDFCEILSEYLGKQEDLEIVGIAKDGLEAIELISQKSPDVLVLDIIMPHLDGLGVLERLASMNLEKFPKVIVLSAVGQDKITQRAISLGADYYVVKPFDFEIFIKRIRQLTGNTIAASERRKNYNDVMIQGTSNAPGKNRSLEAEITNIIHEIGVPAHIKGYLYLREAITMVVENIELLSAVTKELYPSIAKKFNTTPSRVERAIRHAIEVAWSRGKVDTINKLFGYTVHNDKGKPTNSEFIAMVADKLRLEQRAV,5,268,72.39,FALSE,5,268,72.39,FALSE,5,268,72.39,FALSE
WP_069978327.1,254,1424294,Geosporobacter_ferrireducens_IRF9,1-254,Bacteria,Terrabacteria group,Firmicutes,Clostridia,Eubacteriales,Clostridiaceae,Geosporobacter,NA,NA,NA,MSNNLLKNLKVLYVEDEEEVMEQMSFFLKKRTGRLITAKNGKNGLEEFKLNRPDLIISDLKMPVMDGIAMAREIRKISDVPIIITTAFSEKDIILKAVDVGIEKYLVKPLDARELVTAMESIAVKIFRNRGELLEVRNKVFSKEEKLMIEDNIKNAIAKFIKEKTGKGPKNVKAFLHGLTLEIEILEAFTKLEKALLEKEKNISIVRYNREVFYKDYEEAMRDSIKAFFPWEIRLESVEIDVVDDKNRLYFSIC,25,254,100,TRUE,25,254,100,TRUE,25,254,100,TRUE
WP_008392810.1,273,649756,Anaerostipes_hadrus_BPB5,1-273,Bacteria,Terrabacteria group,Firmicutes,Clostridia,Eubacteriales,Lachnospiraceae,Anaerostipes,NA,NA,NA,MGGLKMNKINVAIADDNQRTVEMMTELLEQESDIEVIASADDGEEALRIIKEKQPDVVLLDIIMPKLDGIGVLERLQTEDLSKRPIIIMVSAMGQENVCEEAMELGASYFILKPFDLRTIIKQIKQAKIKQQIPERPFVSVPEKIHGLTENQLEIIITNMIHEIGVPAHIKGYQYLRDSIMMAVCDMDILNSITKQLYPSIAQKFDTTPSRVERAIRHAIEVAWGRGNMDTIDALFGYTIHAGKGKPTNSEFIALIADKIRLEYGDEVLIEEK,44,273,100,TRUE,44,273,100,TRUE,44,273,100,TRUE
WP_009265429.1,271,649756,Anaerostipes_hadrus_BPB5,1-271,Bacteria,Terrabacteria group,Firmicutes,Clostridia,Eubacteriales,Lachnospiraceae,Anaerostipes,NA,NA,NA,MDERHRVLIADSYPDEAEQLKKELSGKYNVISVRDNGVDTLDDIIKLKPDLVVIDLMLSEIDGIGVIEKCRELIEPDKIPAFIALTMLENRDLMECIRRLKVDYCMMKPFQAGILAERISQMIRIRSVNNDIQKNEKALHGRSKRMCSMCGTNDVRRQISFLVRNLGVPAHIKGCRYMKYAILMAIEDCNRINYITKLLYPEIAKKCKTTTSSVERAIRHAIDIVWIKGNQELLKEIFGTFVMEGQERPTNSQFIAAVADWMRLEHQIKVS,37,271,100,TRUE,37,271,100,TRUE,37,271,100,TRUE
WP_077325092.1,279,649756,Anaerostipes_hadrus_BPB5,1-279,Bacteria,Terrabacteria group,Firmicutes,Clostridia,Eubacteriales,Lachnospiraceae,Anaerostipes,NA,NA,NA,MIRRLKKLEKKLNILIVDGDVSEAEELENELNREFDIVGTVFDGMKAVDEIIRKKPEVVLIDIMLPYIDGVGVIEKCRECMEYEQLPVFIVLTSIGTEKLIECVNHMDIDYCMMRPFKNEVLCRRIKQVAKIKGLDQKIIQRETENNFKKNDQRTVIDHEFHMKQDVTKIIRDLGIPAHIKGYQYIREGIIMAIEDINMMNYITKLLYPTIAKKYKTTSSSVERAIRHAIEVAWSRGKVELLEEMFGYTISSGKGKPTNSEFIALIADKLRLDYHMNAS,43,279,100,TRUE,43,279,100,TRUE,43,279,100,TRUE
WP_077721400.1,260,1471761,Novibacillus_thermophilus_SG-1,1-260,Bacteria,Terrabacteria group,Firmicutes,Bacilli,Bacillales,Thermoactinomycetaceae,Novibacillus,NA,NA,NA,MESIKILLADDNREFTDMMQEWIDAQDDMTVTGLAYNGNDVLDLIQEETPDILILDIIMPHLDGLGVLEHIQHMELNPRPKIIMLTAFGHETITQRAVELGASYYILKPFDMEVLTNRIRQMVSGDSSAKKLPHPVQTAAKKERHLDSNITDIIHEIGVPAHIKGYMYLRDAITMVYYDIELLGSITKVLYPKIAEKYNTTPSRVERAIRHAIEVAWNRGNIDSISSLFGHTINMSKAKPTNSEFIAMVADKLRIEHKVG,2,260,70.38,FALSE,2,260,70.38,FALSE,2,260,70.38,FALSE
WP_087457597.1,254,1903704,Tumebacillus_avium_AR23208,1-254,Bacteria,Terrabacteria group,Firmicutes,Bacilli,Bacillales,Alicyclobacillaceae,Tumebacillus,NA,NA,NA,MKNIKVLIADDNREFAELLKEFVTEQSDMEVVGVAYNGSEVLDLLDSQQPDVIILDIIMPVLDGIGVLEKIQGMQLAYDPKVIMLTAFGQENITKRAVEFGAAYYILKPFDMDVLANRIRQVVRVPGTAPKQQMTRGKNVDASITNIIHEIGVPAHIKGYHYLREAIGMVYKDVEILGSITKVLYPKIAEKYNTTPSRVERAIRHAIEVAWGRGNVDSIRNLFGNTVNVGKAKPTNSEFIAMVADKLRIEAKIS,13,254,71.64999999999999,FALSE,13,254,71.64999999999999,FALSE,13,254,71.64999999999999,FALSE
WP_003019926.1,264,537007,Blautia_hansenii_DSM_20583,1-264,Bacteria,Terrabacteria group,Firmicutes,Clostridia,Eubacteriales,Lachnospiraceae,Blautia,Blautia hansenii,NA,NA,MEKLNVAIADDNEKMLDLLGNLINEDKELELVGHANNGAEIYDIIKEKEPDVVLLDIIMPKVDGLTVMERVGKDNALKKQPAFIVVSAVGQEQITEDAFQLGANYYILKPFDNNMLLSRIKRMRNFRDGRKRDIRKVDAYENTGSYYERNLEADVTDIIHEIGVPAHIKGYQYLRDAIILSVNDMEMLNSITKILYPTIAKKHQTTPSRVERAIRHAIEVAWSRGKMDTIDELFGYTVSTGKGKPTNSEFIALIADKIRLEYKK,9,264,71.21000000000001,FALSE,9,264,71.21000000000001,FALSE,9,264,71.21000000000001,FALSE
WP_089611079.1,256,51515,Dehalobacterium_formicoaceticum_DMC,1-256,Bacteria,Terrabacteria group,Firmicutes,Clostridia,Eubacteriales,Peptococcaceae,Dehalobacterium,NA,NA,NA,MEEKVKILIADDNRDFCEIMKDYLQNQDDFQLCGIAYNGLEALELVEQTEPDVLILDIIMPHLDGIGVLEKLDYLSIHGRPKVIILSALGHELTTQRAVQLGADYYVLKPFDLEVLGNRVRQLAWGKASAPAPSLPVKAKNLDAEVTNIIHQMGVPAHIKGYQYLRDAILMVIDEVSLLGAITKELYPMIGEKYNTTASRVERAIRHAIELAWDRGNVEMMNKFFGYTINVDRGKPTNSEFIAMVADKLRISQKLA,6,256,70.31,FALSE,6,256,70.31,FALSE,6,256,70.31,FALSE
WP_063388135.1,264,33936,Aeribacillus_pallidus_KCTC3564,1-264,Bacteria,Terrabacteria group,Firmicutes,Bacilli,Bacillales,Bacillaceae,Aeribacillus,NA,NA,NA,MEKIKVCIVDDNRELVALLDEYLSSQEDMEVIGVAYNGQECLNILNEKSPDVLVLDIIMPHLDGLAVLQKLKELNKAKKPNVIMLTAFGQEDVTKKAVDLGAAYFILKPFDMEQLAGNIRQVSGKPSPLMKNISLHKSGSAVSENKNDNLDASITSIIHEIGVPAHIKGYLYLREAISMVYNDIELLGSITKVLYPDIAKKFNTTASRVERAIRHAIEVAWSRGNIESISSLFGYTVSMSKAKPTNSEFIAMVADKLRLEHKAS,0,264,79.92,FALSE,0,264,79.92,FALSE,0,264,79.92,FALSE
WP_096464778.1,262,1500254,Aneurinibacillus_soli_CB4,1-262,Bacteria,Terrabacteria group,Firmicutes,Bacilli,Bacillales,Paenibacillaceae,Aneurinibacillus,NA,NA,NA,MKKIQVILADDNREFTELLQEYLNAQEDIEVVGVAFNGNEVLNLMSHTLPDVLILDIVMPHLDGLAVLEQIRNMKLPVMPKIIMLTAFGQEEITKKAVELGVSYYILKPFDMEVLVNRLRQVVGVSAVVTSSIHMLRPPALPPKGKTLDQNITNIIHEIGVPAHIKGYLYLREAITMVYNDVELLGSITKILYPEIAKKFNTTASRVERAIRHAIEVAWNRGNMESIARLFGYTVSNAKAKPTNSEFIAMVADKLRIEHHVS,2,262,69.85,FALSE,2,262,69.85,FALSE,2,262,69.85,FALSE
WP_016837760.1,263,51173,Ureibacillus_thermosphaericus_A1,1-263,Bacteria,Terrabacteria group,Firmicutes,Bacilli,Bacillales,Planococcaceae,Ureibacillus,NA,NA,NA,MTKIRVAIADDNRDLVRTMEQYFENHPDIEIVATASNGKLCLNMLEEYNPDILLLDIIMPHLDGLGVLQEMYKNDRFRDTQVIMLTAFGQEDVMKQAVTYGASYFMLKPFEFDQLVQKILHCAGQKRETVKRQSVLQPEPNGKVNQRQLDTTITSIIKEIGVPAHIKGYAYLREAIQMVYHDIELLGSVTKILYPEIAKKFGTTPSRVERAIRHAIEVAWNRGNYESISQMFGYTVHHLKSKPTNSEFIAMIADKIRIELVAS,3,263,80.23,FALSE,3,263,80.23,FALSE,3,263,80.23,FALSE
WP_005932794.1,252,718252,Faecalibacterium_prausnitzii_A2165,1-252,Bacteria,Terrabacteria group,Firmicutes,Clostridia,Eubacteriales,Oscillospiraceae,Faecalibacterium,Faecalibacterium prausnitzii,NA,NA,MDKIKFLMSDTGAEITAACREALEQKGVEVTVVEKDGLKVLQKMLAVRPQVVLLDAFMPGLDALAVKQKYNAAGERHTSFFVTGAFQSEEMVQELLDEGFAYYFVKPFDETVLANRVLKVAAGQEKRILHTSVDSDELTVTEILHQIGVPAHIKGYQFLRDAILLTMNEPEYINAVTKRLYPEIAKKNGTTASRVERAIRHAIEVAWDRGDVDTLNSYFGYTIHNLRGKPTNSEFIAMIADKMRLDKRQRAV,29,252,100,TRUE,29,252,100,TRUE,29,252,100,TRUE
WP_038293803.1,275,1505,Paeniclostridium_sordellii_AM370,1-275,Bacteria,Terrabacteria group,Firmicutes,Clostridia,Eubacteriales,Peptostreptococcaceae,Paeniclostridium,NA,NA,NA,MGGNLMNEKIKIVLADDNRDFCQVLREYLSNEDDIEILGIAKDGIEALDLVSRTQPDVLVLDVIMPHLDGLGVIEKLNSMNLAKMPKIIVLSAVGQDKITQSAINLGADYYIVKPFDFVIFINRIRGLVSNKNTVVESKSRGSMDIKMTKTDFVKNVGNIETEITNIIHEIGVPAHIKGYLYLREAIKMVIDNVELLGAVTKELYPSIAKKFNTTPSRVERAIRHAIEVAWSRGKVDTINQLFGYTVHNTKGKPTNSEFIAMIADKLRLEHSMVK,5,275,100,FALSE,5,275,100,TRUE,5,275,100,FALSE
WP_102992154.1,261,37482,Laceyella_sacchari_FBKL4.010,1-261,Bacteria,Terrabacteria group,Firmicutes,Bacilli,Bacillales,Thermoactinomycetaceae,Laceyella,NA,NA,NA,MNQIRVILADDNREFAELLKEHLMSQGDIEVIGVAHHGGEVIDMIKQRVPDVLVLDIIMPHLDGLGVLEQIQQMNLQPVPKVIMLTAFGQENITQRAVELGASYYILKPFDLDVLTHRIRQMKGISGKASFVKTSQVSVPSPRANNLDANITNVIHEIGVPAHIKGYLYLREAISMVYNEVDLLGAITKSLYPRIAEKYNTTPSRVERAIRHAIEVAWSRGNMDSIRSLFGYTINVSKAKPTNSEFIAMVADKLRIEHKVG,2,261,72.41000000000001,FALSE,2,261,72.41000000000001,FALSE,2,261,72.41000000000001,FALSE
WP_103080044.1,268,84032,Pseudoclostridium_thermosuccinogenes_DSM_5807,1-268,Bacteria,Terrabacteria group,Firmicutes,Clostridia,Eubacteriales,Oscillospiraceae,Pseudoclostridium,NA,NA,NA,MSEKISILIADDNVQFGNLLQEYISRVSDMDVAGIARDGLQAISMIKSLKPDVVLLDIIMPNLDGLGVLEKMSSVKSGNKPSFIVLTALGQDIFIQKAMALGAGYYIVKPFDMDVLVSRIREIYKYKCYTLFNHEKQQLKKKTFQDSHSFKHDMETLVTNLIRSVGVPPHVTGYQYIREAVIQVIKSPNILYSMTKILYPSVAKKFNSTPQRVERAIRNAIDGAWKKGDLKHIESTLGYCPNKIRSKPSNSEFIALIADKARLSLGIE,46,268,100,TRUE,46,268,100,TRUE,46,268,100,TRUE
WP_103080592.1,268,84032,Pseudoclostridium_thermosuccinogenes_DSM_5807,1-268,Bacteria,Terrabacteria group,Firmicutes,Clostridia,Eubacteriales,Oscillospiraceae,Pseudoclostridium,NA,NA,NA,MLAKKIQVAIADDNREFGDILCEYLNSQEDIEVVGIARDGLEAYELITSTKPDIAILDIIMPHLDGLGVLEKLNATQMEKRPLYIILSAVGQDKITQRALALGAEYYVVKPFDMDVLVSRIRQLKGSNQTSVIRPESIKEAKQPPSPENFQHSLEVEVTNIMHEIGIPAHIKGYQYLRDAIMMVVKDLDIINSITKQLYPSIARIYNTTPSRVERAIRHAIEVAWSRGKVDAIDSLFGYTVSIGKGKPTNSEFIAMVADKLRLELKVG,10,268,79.1,FALSE,10,268,79.1,FALSE,10,268,79.1,FALSE
WP_024361169.1,263,1421,Lysinibacillus_sphaericus_DSM_28,1-263,Bacteria,Terrabacteria group,Firmicutes,Bacilli,Bacillales,Bacillaceae,Lysinibacillus,NA,NA,NA,MTKVKVAIADDNRELLKTMEHYFQGHPEIEIIATASNGKVCLQMLEEYTPDILLLDIIMPHLDGLAVLEAMYQNDRMSSIQVIMLTAFGQEDVMKQAVDLGASYFMLKPFEFDQLVQKILHCAGQKASIPKKASVLQPTTPQKLNQHQLDSTITAIIKEIGVPAHIKGYSYLREAIQMVFEDIELLGSVTKILYPEIAKKFNTTPSRVERAIRHAIEVAWNRGNYESISSMFGYTVHHLKSKPTNSEFIAMIADKIRIDMMAS,3,263,77.95,FALSE,3,263,77.95,FALSE,3,263,77.95,FALSE
WP_079932898.1,257,178899,Carboxydocella_thermautotrophica_41,1-257,Bacteria,Terrabacteria group,Firmicutes,Clostridia,Eubacteriales,Clostridiales Family XVI. Incertae Sedis,Carboxydocella,NA,NA,NA,MMYKDVKILLVDDNREFCDMLSKHLTRDEDFILVGVAHNGLEALELIQSEQPDLIILDLIMPHLDGIGVLERMQTLDLPKRPKILMLTAFGQETVTQKAMQLGADYYLLKPFDFNVLSHRIRQMVDTGYTIPAYTPVAKTKNLDVLVTNIIHEMGVPAHIKGYQYLREAILMVVDHVHLLGAITKELYPAIAEKYNTTPSRVERAIRHAIELAWDRGNVEMMNKFFGYTVNNERGKPTNSEFIAMIADKLRITAKVS,6,257,68.48,FALSE,6,257,68.48,FALSE,6,257,68.48,FALSE
WP_112181266.1,260,2213194,Paraliobacillus_X-1125,1-260,Bacteria,Terrabacteria group,Firmicutes,Bacilli,Bacillales,Bacillaceae,Paraliobacillus,NA,NA,NA,MQKIKVCLVDDNRELIELMEEYFESQSDIEVIGTAFNGKECISLFDEIEPDIVVLDIIMPHMDGLAVLAKLKEMDIAKHPRVIMLTAFGQEEVTTKAVDLGASYFILKPFDLDSLASQIRQVHGAPTSENKTVKQKSSKENHKRDLEANITHIIHEIGVPAHIKGYMYLREAITMVYNDIELLGSITKVLYPDIAKKFNTTASRVERAIRHAIEVAWSRGNIDSISSLFGYTVNVSKAKPTNSEFIAMVADRLRIEHRAS,0,260,72.31,FALSE,0,260,72.31,FALSE,0,260,72.31,FALSE
WP_119883274.1,263,2320858,Paenisporosarcina_K2R23-3,1-263,Bacteria,Terrabacteria group,Firmicutes,Bacilli,Bacillales,Planococcaceae,Paenisporosarcina,NA,NA,NA,MEKVRVFIADDNKELVNTLEAYLNNQDTIEVIGTANNGKTCLAQIQEEKPDVLLLDIIMPHLDGIAVLEQLKQQPDLKDLPVIMLTAFGQEDVMKSAVEYGASYFMLKPFEFDQLVMKIIQISGNEQLKTTRNSVLQPYANAPKSQKVIDTTITAVIKEIGVPAHIKGYSYLREAIHMVYVDIELLGSVTKVLYPDIASKFNTTPSRVERAIRHAIEVAWNRGNYESISKMFGYTVHHLKSKPTNSEFIAMIADKIRLEHMAS,3,263,67.3,FALSE,3,263,67.3,FALSE,3,263,67.3,FALSE
WP_066521021.1,257,626937,Christensenella_minuta_DSM_22607,1-257,Bacteria,Terrabacteria group,Firmicutes,Clostridia,Eubacteriales,Christensenellaceae,Christensenella,NA,NA,NA,MLKEAIDVLLIDDDTQTAHEMEHFLAQQRDIHKVDCACSVREAMEYCSLCSYDIAVVDLVMPGSDGFSFLEQAAEKMKNAPDTIIVSAISSEDVIKKSFHMGAKYYMIKPYRKDVLYRRIWDVLRLREEEETGEGESVRGAASLDQRITDLFLRMGVPPHLKGYQYLKEAVKLTAQDRMIIYSITKELYPKIAQTYGVTTTKVELAIRHTVEVMYDRDRMRHLQEVLGFPPSVNKQKPTNGELIALIADKILSGNDE,32,257,100,TRUE,32,257,100,TRUE,32,257,100,TRUE
WP_121615032.1,259,1482,Virgibacillus_halodenitrificans_Bac324,1-259,Bacteria,Terrabacteria group,Firmicutes,Bacilli,Bacillales,Bacillaceae,Virgibacillus,NA,NA,NA,MGKVKVCLVDDNRELVKLMEEYFEDQSDIEVIGVAHNGRECLSMLEEMEPDVLLLDIIMPHIDGLAVLNTLRNQDGNKPNVIMLTAFGQEEVMKKAVDLGASYFILKPFDLDHLADQIRQVQGNGSFSTPNMRQSNKREKKKQDLEASITNIIHEIGVPAHIKGYMYLREAITMVYNDIELLGSITKVLYPDIAKKYNTTASRVERAIRHAIEVAWSRGNIDSISALFGYTISITKAKPTNSEFIAMVADRLRLEHKAS,0,259,74.13,FALSE,0,259,74.13,FALSE,0,259,74.13,FALSE
WP_123040896.1,271,2480923,Cohnella_18JY8-7,1-271,Bacteria,Terrabacteria group,Firmicutes,Bacilli,Bacillales,Paenibacillaceae,Cohnella,NA,NA,NA,MQRIEVFLADDNREFTNLLSEYIQEQDDMTVIGVAYNGEEVIRQLEETRRVPDVMILDIIMPHLDGLGVLEKLRDMNLSPMPKIIMLTAFGQENITQRAVQLGASYYILKPFDMDVLANRIRQLAGSSASASVSTGSSGSASVIRSNIVPIGKPKNLDANITSIIHEIGVPAHIKGYQYLREAITMVYNNIEILGAITKTLYPAIAEKFKTTPSRVERAIRHAIEVAWTRGNIDSISHLFGYTINIAKSKPTNSEFIAMVADKLRIEHKVS,2,271,100,TRUE,2,271,100,TRUE,2,271,100,TRUE
WP_125990707.1,262,2382161,Halocella_SP3-1,1-262,Bacteria,Terrabacteria group,Firmicutes,Clostridia,Halanaerobiales,Halanaerobiaceae,Halocella,NA,NA,NA,MEENVRIVLVDDNREFCQLLEEYLNEQENYDVVGVAYNGVEGLGLIKEKEPDVLVLDLIMPHLDGIGVMEEMNNLNLTRDIKTIILTAFGQEEVTKRVVELGANYYIMKPFDLDKLVERIDQLMTPPTSSSNGYVLTGNQNSNKKVDLNVRITEVMHHLGVPAHIKGYIYLREAIELVINDIEFLGAVTKELYPTVANKFHTTPSRVERAIRHAIEVSWDRGNITALNKYFGSTVSANSGKPTNSQFIAKIADKLRLELRAS,7,262,70.61,FALSE,7,262,70.61,FALSE,7,262,70.61,FALSE
WP_126309824.1,257,1930071,Methylomusa_anaerophila_MMFC1,1-257,Bacteria,Terrabacteria group,Firmicutes,Negativicutes,Selenomonadales,Sporomusaceae,Methylomusa,NA,NA,NA,MIKESIKVAIADDNREFSDILQECIVREPDIELVGIAYNGEQILSVIEDKSPDVVILDIIMPHLDGIGVLERINASCNKRPKIIMLTAFGQESITQRVMELGADYYVLKPFNMEVLISRIRQLAGTITSQRPVVAQAIKARPMDVEVTNIIREIGIPAHIKGYQYLRDAIMMIVSEVELLGAVTKVLYPMIAEKYNTTPSRVERAIRHAIEVAWNRGNIEMINKLFGYTIKLDKGKPTNSEFMAMIADKLRMEMRVS,14,257,100,TRUE,14,257,100,TRUE,14,257,100,TRUE
WP_127016854.1,269,1323375,Anoxybacter_fermentans_DY22613,1-269,Bacteria,Terrabacteria group,Firmicutes,Clostridia,Halanaerobiales,NA,Anoxybacter,NA,NA,NA,MGINIKGGINLEKDITIVLVDDNKEFCELVREYLDQQENMQVVGVAYNGVEGLKLIEEHQPDVVILDIIMPHLDGIGVLEELNRKNMIQNQKIIMLTAFGHEEVTQRVVELGANYYIMKPFDLEKLVERIDQLMNPVKITTNFSGAAITLKKKDVSVRITEIMHQIGVPAHIKGYLYLREAIEMVIHEIELLGAITKELYPMVAKKFNTTPSRVERAIRHAIEVSWERGNMKAINNIFGHTVTTESGKPTNSQFIAKIADKLRLEMKAS,7,269,100,TRUE,7,269,100,TRUE,7,269,100,TRUE
WP_037563070.1,269,269673,Sporolactobacillus_terrae_DRG1,1-269,Bacteria,Terrabacteria group,Firmicutes,Bacilli,Bacillales,Sporolactobacillaceae,Sporolactobacillus,NA,NA,NA,MQTIKVCMTDDNQELIMLINEYLKSQDDIEVIGTASNGQDCLEMLKNMTPDVLLLDIIMPHLDGLGVLEQIHSNPELPKPGIIMLTAFGQEDVTKKAVELGASYFILKPFDMPNLANHIRQVAGKKAANPVFTSHTLKKQTTLEKNHDLNASITDIIHEIGVPAHIKGYMYLREAISMVYHDIELLGSITKVLYPDIAKKYKTTPSRVERAIRHAIEVAWSRGNVESISQLFGYTVSMSKAKPTNSEFIAMVADKLRIENRAEESMRIL,0,269,70.26,FALSE,0,269,70.26,FALSE,0,269,70.26,FALSE
WP_071138634.1,269,2507161,Sporanaerobacter_NJN-17,1-269,Bacteria,Terrabacteria group,Firmicutes,Tissierellia,Tissierellales,Tissierellaceae,Tissierella,NA,NA,NA,MGKVNILIADDNREFCDILSEYVSMHEDFEVVGIAKDGLEAVDLVAKKLPDVLILDIIMPHLDGLGVIEKINSMVLEKYPKIIVLSAVGQDKITQRAIELGVDYYIVKPFDFEVFIKRLKQITGVNVEKPSQRQYINIPKQTFVNQENKNMEAKITNIIHEIGVPAHIKGYLYLREAIFMVIDNIELLGAVTKELYPSIARKYNTTPSRVERAIRHAIEVAWGRGKIDTIDSIFGYTVHTDKGKPTNSEFIAMVADKLRLEQEMAESKS,5,269,70.26,FALSE,5,269,70.26,FALSE,5,269,70.26,FALSE
WP_128745480.1,266,2507160,Aminipila_JN-39,1-266,Bacteria,Terrabacteria group,Firmicutes,Clostridia,Eubacteriales,Eubacteriales Family XIII. Incertae Sedis,Aminipila,NA,NA,NA,MTKISIGIADDNKDFCEILSDYFTEQENIDITFVANDGIQTVDCVKKFLPDVLILDMIMPHLDGLGVLENINNMDLPKYPKTIMLSAVGQESITQKATKLGAEYYLVKPFNLGVLSKRINQLFGEEMQESAGKLTSIRTVVNNNTEKTNNDLEVDITNIIHEVDVPAHIKGYQYLRDAITMVVEDMDLLGAVTKELYPAIAKLNNTTPSRVERAIRHAIEVAWNRGKIETINNLFGYTVHNDKGKPTNSEFIAIIADKLRLERKIS,54,266,100,TRUE,54,266,100,TRUE,54,266,100,TRUE
WP_128743621.1,261,2507162,Caproiciproducens_NJN-50,1-261,Bacteria,Terrabacteria group,Firmicutes,Clostridia,Eubacteriales,Oscillospiraceae,Caproiciproducens,NA,NA,NA,MEKRIKLLIANDSTEFHNDYGRVFESSELEVSYAQKDGIKLLEKIETIHPDVVLADLFMPRLDGIGVIKATRTKMPGAKPLFVIVSNFTSPTLEREVMMSGAAYFAICPFDAADLADRIVQLCDMNGLSAAAPAKSRQASQDPEPSLEIQVTEILHQIGVPAHIKGYHYLRDSIIMAIETPDIINAVTKQLYPSVAKRYNTTASRVERAIRHAIEVAWDRGDVDILNSYFGYTIHNTRGKPTNSEFIAMISDRLRLHMKTA,22,261,100,TRUE,22,261,100,TRUE,22,261,100,TRUE
WP_058258519.1,269,1679721,Herbinix_luporum_SD1D,1-269,Bacteria,Terrabacteria group,Firmicutes,Clostridia,Eubacteriales,Lachnospiraceae,Herbinix,NA,NA,NA,MSKINVAIVDDNERMVNLLEDILKEDADIEVVGKSENGIDALDMIKEKKPDVVLLDLIMPKLDGLGVMEKVRRDSEFKKNPSFIIITAIGQEGVTESAFELGANYYIMKPFDSNVVLSRIKQIKRKSHTRLTDSHRVSAYENKSDYMERNLEADVTNIIHEIGVPAHIKGYQYLRDAIMMSVNDAEMLNSITKLLYPSIAKRHKTTPSRVERAIRHAIEVAWSRGKMDTIDELFGYTVSNGKGKPTNSEFVALIADKIRLEYKLRSNNI,9,269,100,TRUE,9,269,100,TRUE,9,269,100,TRUE
WP_106788447.1,263,2086584,Mordavella_Marseille-P3756,1-263,Bacteria,Terrabacteria group,Firmicutes,Clostridia,Eubacteriales,NA,Massilistercora,NA,NA,NA,MSEINVAIADDNERILDLLGEIIDSDKDLRLVGKASNGEDVYRLIREKQPDVVLLDLIMPKMDGLSVMDLVNADTELKKHPAFIVITAVGQERITEDAFRKGANYYILKPFNNETVLGRIKHTNQGERPRPEGIKDGEPVVCGQSQVNLEARVTDMIHEIGIPAHIKGYHYLRDAILMAVEDMDVLNAITKVLYPTVAKIHQTTASRVERAIRHAIEVAWSRGKLDTLDQLFGYTVSNGKGKPTNSEFIALIADTIRLEYKNR,35,263,100,TRUE,35,263,100,TRUE,35,263,100,TRUE
WP_126344016.1,264,1650,Kurthia_zopfii_NCTC404,1-264,Bacteria,Terrabacteria group,Firmicutes,Bacilli,Bacillales,Planococcaceae,Kurthia,NA,NA,NA,MAQVKVAIADDNKELVASLVTYLQRNSEIEVIHTASNGKQCLNLLEDDVPDVLILDIIMPHLDGLAVLEEIHQDARLKSIEVIMLTAFGQEDIMKQASDLGAAYFMLKPFEYSRLESKILECATRKNDRAQKKTENDFVALSPTQNIPNLENRITAIIKEIGVPGHVKGYGYMKEAIQMVYEDIDLLSSITKVLYPEIAKKCDTTASRVERAIRHAIGLAWDRGNYEAVSKLFGYTTQHMKQKPTNSEFIAMVAEKIRLETAEK,47,264,100,TRUE,47,264,100,TRUE,47,264,100,TRUE
