gtdb_d,gtdb_p,gtdb_c,gtdb_o,gtdb_f,f_spor
d__Bacteria,p__Firmicutes,c__Alicyclobacillia,o__Alicyclobacillales,f__Acidibacillaceae,NA
d__Bacteria,p__Firmicutes,c__Alicyclobacillia,o__Alicyclobacillales,f__Alicyclobacillaceae,TRUE
d__Bacteria,p__Firmicutes,c__Alicyclobacillia,o__Kyrpidiales,f__Kyrpidiaceae,TRUE
d__Bacteria,p__Firmicutes,c__Alicyclobacillia,o__Tumebacillales,f__Effusibacillaceae,TRUE
d__Bacteria,p__Firmicutes,c__Alicyclobacillia,o__Tumebacillales,f__Tumebacillaceae,TRUE
d__Bacteria,p__Firmicutes,c__Bacilli,o__Acholeplasmatales,f__Acholeplasmataceae,NA
d__Bacteria,p__Firmicutes,c__Bacilli,o__Acholeplasmatales,f__Anaeroplasmataceae,FALSE
d__Bacteria,p__Firmicutes,c__Bacilli,o__Acholeplasmatales,f__UBA5453,NA
d__Bacteria,p__Firmicutes,c__Bacilli,o__Acholeplasmatales,f__WRBM01,NA
d__Bacteria,p__Firmicutes,c__Bacilli,o__Aneurinibacillales,f__Aneurinibacillaceae,TRUE
d__Bacteria,p__Firmicutes,c__Bacilli,o__Aneurinibacillales,f__RAOX-1,TRUE
d__Bacteria,p__Firmicutes,c__Bacilli,o__Bacillales,f__Aeribacillaceae,TRUE
d__Bacteria,p__Firmicutes,c__Bacilli,o__Bacillales,f__Anoxybacillaceae,TRUE
d__Bacteria,p__Firmicutes,c__Bacilli,o__Bacillales,f__Bacillaceae,TRUE
d__Bacteria,p__Firmicutes,c__Bacilli,o__Bacillales,f__Bacillaceae_G,TRUE
d__Bacteria,p__Firmicutes,c__Bacilli,o__Bacillales,f__Bacillaceae_H,TRUE
d__Bacteria,p__Firmicutes,c__Bacilli,o__Bacillales,f__Bacillaceae_I,TRUE
d__Bacteria,p__Firmicutes,c__Bacilli,o__Bacillales,f__Bacillaceae_L,TRUE
d__Bacteria,p__Firmicutes,c__Bacilli,o__Bacillales,f__HMF5848,TRUE
d__Bacteria,p__Firmicutes,c__Bacilli,o__Bacillales,f__SA4,TRUE
d__Bacteria,p__Firmicutes,c__Bacilli,o__Bacillales_A,f__Planococcaceae,TRUE
d__Bacteria,p__Firmicutes,c__Bacilli,o__Bacillales_B,f__Bacillaceae_B,TRUE
d__Bacteria,p__Firmicutes,c__Bacilli,o__Bacillales_B,f__Bacillaceae_C,TRUE
d__Bacteria,p__Firmicutes,c__Bacilli,o__Bacillales_B,f__Bacillaceae_K,TRUE
d__Bacteria,p__Firmicutes,c__Bacilli,o__Bacillales_B,f__Caldibacillaceae,TRUE
d__Bacteria,p__Firmicutes,c__Bacilli,o__Bacillales_B,f__Caldibacillaceae_A,TRUE
d__Bacteria,p__Firmicutes,c__Bacilli,o__Bacillales_B,f__Domibacillaceae,TRUE
d__Bacteria,p__Firmicutes,c__Bacilli,o__Bacillales_B,f__DSM-1321,TRUE
d__Bacteria,p__Firmicutes,c__Bacilli,o__Bacillales_B,f__DSM-18226,TRUE
d__Bacteria,p__Firmicutes,c__Bacilli,o__Bacillales_B,f__DSM-25281,TRUE
d__Bacteria,p__Firmicutes,c__Bacilli,o__Bacillales_B,f__Jeotgalibacillaceae,FALSE
d__Bacteria,p__Firmicutes,c__Bacilli,o__Bacillales_C,f__Bacillaceae_J,TRUE
d__Bacteria,p__Firmicutes,c__Bacilli,o__Bacillales_C,f__Bacillaceae_N,TRUE
d__Bacteria,p__Firmicutes,c__Bacilli,o__Bacillales_D,f__Alkalibacillaceae,TRUE
d__Bacteria,p__Firmicutes,c__Bacilli,o__Bacillales_D,f__Amphibacillaceae,TRUE
d__Bacteria,p__Firmicutes,c__Bacilli,o__Bacillales_D,f__Bacillaceae_O,TRUE
d__Bacteria,p__Firmicutes,c__Bacilli,o__Bacillales_D,f__DSM-28697,TRUE
d__Bacteria,p__Firmicutes,c__Bacilli,o__Bacillales_D,f__Halobacillaceae,TRUE
d__Bacteria,p__Firmicutes,c__Bacilli,o__Bacillales_E,f__Massilibacteriaceae,TRUE
d__Bacteria,p__Firmicutes,c__Bacilli,o__Bacillales_E,f__SA5d-4,TRUE
d__Bacteria,p__Firmicutes,c__Bacilli,o__Bacillales_F,f__Bacillaceae_M,TRUE
d__Bacteria,p__Firmicutes,c__Bacilli,o__Bacillales_G,f__Anaerobacillaceae_A,TRUE
d__Bacteria,p__Firmicutes,c__Bacilli,o__Bacillales_G,f__Fictibacillaceae,TRUE
d__Bacteria,p__Firmicutes,c__Bacilli,o__Bacillales_G,f__Sporolactobacillaceae,TRUE
d__Bacteria,p__Firmicutes,c__Bacilli,o__Bacillales_G,f__UBA6769,TRUE
d__Bacteria,p__Firmicutes,c__Bacilli,o__Bacillales_H,f__Anaerobacillaceae,TRUE
d__Bacteria,p__Firmicutes,c__Bacilli,o__Bacillales_H,f__Bacillaceae_D,TRUE
d__Bacteria,p__Firmicutes,c__Bacilli,o__Bacillales_H,f__Bacillaceae_F,TRUE
d__Bacteria,p__Firmicutes,c__Bacilli,o__Bacillales_H,f__Marinococcaceae,TRUE
d__Bacteria,p__Firmicutes,c__Bacilli,o__Bacillales_H,f__Salisediminibacteriaceae,TRUE
d__Bacteria,p__Firmicutes,c__Bacilli,o__Brevibacillales,f__Brevibacillaceae,TRUE
d__Bacteria,p__Firmicutes,c__Bacilli,o__Caldalkalibacillales,f__Caldalkalibacillaceae,TRUE
d__Bacteria,p__Firmicutes,c__Bacilli,o__Calditerricolales,f__Calditerricolaceae,TRUE
d__Bacteria,p__Firmicutes,c__Bacilli,o__DSM-22653,f__DSM-22653,TRUE
d__Bacteria,p__Firmicutes,c__Bacilli,o__Erysipelotrichales,f__Erysipelatoclostridiaceae,FALSE
d__Bacteria,p__Firmicutes,c__Bacilli,o__Erysipelotrichales,f__Erysipelotrichaceae,TRUE
d__Bacteria,p__Firmicutes,c__Bacilli,o__Exiguobacterales,f__Exiguobacteraceae,TRUE
d__Bacteria,p__Firmicutes,c__Bacilli,o__Haloplasmatales,f__Haloplasmataceae,NA
d__Bacteria,p__Firmicutes,c__Bacilli,o__Haloplasmatales_A,f__Turicibacteraceae,FALSE
d__Bacteria,p__Firmicutes,c__Bacilli,o__Izemoplasmatales,f__Izemoplasmataceae,NA
d__Bacteria,p__Firmicutes,c__Bacilli,o__Izemoplasmatales,f__UBA1188,FALSE
d__Bacteria,p__Firmicutes,c__Bacilli,o__Izemoplasmatales,f__UBA5603,NA
d__Bacteria,p__Firmicutes,c__Bacilli,o__Lactobacillales,f__Aerococcaceae,FALSE
d__Bacteria,p__Firmicutes,c__Bacilli,o__Lactobacillales,f__Carnobacteriaceae,FALSE
d__Bacteria,p__Firmicutes,c__Bacilli,o__Lactobacillales,f__Catellicoccaceae,FALSE
d__Bacteria,p__Firmicutes,c__Bacilli,o__Lactobacillales,f__Enterococcaceae,FALSE
d__Bacteria,p__Firmicutes,c__Bacilli,o__Lactobacillales,f__Lactobacillaceae,FALSE
d__Bacteria,p__Firmicutes,c__Bacilli,o__Lactobacillales,f__Listeriaceae,FALSE
d__Bacteria,p__Firmicutes,c__Bacilli,o__Lactobacillales,f__Streptococcaceae,FALSE
d__Bacteria,p__Firmicutes,c__Bacilli,o__Lactobacillales,f__Vagococcaceae,FALSE
d__Bacteria,p__Firmicutes,c__Bacilli,o__MAG-NZ,f__MAG-NZ,NA
d__Bacteria,p__Firmicutes,c__Bacilli,o__ML615J-28,f__CAG-313,FALSE
d__Bacteria,p__Firmicutes,c__Bacilli,o__ML615J-28,f__CAG-698,FALSE
d__Bacteria,p__Firmicutes,c__Bacilli,o__Mycoplasmatales,f__GCF-1484045,NA
d__Bacteria,p__Firmicutes,c__Bacilli,o__Mycoplasmatales,f__Hepatoplasmataceae,NA
d__Bacteria,p__Firmicutes,c__Bacilli,o__Mycoplasmatales,f__JABABV01,NA
d__Bacteria,p__Firmicutes,c__Bacilli,o__Mycoplasmatales,f__Metamycoplasmataceae,NA
d__Bacteria,p__Firmicutes,c__Bacilli,o__Mycoplasmatales,f__MT37,NA
d__Bacteria,p__Firmicutes,c__Bacilli,o__Mycoplasmatales,f__Mycoplasmataceae,NA
d__Bacteria,p__Firmicutes,c__Bacilli,o__Mycoplasmatales,f__Mycoplasmoidaceae,NA
d__Bacteria,p__Firmicutes,c__Bacilli,o__Mycoplasmatales,f__UBA3375,NA
d__Bacteria,p__Firmicutes,c__Bacilli,o__Mycoplasmatales,f__VBWQ01,NA
d__Bacteria,p__Firmicutes,c__Bacilli,o__Paenibacillales,f__Paenibacillaceae,TRUE
d__Bacteria,p__Firmicutes,c__Bacilli,o__Paenibacillales,f__Reconcilibacillaceae,TRUE
d__Bacteria,p__Firmicutes,c__Bacilli,o__RF39,f__UBA660,FALSE
d__Bacteria,p__Firmicutes,c__Bacilli,o__RFN20,f__CAG-288,FALSE
d__Bacteria,p__Firmicutes,c__Bacilli,o__RFN20,f__CAG-449,NA
d__Bacteria,p__Firmicutes,c__Bacilli,o__RFN20,f__CAG-631,NA
d__Bacteria,p__Firmicutes,c__Bacilli,o__RFN20,f__CAG-826,FALSE
d__Bacteria,p__Firmicutes,c__Bacilli,o__RFN20,f__DUOF01,NA
d__Bacteria,p__Firmicutes,c__Bacilli,o__RFN20,f__UBA1709,NA
d__Bacteria,p__Firmicutes,c__Bacilli,o__Rubeoparvulales,f__Rubeoparvulaceae,TRUE
d__Bacteria,p__Firmicutes,c__Bacilli,o__Staphylococcales,f__DSM-29158,FALSE
d__Bacteria,p__Firmicutes,c__Bacilli,o__Staphylococcales,f__Gemellaceae,FALSE
d__Bacteria,p__Firmicutes,c__Bacilli,o__Staphylococcales,f__Salinicoccaceae,FALSE
d__Bacteria,p__Firmicutes,c__Bacilli,o__Staphylococcales,f__Staphylococcaceae,FALSE
d__Bacteria,p__Firmicutes,c__Bacilli,o__Tepidibacillales,f__Tepidibacillaceae,TRUE
d__Bacteria,p__Firmicutes,c__Bacilli,o__Thermicanales,f__Thermicanaceae,TRUE
d__Bacteria,p__Firmicutes,c__Bacilli,o__Thermoactinomycetales,f__Novibacillaceae,TRUE
d__Bacteria,p__Firmicutes,c__Bacilli,o__Thermoactinomycetales,f__Thermoactinomycetaceae,TRUE
d__Bacteria,p__Firmicutes,c__Bacilli,o__ZOR0006,f__BHER01,FALSE
d__Bacteria,p__Firmicutes,c__Bacilli,o__ZOR0006,f__VBWP01,NA
d__Bacteria,p__Firmicutes,c__Bacilli,o__ZOR0006,f__ZOR0006,NA
d__Bacteria,p__Firmicutes_A,c__Ch29,o__Ch29,f__Ch29,NA
d__Bacteria,p__Firmicutes_A,c__Clostridia,o__Acetivibrionales,f__Acetivibrionaceae,TRUE
d__Bacteria,p__Firmicutes_A,c__Clostridia,o__Acetivibrionales,f__DSM-8532,TRUE
d__Bacteria,p__Firmicutes_A,c__Clostridia,o__Acetivibrionales,f__DULL01,TRUE
d__Bacteria,p__Firmicutes_A,c__Clostridia,o__Acetivibrionales,f__DUMB01,TRUE
d__Bacteria,p__Firmicutes_A,c__Clostridia,o__Acetivibrionales,f__DUMC01,TRUE
d__Bacteria,p__Firmicutes_A,c__Clostridia,o__Acetivibrionales,f__DUMO01,TRUE
d__Bacteria,p__Firmicutes_A,c__Clostridia,o__Acetivibrionales,f__SZUA-474,NA
d__Bacteria,p__Firmicutes_A,c__Clostridia,o__Clostridiales,f__Caloramatoraceae,TRUE
d__Bacteria,p__Firmicutes_A,c__Clostridia,o__Clostridiales,f__Clostridiaceae,TRUE
d__Bacteria,p__Firmicutes_A,c__Clostridia,o__Clostridiales,f__Oxobacteraceae,TRUE
d__Bacteria,p__Firmicutes_A,c__Clostridia,o__DUPQ01,f__DUPQ01,TRUE
d__Bacteria,p__Firmicutes_A,c__Clostridia,o__Eubacteriales,f__Alkalibacteraceae,FALSE
d__Bacteria,p__Firmicutes_A,c__Clostridia,o__Eubacteriales,f__Anaerofustaceae,FALSE
d__Bacteria,p__Firmicutes_A,c__Clostridia,o__Eubacteriales,f__Eubacteriaceae,FALSE
d__Bacteria,p__Firmicutes_A,c__Clostridia,o__Eubacteriales,f__Garciellaceae,FALSE
d__Bacteria,p__Firmicutes_A,c__Clostridia,o__Eubacteriales,f__UBA1433,FALSE
d__Bacteria,p__Firmicutes_A,c__Clostridia,o__HGM11514,f__HGM11514,NA
d__Bacteria,p__Firmicutes_A,c__Clostridia,o__JAAYHZ01,f__JAAYHZ01,TRUE
d__Bacteria,p__Firmicutes_A,c__Clostridia,o__Lachnospirales,f__Anaerotignaceae,TRUE
d__Bacteria,p__Firmicutes_A,c__Clostridia,o__Lachnospirales,f__CAG-274,FALSE
d__Bacteria,p__Firmicutes_A,c__Clostridia,o__Lachnospirales,f__Cellulosilyticaceae,TRUE
d__Bacteria,p__Firmicutes_A,c__Clostridia,o__Lachnospirales,f__Defluviitaleaceae,TRUE
d__Bacteria,p__Firmicutes_A,c__Clostridia,o__Lachnospirales,f__DSM-24629,NA
d__Bacteria,p__Firmicutes_A,c__Clostridia,o__Lachnospirales,f__JAAYNZ01,TRUE
d__Bacteria,p__Firmicutes_A,c__Clostridia,o__Lachnospirales,f__Lachnospiraceae,TRUE
d__Bacteria,p__Firmicutes_A,c__Clostridia,o__Lachnospirales,f__UBA12420,NA
d__Bacteria,p__Firmicutes_A,c__Clostridia,o__Lachnospirales,f__UBA1390,TRUE
d__Bacteria,p__Firmicutes_A,c__Clostridia,o__Lachnospirales,f__UBA5962,TRUE
d__Bacteria,p__Firmicutes_A,c__Clostridia,o__Lachnospirales,f__Vallitaleaceae,TRUE
d__Bacteria,p__Firmicutes_A,c__Clostridia,o__Lachnospirales,f__Vallitaleaceae_A,NA
d__Bacteria,p__Firmicutes_A,c__Clostridia,o__Lachnospirales,f__WRAX01,TRUE
d__Bacteria,p__Firmicutes_A,c__Clostridia,o__Lachnospirales,f__WRBF01,TRUE
d__Bacteria,p__Firmicutes_A,c__Clostridia,o__Lutisporales,f__Lutisporaceae,TRUE
d__Bacteria,p__Firmicutes_A,c__Clostridia,o__Monoglobales,f__Firm-18,TRUE
d__Bacteria,p__Firmicutes_A,c__Clostridia,o__Monoglobales,f__Monoglobaceae,FALSE
d__Bacteria,p__Firmicutes_A,c__Clostridia,o__Monoglobales,f__UMGS1388,NA
d__Bacteria,p__Firmicutes_A,c__Clostridia,o__Monoglobales,f__WRAG01,FALSE
d__Bacteria,p__Firmicutes_A,c__Clostridia,o__Monoglobales,f__WRBX01,FALSE
d__Bacteria,p__Firmicutes_A,c__Clostridia,o__Monoglobales_A,f__UBA1381,TRUE
d__Bacteria,p__Firmicutes_A,c__Clostridia,o__Monoglobales_A,f__UBA9506,TRUE
d__Bacteria,p__Firmicutes_A,c__Clostridia,o__Monoglobales_A,f__UMGS1253,NA
d__Bacteria,p__Firmicutes_A,c__Clostridia,o__Oscillospirales,f__Acutalibacteraceae,FALSE
d__Bacteria,p__Firmicutes_A,c__Clostridia,o__Oscillospirales,f__Butyricicoccaceae,TRUE
d__Bacteria,p__Firmicutes_A,c__Clostridia,o__Oscillospirales,f__BX7,NA
d__Bacteria,p__Firmicutes_A,c__Clostridia,o__Oscillospirales,f__CAG-272,FALSE
d__Bacteria,p__Firmicutes_A,c__Clostridia,o__Oscillospirales,f__CAG-382,FALSE
d__Bacteria,p__Firmicutes_A,c__Clostridia,o__Oscillospirales,f__CAG-382_A,FALSE
d__Bacteria,p__Firmicutes_A,c__Clostridia,o__Oscillospirales,f__Ethanoligenenaceae,FALSE
d__Bacteria,p__Firmicutes_A,c__Clostridia,o__Oscillospirales,f__Oscillospiraceae,FALSE
d__Bacteria,p__Firmicutes_A,c__Clostridia,o__Oscillospirales,f__QAKW01,NA
d__Bacteria,p__Firmicutes_A,c__Clostridia,o__Oscillospirales,f__QAMX01,NA
d__Bacteria,p__Firmicutes_A,c__Clostridia,o__Oscillospirales,f__Ruminococcaceae,TRUE
d__Bacteria,p__Firmicutes_A,c__Clostridia,o__Oscillospirales,f__UBA1758,NA
d__Bacteria,p__Firmicutes_A,c__Clostridia,o__Oscillospirales,f__UBA644,NA
d__Bacteria,p__Firmicutes_A,c__Clostridia,o__Oscillospirales,f__UMGS1783,NA
d__Bacteria,p__Firmicutes_A,c__Clostridia,o__Oscillospirales,f__WRJC01,FALSE
d__Bacteria,p__Firmicutes_A,c__Clostridia,o__Peptostreptococcales,f__Acidaminobacteraceae,TRUE
d__Bacteria,p__Firmicutes_A,c__Clostridia,o__Peptostreptococcales,f__Anaerovoracaceae,TRUE
d__Bacteria,p__Firmicutes_A,c__Clostridia,o__Peptostreptococcales,f__BM714,NA
d__Bacteria,p__Firmicutes_A,c__Clostridia,o__Peptostreptococcales,f__Caminicellaceae,TRUE
d__Bacteria,p__Firmicutes_A,c__Clostridia,o__Peptostreptococcales,f__Filifactoraceae,TRUE
d__Bacteria,p__Firmicutes_A,c__Clostridia,o__Peptostreptococcales,f__JAAYPU01,NA
d__Bacteria,p__Firmicutes_A,c__Clostridia,o__Peptostreptococcales,f__Natronincolaceae,TRUE
d__Bacteria,p__Firmicutes_A,c__Clostridia,o__Peptostreptococcales,f__Peptostreptococcaceae,TRUE
d__Bacteria,p__Firmicutes_A,c__Clostridia,o__Peptostreptococcales,f__T1SED10-28,TRUE
d__Bacteria,p__Firmicutes_A,c__Clostridia,o__Peptostreptococcales,f__Thermotaleaceae,TRUE
d__Bacteria,p__Firmicutes_A,c__Clostridia,o__Peptostreptococcales,f__Tindalliaceae,TRUE
d__Bacteria,p__Firmicutes_A,c__Clostridia,o__RUG12999,f__RUG12999,FALSE
d__Bacteria,p__Firmicutes_A,c__Clostridia,o__Saccharofermentanales,f__DTU023,TRUE
d__Bacteria,p__Firmicutes_A,c__Clostridia,o__Saccharofermentanales,f__Fastidiosipilaceae,TRUE
d__Bacteria,p__Firmicutes_A,c__Clostridia,o__Saccharofermentanales,f__Saccharofermentanaceae,FALSE
d__Bacteria,p__Firmicutes_A,c__Clostridia,o__Saccharofermentanales,f__UBA5734,TRUE
d__Bacteria,p__Firmicutes_A,c__Clostridia,o__SK-Y3,f__JACMMQ01,NA
d__Bacteria,p__Firmicutes_A,c__Clostridia,o__SK-Y3,f__SK-Y3,TRUE
d__Bacteria,p__Firmicutes_A,c__Clostridia,o__TANB77,f__CAG-465,TRUE
d__Bacteria,p__Firmicutes_A,c__Clostridia,o__TANB77,f__CAG-508,TRUE
d__Bacteria,p__Firmicutes_A,c__Clostridia,o__TANB77,f__UBA1234,NA
d__Bacteria,p__Firmicutes_A,c__Clostridia,o__Tissierellales,f__Caldisalinibacteraceae,TRUE
d__Bacteria,p__Firmicutes_A,c__Clostridia,o__Tissierellales,f__Caloranaerobacteraceae,TRUE
d__Bacteria,p__Firmicutes_A,c__Clostridia,o__Tissierellales,f__Clostridiisalibacteraceae,TRUE
d__Bacteria,p__Firmicutes_A,c__Clostridia,o__Tissierellales,f__Dethiosulfatibacteraceae,NA
d__Bacteria,p__Firmicutes_A,c__Clostridia,o__Tissierellales,f__Gottschalkiaceae,TRUE
d__Bacteria,p__Firmicutes_A,c__Clostridia,o__Tissierellales,f__GPF-1,NA
d__Bacteria,p__Firmicutes_A,c__Clostridia,o__Tissierellales,f__MCWD3,TRUE
d__Bacteria,p__Firmicutes_A,c__Clostridia,o__Tissierellales,f__MES13,NA
d__Bacteria,p__Firmicutes_A,c__Clostridia,o__Tissierellales,f__Peptoniphilaceae,FALSE
d__Bacteria,p__Firmicutes_A,c__Clostridia,o__Tissierellales,f__PP17-6a,NA
d__Bacteria,p__Firmicutes_A,c__Clostridia,o__Tissierellales,f__Proteiniboraceae,NA
d__Bacteria,p__Firmicutes_A,c__Clostridia,o__Tissierellales,f__Sedimentibacteraceae,NA
d__Bacteria,p__Firmicutes_A,c__Clostridia,o__Tissierellales,f__SIT17,TRUE
d__Bacteria,p__Firmicutes_A,c__Clostridia,o__Tissierellales,f__Sporanaerobacteraceae,TRUE
d__Bacteria,p__Firmicutes_A,c__Clostridia,o__Tissierellales,f__Sporanaerobacteraceae,TRUE
d__Bacteria,p__Firmicutes_A,c__Clostridia,o__Tissierellales,f__Tepidimicrobiaceae,TRUE
d__Bacteria,p__Firmicutes_A,c__Clostridia,o__Tissierellales,f__Tissierellaceae,TRUE
d__Bacteria,p__Firmicutes_A,c__Clostridia,o__Tissierellales,f__VENL01,NA
d__Bacteria,p__Firmicutes_A,c__Clostridia,o__UBA1212,f__UBA1212,FALSE
d__Bacteria,p__Firmicutes_A,c__Clostridia,o__UBA1212,f__UBA1255,FALSE
d__Bacteria,p__Firmicutes_A,c__Clostridia,o__UBA1212,f__UBA1257,TRUE
d__Bacteria,p__Firmicutes_A,c__Clostridia,o__UBA4821,f__UBA4821,NA
d__Bacteria,p__Firmicutes_A,c__Clostridia,o__UBA8921,f__UBA8921,NA
d__Bacteria,p__Firmicutes_A,c__Clostridia,o__UMGS1810,f__UMGS1810,FALSE
d__Bacteria,p__Firmicutes_A,c__Clostridia,o__UMGS1840,f__UMGS1840,NA
d__Bacteria,p__Firmicutes_A,c__Clostridia,o__UMGS1883,f__HGM11501,NA
d__Bacteria,p__Firmicutes_A,c__Clostridia,o__UMGS1883,f__JAAYMJ01,TRUE
d__Bacteria,p__Firmicutes_A,c__Clostridia,o__UMGS1883,f__UMGS1883,NA
d__Bacteria,p__Firmicutes_A,c__Clostridia,o__WRCU01,f__WRCU01,FALSE
d__Bacteria,p__Firmicutes_A,c__Clostridia,o__WRLR01,f__WRLR01,FALSE
d__Bacteria,p__Firmicutes_A,c__Clostridia_A,o__Christensenellales,f__Borkfalkiaceae,FALSE
d__Bacteria,p__Firmicutes_A,c__Clostridia_A,o__Christensenellales,f__CAG-1252,FALSE
d__Bacteria,p__Firmicutes_A,c__Clostridia_A,o__Christensenellales,f__CAG-138,FALSE
d__Bacteria,p__Firmicutes_A,c__Clostridia_A,o__Christensenellales,f__CAG-314,FALSE
d__Bacteria,p__Firmicutes_A,c__Clostridia_A,o__Christensenellales,f__CAG-552,TRUE
d__Bacteria,p__Firmicutes_A,c__Clostridia_A,o__Christensenellales,f__CAG-74,FALSE
d__Bacteria,p__Firmicutes_A,c__Clostridia_A,o__Christensenellales,f__CAG-917,FALSE
d__Bacteria,p__Firmicutes_A,c__Clostridia_A,o__Christensenellales,f__Christensenellaceae,FALSE
d__Bacteria,p__Firmicutes_A,c__Clostridia_A,o__Christensenellales,f__DTU072,FALSE
d__Bacteria,p__Firmicutes_A,c__Clostridia_A,o__Christensenellales,f__DUVY01,NA
d__Bacteria,p__Firmicutes_A,c__Clostridia_A,o__Christensenellales,f__GCA-900066905,TRUE
d__Bacteria,p__Firmicutes_A,c__Clostridia_A,o__Christensenellales,f__HGM11327,NA
d__Bacteria,p__Firmicutes_A,c__Clostridia_A,o__Christensenellales,f__HGM11417,NA
d__Bacteria,p__Firmicutes_A,c__Clostridia_A,o__Christensenellales,f__MARSEILLE-P3954,FALSE
d__Bacteria,p__Firmicutes_A,c__Clostridia_A,o__Christensenellales,f__NSJ-53,FALSE
d__Bacteria,p__Firmicutes_A,c__Clostridia_A,o__Christensenellales,f__QALW01,NA
d__Bacteria,p__Firmicutes_A,c__Clostridia_A,o__Christensenellales,f__QAND01,NA
d__Bacteria,p__Firmicutes_A,c__Clostridia_A,o__Christensenellales,f__RUG350,NA
d__Bacteria,p__Firmicutes_A,c__Clostridia_A,o__Christensenellales,f__SZUA-584,FALSE
d__Bacteria,p__Firmicutes_A,c__Clostridia_A,o__Christensenellales,f__UBA1242,FALSE
d__Bacteria,p__Firmicutes_A,c__Clostridia_A,o__Christensenellales,f__UBA1431,FALSE
d__Bacteria,p__Firmicutes_A,c__Clostridia_A,o__Christensenellales,f__UBA1750,FALSE
d__Bacteria,p__Firmicutes_A,c__Clostridia_A,o__Christensenellales,f__UBA3700,FALSE
d__Bacteria,p__Firmicutes_A,c__Clostridia_A,o__Christensenellales,f__UBA6094,FALSE
d__Bacteria,p__Firmicutes_A,c__Clostridia_A,o__Christensenellales,f__UBA941,FALSE
d__Bacteria,p__Firmicutes_A,c__Clostridia_A,o__Christensenellales,f__UMGS416,NA
d__Bacteria,p__Firmicutes_A,c__Clostridia_A,o__Christensenellales,f__WQRI01,NA
d__Bacteria,p__Firmicutes_B,c__Dehalobacteriia,o__Dehalobacteriales,f__Dehalobacteriaceae,TRUE
d__Bacteria,p__Firmicutes_B,c__Dehalobacteriia,o__UBA4068,f__UBA4068,TRUE
d__Bacteria,p__Firmicutes_B,c__Dehalobacteriia,o__UBA4068,f__UBA5755,TRUE
d__Bacteria,p__Firmicutes_B,c__Dehalobacteriia,o__UBA7702,f__UBA7702,TRUE
d__Bacteria,p__Firmicutes_B,c__Desulfitobacteriia,o__Desulfitobacteriales,f__Desulfitobacteriaceae,TRUE
d__Bacteria,p__Firmicutes_B,c__Desulfitobacteriia,o__Desulfitobacteriales,f__Syntrophobotulaceae,TRUE
d__Bacteria,p__Firmicutes_B,c__Desulfitobacteriia,o__Heliobacteriales,f__Heliobacteriaceae,TRUE
d__Bacteria,p__Firmicutes_B,c__Desulfotomaculia,o__Ammonifexales,f__Ammonificaceae,TRUE
d__Bacteria,p__Firmicutes_B,c__Desulfotomaculia,o__Ammonifexales,f__Desulforudaceae,TRUE
d__Bacteria,p__Firmicutes_B,c__Desulfotomaculia,o__Ammonifexales,f__UBA12532,TRUE
d__Bacteria,p__Firmicutes_B,c__Desulfotomaculia,o__Carboxydothermales,f__Carboxydothermaceae,TRUE
d__Bacteria,p__Firmicutes_B,c__Desulfotomaculia,o__Desulfotomaculales,f__Desulfocucumaceae,TRUE
d__Bacteria,p__Firmicutes_B,c__Desulfotomaculia,o__Desulfotomaculales,f__Desulfofarciminaceae,TRUE
d__Bacteria,p__Firmicutes_B,c__Desulfotomaculia,o__Desulfotomaculales,f__Desulfotomaculaceae,TRUE
d__Bacteria,p__Firmicutes_B,c__Desulfotomaculia,o__Desulfotomaculales,f__Desulfotomaculaceae_A,TRUE
d__Bacteria,p__Firmicutes_B,c__Desulfotomaculia,o__Desulfotomaculales,f__Desulfovirgulaceae,TRUE
d__Bacteria,p__Firmicutes_B,c__Desulfotomaculia,o__Desulfotomaculales,f__Desulfurisporaceae,TRUE
d__Bacteria,p__Firmicutes_B,c__Desulfotomaculia,o__Desulfotomaculales,f__Nap2-2B,TRUE
d__Bacteria,p__Firmicutes_B,c__Desulfotomaculia,o__Desulfotomaculales,f__Pelotomaculaceae,TRUE
d__Bacteria,p__Firmicutes_B,c__Desulfotomaculia,o__Desulfotomaculales,f__VENG01,NA
d__Bacteria,p__Firmicutes,c__Desulfuribacillia,o__Desulfuribacillales,f__Desulfuribacillaceae,NA
d__Bacteria,p__Firmicutes_D,c__Dethiobacteria,o__Dethiobacterales,f__Dethiobacteraceae,TRUE
d__Bacteria,p__Firmicutes_D,c__Dethiobacteria,o__DTU022,f__DTU022,FALSE
d__Bacteria,p__Firmicutes_D,c__Dethiobacteria,o__DTU022,f__JAAZDR01,NA
d__Bacteria,p__Firmicutes_D,c__Dethiobacteria,o__DTU022,f__JAAZDU01,NA
d__Bacteria,p__Firmicutes_D,c__Dethiobacteria,o__DTU022,f__PWGO01,FALSE
d__Bacteria,p__Firmicutes_D,c__Dethiobacteria,o__DTU022,f__UBA8154,FALSE
d__Bacteria,p__Firmicutes_D,c__Dethiobacteria,o__PWVN01,f__PWVN01,FALSE
d__Bacteria,p__Firmicutes_D,c__Dethiobacteria,o__SKNC01,f__SKNC01,FALSE
d__Bacteria,p__Firmicutes_E,c__DTU015,o__CADDZV01,f__CADDZV01,NA
d__Bacteria,p__Firmicutes_E,c__DTU015,o__D8A-2,f__D2,NA
d__Bacteria,p__Firmicutes_E,c__DTU015,o__D8A-2,f__DUSS01,NA
d__Bacteria,p__Firmicutes_E,c__DTU015,o__DUMF01,f__DUMF01,NA
d__Bacteria,p__Firmicutes_E,c__DTU015,o__DUSP01,f__DUSP01,NA
d__Bacteria,p__Firmicutes_E,c__DTU015,o__JABLXB01,f__JABLXB01,NA
d__Bacteria,p__Firmicutes_E,c__DTU015,o__JACIYH01,f__JACIYH01,NA
d__Bacteria,p__Firmicutes_E,c__DTU015,o__UBA3561,f__UBA3561,TRUE
d__Bacteria,p__Firmicutes_E,c__DTU015,o__UBA8153,f__UBA8153,NA
d__Bacteria,p__Firmicutes_E,c__DTU015,o__UBA9673,f__UBA9673,NA
d__Bacteria,p__Firmicutes_E,c__DTU015,o__UBA995,f__UBA995,NA
d__Bacteria,p__Firmicutes_G,c__DTU065,o__DTU065,f__DTU065,NA
d__Bacteria,p__Firmicutes_G,c__DTU084,o__DTU084,f__DTU084,NA
d__Bacteria,p__Firmicutes_C,c__DUMD01,o__DUMD01,f__DUMD01,NA
d__Bacteria,p__Firmicutes_F,c__Halanaerobiia,o__B1SED10-174,f__B1SED10-174,FALSE
d__Bacteria,p__Firmicutes_F,c__Halanaerobiia,o__DY22613,f__DY22613,NA
d__Bacteria,p__Firmicutes_F,c__Halanaerobiia,o__Halanaerobiales,f__CSSED10-376,FALSE
d__Bacteria,p__Firmicutes_F,c__Halanaerobiia,o__Halanaerobiales,f__DTU029,FALSE
d__Bacteria,p__Firmicutes_F,c__Halanaerobiia,o__Halanaerobiales,f__Halanaerobiaceae,FALSE
d__Bacteria,p__Firmicutes_F,c__Halanaerobiia,o__Halanaerobiales,f__Halarsenatibacteraceae,FALSE
d__Bacteria,p__Firmicutes_F,c__Halanaerobiia,o__Halanaerobiales,f__Halothermotrichaceae,FALSE
d__Bacteria,p__Firmicutes_F,c__Halanaerobiia,o__Halobacteroidales,f__Acetohalobiaceae,FALSE
d__Bacteria,p__Firmicutes_F,c__Halanaerobiia,o__Halobacteroidales,f__Halobacteroidaceae,TRUE
d__Bacteria,p__Firmicutes_G,c__Limnochordia,o__DTU010,f__B1SED10-159,NA
d__Bacteria,p__Firmicutes_G,c__Limnochordia,o__DTU010,f__DTU010,TRUE
d__Bacteria,p__Firmicutes_G,c__Limnochordia,o__DTU010,f__DTU012,NA
d__Bacteria,p__Firmicutes_G,c__Limnochordia,o__DTU010,f__JAAYFS01,NA
d__Bacteria,p__Firmicutes_G,c__Limnochordia,o__DTU010,f__SLO01,NA
d__Bacteria,p__Firmicutes_G,c__Limnochordia,o__DTU080,f__DTU080,NA
d__Bacteria,p__Firmicutes_G,c__Limnochordia,o__DTU080,f__JAAYLA01,NA
d__Bacteria,p__Firmicutes_G,c__Limnochordia,o__DTU080,f__RSA5,NA
d__Bacteria,p__Firmicutes_G,c__Limnochordia,o__DTU087,f__DTU087,NA
d__Bacteria,p__Firmicutes_G,c__Limnochordia,o__DTU087,f__JAAYGB01,NA
d__Bacteria,p__Firmicutes_G,c__Limnochordia,o__DUMW01,f__DUMW01,NA
d__Bacteria,p__Firmicutes_G,c__Limnochordia,o__JAAZLZ01,f__JAAZLZ01,NA
d__Bacteria,p__Firmicutes_G,c__Limnochordia,o__Limnochordales,f__DUMU01,NA
d__Bacteria,p__Firmicutes_G,c__Limnochordia,o__Limnochordales,f__Limnochordaceae,NA
d__Bacteria,p__Firmicutes_G,c__Limnochordia,o__Limnochordales_A,f__ZCTH02-B6,NA
d__Bacteria,p__Firmicutes_A,c__Mahellia,o__Mahellales,f__DUOD01,NA
d__Bacteria,p__Firmicutes_A,c__Mahellia,o__Mahellales,f__Mahellaceae,NA
d__Bacteria,p__Firmicutes_A,c__Mahellia_A,o__Caldicoprobacterales,f__Caldicoprobacteraceae,TRUE
d__Bacteria,p__Firmicutes_A,c__Mahellia_A,o__Caldicoprobacterales,f__DTU083,NA
d__Bacteria,p__Firmicutes_A,c__Mahellia_A,o__Caldicoprobacterales,f__UBA3941,NA
d__Bacteria,p__Firmicutes_A,c__Mahellia_A,o__Caldicoprobacterales,f__Xylanivirgaceae,NA
d__Bacteria,p__Firmicutes_B,c__Moorellia,o__Calderihabitantales,f__Calderihabitantaceae,TRUE
d__Bacteria,p__Firmicutes_B,c__Moorellia,o__Desulfitibacterales,f__Desulfitibacteraceae,TRUE
d__Bacteria,p__Firmicutes_B,c__Moorellia,o__DTU086,f__DTU086,TRUE
d__Bacteria,p__Firmicutes_B,c__Moorellia,o__DULZ01,f__DULZ01,NA
d__Bacteria,p__Firmicutes_B,c__Moorellia,o__DULZ01,f__DUOV01,NA
d__Bacteria,p__Firmicutes_B,c__Moorellia,o__Moorellales,f__JACIYF01,NA
d__Bacteria,p__Firmicutes_B,c__Moorellia,o__Moorellales,f__Moorellaceae,TRUE
d__Bacteria,p__Firmicutes_B,c__Moorellia,o__Moorellales,f__SLTJ01,NA
d__Bacteria,p__Firmicutes_B,c__Moorellia,o__PH28-bin88,f__PH28-bin88,NA
d__Bacteria,p__Firmicutes_B,c__Moorellia,o__UBA1874,f__UBA1874,NA
d__Bacteria,p__Firmicutes_D,c__Natranaerobiia,o__Natranaerobiales,f__Natranaerobiaceae,FALSE
d__Bacteria,p__Firmicutes_C,c__Negativicutes,o__Acidaminococcales,f__Acidaminococcaceae,FALSE
d__Bacteria,p__Firmicutes_C,c__Negativicutes,o__Acidaminococcales,f__Succinispiraceae,FALSE
d__Bacteria,p__Firmicutes_C,c__Negativicutes,o__Anaeromusales,f__Anaeromusaceae,FALSE
d__Bacteria,p__Firmicutes_C,c__Negativicutes,o__JAAYSF01,f__JAAYSF01,FALSE
d__Bacteria,p__Firmicutes_C,c__Negativicutes,o__Propionisporales,f__Propionisporaceae,TRUE
d__Bacteria,p__Firmicutes_C,c__Negativicutes,o__Selenomonadales,f__Massilibacillaceae,FALSE
d__Bacteria,p__Firmicutes_C,c__Negativicutes,o__Selenomonadales,f__Selenomonadaceae,FALSE
d__Bacteria,p__Firmicutes_C,c__Negativicutes,o__Selenomonadales_A,f__Dendrosporobacteraceae,NA
d__Bacteria,p__Firmicutes_C,c__Negativicutes,o__Sporomusales,f__Acetonemaceae,TRUE
d__Bacteria,p__Firmicutes_C,c__Negativicutes,o__Sporomusales,f__Sporomusaceae,TRUE
d__Bacteria,p__Firmicutes_C,c__Negativicutes,o__Sporomusales,f__Thermosinaceae,TRUE
d__Bacteria,p__Firmicutes_C,c__Negativicutes,o__Sporomusales,f__UBA7701,NA
d__Bacteria,p__Firmicutes_C,c__Negativicutes,o__Sporomusales,f__UPPP01,FALSE
d__Bacteria,p__Firmicutes_C,c__Negativicutes,o__UBA11029,f__UBA11029,NA
d__Bacteria,p__Firmicutes_C,c__Negativicutes,o__UBA1444,f__UBA1444,FALSE
d__Bacteria,p__Firmicutes_C,c__Negativicutes,o__UMGS1260,f__UMGS1260,NA
d__Bacteria,p__Firmicutes_C,c__Negativicutes,o__Veillonellales,f__Dialisteraceae,FALSE
d__Bacteria,p__Firmicutes_C,c__Negativicutes,o__Veillonellales,f__Megasphaeraceae,FALSE
d__Bacteria,p__Firmicutes_C,c__Negativicutes,o__Veillonellales,f__Negativicoccaceae,FALSE
d__Bacteria,p__Firmicutes_C,c__Negativicutes,o__Veillonellales,f__Veillonellaceae,FALSE
d__Bacteria,p__Firmicutes_B,c__Peptococcia,o__DRI-13,f__DRI-13,TRUE
d__Bacteria,p__Firmicutes_B,c__Peptococcia,o__DRI-13,f__DTU073,TRUE
d__Bacteria,p__Firmicutes_B,c__Peptococcia,o__DRI-13,f__UBA5745,TRUE
d__Bacteria,p__Firmicutes_B,c__Peptococcia,o__Peptococcales,f__BICA1-8,TRUE
d__Bacteria,p__Firmicutes_B,c__Peptococcia,o__Peptococcales,f__Desulfonisporaceae,TRUE
d__Bacteria,p__Firmicutes_B,c__Peptococcia,o__Peptococcales,f__Peptococcaceae,TRUE
d__Bacteria,p__Firmicutes_B,c__Peptococcia,o__Peptococcales,f__SKKY01,NA
d__Bacteria,p__Firmicutes_D,c__Proteinivoracia,o__Proteinivoracales,f__Proteinivoraceae,NA
d__Bacteria,p__Firmicutes_D,c__Proteinivoracia,o__UBA4975,f__PWLI01,NA
d__Bacteria,p__Firmicutes_D,c__Proteinivoracia,o__UBA4975,f__UBA4975,NA
d__Bacteria,p__Firmicutes_D,c__Proteinivoracia,o__UBA4975,f__VEMY01,NA
d__Bacteria,p__Firmicutes_G,c__SHA-98,o__Ch115,f__Ch115,NA
d__Bacteria,p__Firmicutes_G,c__SHA-98,o__Ch115,f__JABLXJ01,NA
d__Bacteria,p__Firmicutes_G,c__SHA-98,o__DTU014,f__DTU014,NA
d__Bacteria,p__Firmicutes_G,c__SHA-98,o__DTUO25,f__DTU025,NA
d__Bacteria,p__Firmicutes_G,c__SHA-98,o__DTUO25,f__HGM14224,NA
d__Bacteria,p__Firmicutes_G,c__SHA-98,o__DTUO25,f__MWDF01,NA
d__Bacteria,p__Firmicutes_G,c__SHA-98,o__UBA4971,f__UBA4971,NA
d__Bacteria,p__Firmicutes_E,c__SLMV01,o__SLMV01,f__PUMD01,NA
d__Bacteria,p__Firmicutes_E,c__SLMV01,o__SLMV01,f__SLMV01,NA
d__Bacteria,p__Firmicutes_E,c__Sulfobacillia,o__Sulfobacillales,f__R501,NA
d__Bacteria,p__Firmicutes_E,c__Sulfobacillia,o__Sulfobacillales,f__Sulfobacillaceae,TRUE
d__Bacteria,p__Firmicutes_E,c__Symbiobacteriia,o__Symbiobacteriales,f__Symbiobacteriaceae,NA
d__Bacteria,p__Firmicutes_E,c__Symbiobacteriia,o__Symbiobacteriales,f__ZC4RG38,NA
d__Bacteria,p__Firmicutes_B,c__Syntrophomonadia,o__Ch66,f__Ch109,FALSE
d__Bacteria,p__Firmicutes_B,c__Syntrophomonadia,o__Ch66,f__Ch66,NA
d__Bacteria,p__Firmicutes_B,c__Syntrophomonadia,o__Syntrophomonadales,f__DTU052,FALSE
d__Bacteria,p__Firmicutes_B,c__Syntrophomonadia,o__Syntrophomonadales,f__Syntrophomonadaceae,TRUE
d__Bacteria,p__Firmicutes_B,c__Syntrophomonadia,o__Syntrophomonadales,f__Syntrophothermaceae,FALSE
d__Bacteria,p__Firmicutes_B,c__Syntrophomonadia,o__Thermacetogeniales,f__Thermacetogeniaceae,TRUE
d__Bacteria,p__Firmicutes_B,c__TC1,o__TC1,f__TC1,NA
d__Bacteria,p__Firmicutes_B,c__TC1,o__TC1,f__UBA5767,TRUE
d__Bacteria,p__Firmicutes_E,c__Thermaerobacteria,o__Thermaerobacterales,f__RSA17,NA
d__Bacteria,p__Firmicutes_E,c__Thermaerobacteria,o__Thermaerobacterales,f__Thermaerobacteraceae,TRUE
d__Bacteria,p__Firmicutes_B,c__Thermincolia,o__Carboxydocellales,f__Carboxydocellaceae,NA
d__Bacteria,p__Firmicutes_B,c__Thermincolia,o__Thermincolales,f__Thermincolaceae,TRUE
d__Bacteria,p__Firmicutes_B,c__Thermincolia,o__Thermincolales,f__UBA2595,NA
d__Bacteria,p__Firmicutes_A,c__Thermoanaerobacteria,o__Caldanaerobiales,f__Caldanaerobiaceae,TRUE
d__Bacteria,p__Firmicutes_A,c__Thermoanaerobacteria,o__Caldanaerobiales,f__UBA4877,TRUE
d__Bacteria,p__Firmicutes_A,c__Thermoanaerobacteria,o__Caldicellulosiruptorales,f__Caldicellulosiruptoraceae,TRUE
d__Bacteria,p__Firmicutes_A,c__Thermoanaerobacteria,o__Thermoanaerobacterales,f__Thermoanaerobacteraceae,TRUE
d__Bacteria,p__Firmicutes_A,c__Thermosediminibacteria,o__Thermosediminibacterales,f__Tepidanaerobacteraceae,TRUE
d__Bacteria,p__Firmicutes_A,c__Thermosediminibacteria,o__Thermosediminibacterales,f__Thermosediminibacteraceae,NA
d__Bacteria,p__Firmicutes_A,c__Thermosediminibacteria,o__UBA3567,f__Ch38,NA
d__Bacteria,p__Firmicutes_A,c__Thermosediminibacteria,o__UBA3567,f__UBA3567,TRUE
d__Bacteria,p__Firmicutes_E,c__UBA3569,o__UBA3569,f__UBA3569,TRUE
d__Bacteria,p__Firmicutes_E,c__UBA3569,o__UBA3575,f__DUQP01,NA
d__Bacteria,p__Firmicutes_E,c__UBA3569,o__UBA3575,f__UBA3575,TRUE
d__Bacteria,p__Firmicutes_G,c__UBA4882,o__JAAYXC01,f__JAAYXC01,NA
d__Bacteria,p__Firmicutes_G,c__UBA4882,o__UBA10575,f__UBA10575,NA
d__Bacteria,p__Firmicutes_G,c__UBA4882,o__UBA10575,f__UBA3943,NA
d__Bacteria,p__Firmicutes_G,c__UBA4882,o__UBA4882,f__UBA4882,NA
d__Bacteria,p__Firmicutes_G,c__UBA4882,o__UBA8346,f__UBA8346,NA
d__Bacteria,p__Firmicutes_G,c__UBA5301,o__UBA5301,f__UBA5301,NA
d__Bacteria,p__Firmicutes_G,c__UBA5435,o__UBA5435,f__UBA5435,NA
d__Bacteria,p__Firmicutes_H,c__UBA994,o__JAAYKD01,f__JAAYKD01,NA
d__Bacteria,p__Firmicutes_H,c__UBA994,o__JAAYKD01,f__WRDA01,NA
d__Bacteria,p__Firmicutes_H,c__UBA994,o__PWPR01,f__PWPR01,NA
d__Bacteria,p__Firmicutes_H,c__UBA994,o__UBA994,f__UBA5500,NA
d__Bacteria,p__Firmicutes_H,c__UBA994,o__UBA994,f__UBA994,NA
